edge_id,source_node,target_node,content_id,timestamp,edge_weight,governance_tag
edge_760800_1409_1,760800,1409,humaid_irma_2017_001928,2026-09-27T00:00:15.065527+00:00,1.0,SEMI_SYNTHETIC
edge_805667_7912_2,805667,7912,crisislex_california_fire_81729,2026-09-27T00:01:21.318370+00:00,1.0,SEMI_SYNTHETIC
edge_107251_9935_3,107251,9935,ff_face2face_mayoral_evac_0091,2026-09-27T00:01:07.842588+00:00,1.0,SEMI_SYNTHETIC
edge_572275_3286_4,572275,3286,crisismmd_harvey_img_49102,2026-09-27T00:00:02.133986+00:00,1.0,SEMI_SYNTHETIC
edge_748797_107251_5,748797,107251,ff_face2face_mayoral_evac_0091,2026-09-27T00:01:31.238622+00:00,1.0,SEMI_SYNTHETIC
edge_408591_5012_6,408591,5012,dfdc_syn_bridge_collapse_84920,2026-09-27T00:00:11.822957+00:00,1.0,SEMI_SYNTHETIC
edge_648720_572275_7,648720,572275,crisismmd_harvey_img_49102,2026-09-27T00:00:02.624356+00:00,1.0,SEMI_SYNTHETIC
edge_980342_805667_8,980342,805667,crisislex_california_fire_81729,2026-09-27T00:03:35.269926+00:00,1.0,SEMI_SYNTHETIC
edge_871722_7912_9,871722,7912,crisislex_california_fire_81729,2026-09-27T00:04:22.604506+00:00,1.0,SEMI_SYNTHETIC
edge_339963_648720_10,339963,648720,crisismmd_harvey_img_49102,2026-09-27T00:00:03.687151+00:00,1.0,SEMI_SYNTHETIC
edge_287746_107251_11,287746,107251,ff_face2face_mayoral_evac_0091,2026-09-27T00:02:48.496045+00:00,1.0,SEMI_SYNTHETIC
edge_389580_871722_12,389580,871722,crisislex_california_fire_81729,2026-09-27T00:06:04.230645+00:00,1.0,SEMI_SYNTHETIC
edge_170265_5012_13,170265,5012,dfdc_syn_bridge_collapse_84920,2026-09-27T00:00:19.956325+00:00,1.0,SEMI_SYNTHETIC
edge_590099_287746_14,590099,287746,ff_face2face_mayoral_evac_0091,2026-09-27T00:04:39.885580+00:00,1.0,SEMI_SYNTHETIC
edge_126970_760800_15,126970,760800,humaid_irma_2017_001928,2026-09-27T00:02:20.713707+00:00,1.0,SEMI_SYNTHETIC
edge_534902_170265_16,534902,170265,dfdc_syn_bridge_collapse_84920,2026-09-27T00:00:27.308457+00:00,1.0,SEMI_SYNTHETIC
edge_648551_980342_17,648551,980342,crisislex_california_fire_81729,2026-09-27T00:08:49.377378+00:00,1.0,SEMI_SYNTHETIC
edge_522340_3286_18,522340,3286,crisismmd_harvey_img_49102,2026-09-27T00:00:05.617177+00:00,1.0,SEMI_SYNTHETIC
edge_70738_648720_19,70738,648720,crisismmd_harvey_img_49102,2026-09-27T00:00:07.826110+00:00,1.0,SEMI_SYNTHETIC
edge_807549_871722_20,807549,871722,crisislex_california_fire_81729,2026-09-27T00:11:40.358784+00:00,1.0,SEMI_SYNTHETIC
edge_563306_408591_21,563306,408591,dfdc_syn_bridge_collapse_84920,2026-09-27T00:00:30.105938+00:00,1.0,SEMI_SYNTHETIC
edge_428373_107251_22,428373,107251,ff_face2face_mayoral_evac_0091,2026-09-27T00:07:33.827274+00:00,1.0,SEMI_SYNTHETIC
edge_245612_3286_23,245612,3286,crisismmd_harvey_img_49102,2026-09-27T00:00:08.977550+00:00,1.0,SEMI_SYNTHETIC
edge_84441_1409_24,84441,1409,humaid_irma_2017_001928,2026-09-27T00:04:10.726189+00:00,1.0,SEMI_SYNTHETIC
edge_549131_126970_25,549131,126970,humaid_irma_2017_001928,2026-09-27T00:04:59.646292+00:00,1.0,SEMI_SYNTHETIC
edge_505631_590099_26,505631,590099,ff_face2face_mayoral_evac_0091,2026-09-27T00:08:20.247531+00:00,1.0,SEMI_SYNTHETIC
edge_461989_9935_27,461989,9935,ff_face2face_mayoral_evac_0091,2026-09-27T00:10:47.522021+00:00,1.0,SEMI_SYNTHETIC
edge_432179_107251_28,432179,107251,ff_face2face_mayoral_evac_0091,2026-09-27T00:12:16.916215+00:00,1.0,SEMI_SYNTHETIC
edge_452374_84441_29,452374,84441,humaid_irma_2017_001928,2026-09-27T00:05:51.917869+00:00,1.0,SEMI_SYNTHETIC
edge_112664_461989_30,112664,461989,ff_face2face_mayoral_evac_0091,2026-09-27T00:13:09.383311+00:00,1.0,SEMI_SYNTHETIC
edge_257861_807549_31,257861,807549,crisislex_california_fire_81729,2026-09-27T00:14:12.483473+00:00,1.0,SEMI_SYNTHETIC
edge_407382_9935_32,407382,9935,ff_face2face_mayoral_evac_0091,2026-09-27T00:14:41.214242+00:00,1.0,SEMI_SYNTHETIC
edge_453555_461989_33,453555,461989,ff_face2face_mayoral_evac_0091,2026-09-27T00:15:36.298762+00:00,1.0,SEMI_SYNTHETIC
edge_238275_871722_34,238275,871722,crisislex_california_fire_81729,2026-09-27T00:16:15.001596+00:00,1.0,SEMI_SYNTHETIC
edge_62578_648551_35,62578,648551,crisislex_california_fire_81729,2026-09-27T00:18:30.076916+00:00,1.0,SEMI_SYNTHETIC
edge_94002_7912_36,94002,7912,crisislex_california_fire_81729,2026-09-27T00:21:16.372728+00:00,1.0,SEMI_SYNTHETIC
edge_135710_760800_37,135710,760800,humaid_irma_2017_001928,2026-09-27T00:07:43.073837+00:00,1.0,SEMI_SYNTHETIC
edge_449589_62578_38,449589,62578,crisislex_california_fire_81729,2026-09-27T00:22:08.229337+00:00,1.0,SEMI_SYNTHETIC
edge_760981_871722_39,760981,871722,crisislex_california_fire_81729,2026-09-27T00:23:47.102399+00:00,1.0,SEMI_SYNTHETIC
edge_341535_648720_40,341535,648720,crisismmd_harvey_img_49102,2026-09-27T00:00:10.027436+00:00,1.0,SEMI_SYNTHETIC
edge_86819_549131_41,86819,549131,humaid_irma_2017_001928,2026-09-27T00:07:54.657465+00:00,1.0,SEMI_SYNTHETIC
edge_397477_805667_42,397477,805667,crisislex_california_fire_81729,2026-09-27T00:24:42.186470+00:00,1.0,SEMI_SYNTHETIC
edge_564634_112664_43,564634,112664,ff_face2face_mayoral_evac_0091,2026-09-27T00:18:08.035404+00:00,1.0,SEMI_SYNTHETIC
edge_131035_980342_44,131035,980342,crisislex_california_fire_81729,2026-09-27T00:25:43.080858+00:00,1.0,SEMI_SYNTHETIC
edge_369536_871722_45,369536,871722,crisislex_california_fire_81729,2026-09-27T00:26:19.507003+00:00,1.0,SEMI_SYNTHETIC
edge_675095_3286_46,675095,3286,crisismmd_harvey_img_49102,2026-09-27T00:00:11.340418+00:00,1.0,SEMI_SYNTHETIC
edge_179430_648720_47,179430,648720,crisismmd_harvey_img_49102,2026-09-27T00:00:11.546226+00:00,1.0,SEMI_SYNTHETIC
edge_936004_871722_48,936004,871722,crisislex_california_fire_81729,2026-09-27T00:28:29.470469+00:00,1.0,SEMI_SYNTHETIC
edge_165287_563306_49,165287,563306,dfdc_syn_bridge_collapse_84920,2026-09-27T00:00:38.744202+00:00,1.0,SEMI_SYNTHETIC
edge_230281_1409_50,230281,1409,humaid_irma_2017_001928,2026-09-27T00:08:57.061384+00:00,1.0,SEMI_SYNTHETIC
edge_980733_135710_51,980733,135710,humaid_irma_2017_001928,2026-09-27T00:10:07.186752+00:00,1.0,SEMI_SYNTHETIC
edge_198073_534902_52,198073,534902,dfdc_syn_bridge_collapse_84920,2026-09-27T00:00:53.411086+00:00,1.0,SEMI_SYNTHETIC
edge_176931_339963_53,176931,339963,crisismmd_harvey_img_49102,2026-09-27T00:00:13.523954+00:00,1.0,SEMI_SYNTHETIC
edge_219267_86819_54,219267,86819,humaid_irma_2017_001928,2026-09-27T00:11:22.218845+00:00,1.0,SEMI_SYNTHETIC
edge_34813_287746_55,34813,287746,ff_face2face_mayoral_evac_0091,2026-09-27T00:19:17.477336+00:00,1.0,SEMI_SYNTHETIC
edge_378203_564634_56,378203,564634,ff_face2face_mayoral_evac_0091,2026-09-27T00:20:23.281868+00:00,1.0,SEMI_SYNTHETIC
edge_130944_428373_57,130944,428373,ff_face2face_mayoral_evac_0091,2026-09-27T00:22:28.799948+00:00,1.0,SEMI_SYNTHETIC
edge_123668_522340_58,123668,522340,crisismmd_harvey_img_49102,2026-09-27T00:00:14.052517+00:00,1.0,SEMI_SYNTHETIC
edge_131263_179430_59,131263,179430,crisismmd_harvey_img_49102,2026-09-27T00:00:15.901025+00:00,1.0,SEMI_SYNTHETIC
edge_555175_397477_60,555175,397477,crisislex_california_fire_81729,2026-09-27T00:29:11.783861+00:00,1.0,SEMI_SYNTHETIC
edge_462248_807549_61,462248,807549,crisislex_california_fire_81729,2026-09-27T00:31:18.549576+00:00,1.0,SEMI_SYNTHETIC
edge_953767_572275_62,953767,572275,crisismmd_harvey_img_49102,2026-09-27T00:00:17.496598+00:00,1.0,SEMI_SYNTHETIC
edge_591343_123668_63,591343,123668,crisismmd_harvey_img_49102,2026-09-27T00:00:19.197141+00:00,1.0,SEMI_SYNTHETIC
edge_435800_428373_64,435800,428373,ff_face2face_mayoral_evac_0091,2026-09-27T00:24:31.837952+00:00,1.0,SEMI_SYNTHETIC
edge_696508_980733_65,696508,980733,humaid_irma_2017_001928,2026-09-27T00:12:23.877586+00:00,1.0,SEMI_SYNTHETIC
edge_700855_130944_66,700855,130944,ff_face2face_mayoral_evac_0091,2026-09-27T00:25:57.005118+00:00,1.0,SEMI_SYNTHETIC
edge_715477_980342_67,715477,980342,crisislex_california_fire_81729,2026-09-27T00:33:21.404728+00:00,1.0,SEMI_SYNTHETIC
edge_901014_534902_68,901014,534902,dfdc_syn_bridge_collapse_84920,2026-09-27T00:00:56.474041+00:00,1.0,SEMI_SYNTHETIC
edge_528392_505631_69,528392,505631,ff_face2face_mayoral_evac_0091,2026-09-27T00:27:17.460090+00:00,1.0,SEMI_SYNTHETIC
edge_239471_408591_70,239471,408591,dfdc_syn_bridge_collapse_84920,2026-09-27T00:01:06.658853+00:00,1.0,SEMI_SYNTHETIC
edge_149816_871722_71,149816,871722,crisislex_california_fire_81729,2026-09-27T00:34:50.378208+00:00,1.0,SEMI_SYNTHETIC
edge_864596_131035_72,864596,131035,crisislex_california_fire_81729,2026-09-27T00:37:48.319925+00:00,1.0,SEMI_SYNTHETIC
edge_789779_131035_73,789779,131035,crisislex_california_fire_81729,2026-09-27T00:39:10.865854+00:00,1.0,SEMI_SYNTHETIC
edge_518136_432179_74,518136,432179,ff_face2face_mayoral_evac_0091,2026-09-27T00:28:11.522653+00:00,1.0,SEMI_SYNTHETIC
edge_362161_339963_75,362161,339963,crisismmd_harvey_img_49102,2026-09-27T00:00:20.352835+00:00,1.0,SEMI_SYNTHETIC
edge_170227_760981_76,170227,760981,crisislex_california_fire_81729,2026-09-27T00:39:34.564056+00:00,1.0,SEMI_SYNTHETIC
edge_75290_86819_77,75290,86819,humaid_irma_2017_001928,2026-09-27T00:13:44.405128+00:00,1.0,SEMI_SYNTHETIC
edge_408858_9935_78,408858,9935,ff_face2face_mayoral_evac_0091,2026-09-27T00:29:27.733711+00:00,1.0,SEMI_SYNTHETIC
edge_521945_953767_79,521945,953767,crisismmd_harvey_img_49102,2026-09-27T00:00:21.169505+00:00,1.0,SEMI_SYNTHETIC
edge_891334_564634_80,891334,564634,ff_face2face_mayoral_evac_0091,2026-09-27T00:31:00.292850+00:00,1.0,SEMI_SYNTHETIC
edge_98025_198073_81,98025,198073,dfdc_syn_bridge_collapse_84920,2026-09-27T00:01:21.388961+00:00,1.0,SEMI_SYNTHETIC
edge_353254_563306_82,353254,563306,dfdc_syn_bridge_collapse_84920,2026-09-27T00:01:34.524880+00:00,1.0,SEMI_SYNTHETIC
edge_274525_675095_83,274525,675095,crisismmd_harvey_img_49102,2026-09-27T00:00:22.079506+00:00,1.0,SEMI_SYNTHETIC
edge_691725_453555_84,691725,453555,ff_face2face_mayoral_evac_0091,2026-09-27T00:31:13.588009+00:00,1.0,SEMI_SYNTHETIC
edge_661517_84441_85,661517,84441,humaid_irma_2017_001928,2026-09-27T00:16:02.624773+00:00,1.0,SEMI_SYNTHETIC
edge_743442_534902_86,743442,534902,dfdc_syn_bridge_collapse_84920,2026-09-27T00:01:42.154735+00:00,1.0,SEMI_SYNTHETIC
edge_336147_339963_87,336147,339963,crisismmd_harvey_img_49102,2026-09-27T00:00:22.582200+00:00,1.0,SEMI_SYNTHETIC
edge_997203_135710_88,997203,135710,humaid_irma_2017_001928,2026-09-27T00:18:50.535592+00:00,1.0,SEMI_SYNTHETIC
edge_741059_84441_89,741059,84441,humaid_irma_2017_001928,2026-09-27T00:20:41.192228+00:00,1.0,SEMI_SYNTHETIC
edge_374069_462248_90,374069,462248,crisislex_california_fire_81729,2026-09-27T00:42:01.503810+00:00,1.0,SEMI_SYNTHETIC
edge_872276_3286_91,872276,3286,crisismmd_harvey_img_49102,2026-09-27T00:00:22.847696+00:00,1.0,SEMI_SYNTHETIC
edge_170422_378203_92,170422,378203,ff_face2face_mayoral_evac_0091,2026-09-27T00:34:06.921895+00:00,1.0,SEMI_SYNTHETIC
edge_516983_555175_93,516983,555175,crisislex_california_fire_81729,2026-09-27T00:44:55.634344+00:00,1.0,SEMI_SYNTHETIC
edge_934457_980342_94,934457,980342,crisislex_california_fire_81729,2026-09-27T00:45:51.261585+00:00,1.0,SEMI_SYNTHETIC
edge_528317_407382_95,528317,407382,ff_face2face_mayoral_evac_0091,2026-09-27T00:35:53.796335+00:00,1.0,SEMI_SYNTHETIC
edge_303243_563306_96,303243,563306,dfdc_syn_bridge_collapse_84920,2026-09-27T00:01:49.980434+00:00,1.0,SEMI_SYNTHETIC
edge_263080_245612_97,263080,245612,crisismmd_harvey_img_49102,2026-09-27T00:00:24.281594+00:00,1.0,SEMI_SYNTHETIC
edge_756420_130944_98,756420,130944,ff_face2face_mayoral_evac_0091,2026-09-27T00:37:38.176291+00:00,1.0,SEMI_SYNTHETIC
edge_706212_86819_99,706212,86819,humaid_irma_2017_001928,2026-09-27T00:21:07.011298+00:00,1.0,SEMI_SYNTHETIC
edge_356859_170422_100,356859,170422,ff_face2face_mayoral_evac_0091,2026-09-27T00:39:22.266693+00:00,1.0,SEMI_SYNTHETIC
edge_211939_287746_101,211939,287746,ff_face2face_mayoral_evac_0091,2026-09-27T00:40:18.322486+00:00,1.0,SEMI_SYNTHETIC
edge_784483_807549_102,784483,807549,crisislex_california_fire_81729,2026-09-27T00:48:42.910770+00:00,1.0,SEMI_SYNTHETIC
edge_883074_62578_103,883074,62578,crisislex_california_fire_81729,2026-09-27T00:51:38.933964+00:00,1.0,SEMI_SYNTHETIC
edge_142731_743442_104,142731,743442,dfdc_syn_bridge_collapse_84920,2026-09-27T00:01:56.032769+00:00,1.0,SEMI_SYNTHETIC
edge_117570_549131_105,117570,549131,humaid_irma_2017_001928,2026-09-27T00:22:51.082322+00:00,1.0,SEMI_SYNTHETIC
edge_63872_94002_106,63872,94002,crisislex_california_fire_81729,2026-09-27T00:52:37.271650+00:00,1.0,SEMI_SYNTHETIC
edge_615050_130944_107,615050,130944,ff_face2face_mayoral_evac_0091,2026-09-27T00:40:47.717300+00:00,1.0,SEMI_SYNTHETIC
edge_270247_980733_108,270247,980733,humaid_irma_2017_001928,2026-09-27T00:23:26.875913+00:00,1.0,SEMI_SYNTHETIC
edge_557957_461989_109,557957,461989,ff_face2face_mayoral_evac_0091,2026-09-27T00:42:40.791301+00:00,1.0,SEMI_SYNTHETIC
edge_606251_34813_110,606251,34813,ff_face2face_mayoral_evac_0091,2026-09-27T00:43:41.341334+00:00,1.0,SEMI_SYNTHETIC
edge_665900_374069_111,665900,374069,crisislex_california_fire_81729,2026-09-27T00:55:30.490142+00:00,1.0,SEMI_SYNTHETIC
edge_12805_126970_112,12805,126970,humaid_irma_2017_001928,2026-09-27T00:24:03.575619+00:00,1.0,SEMI_SYNTHETIC
edge_306451_62578_113,306451,62578,crisislex_california_fire_81729,2026-09-27T00:57:00.375263+00:00,1.0,SEMI_SYNTHETIC
edge_839683_432179_114,839683,432179,ff_face2face_mayoral_evac_0091,2026-09-27T00:44:03.441893+00:00,1.0,SEMI_SYNTHETIC
edge_962538_353254_115,962538,353254,dfdc_syn_bridge_collapse_84920,2026-09-27T00:02:02.984715+00:00,1.0,SEMI_SYNTHETIC
edge_795339_563306_116,795339,563306,dfdc_syn_bridge_collapse_84920,2026-09-27T00:02:04.984453+00:00,1.0,SEMI_SYNTHETIC
edge_998467_179430_117,998467,179430,crisismmd_harvey_img_49102,2026-09-27T00:00:25.435562+00:00,1.0,SEMI_SYNTHETIC
edge_780214_980342_118,780214,980342,crisislex_california_fire_81729,2026-09-27T00:58:34.320450+00:00,1.0,SEMI_SYNTHETIC
edge_625643_998467_119,625643,998467,crisismmd_harvey_img_49102,2026-09-27T00:00:25.597638+00:00,1.0,SEMI_SYNTHETIC
edge_554173_70738_120,554173,70738,crisismmd_harvey_img_49102,2026-09-27T00:00:27.080631+00:00,1.0,SEMI_SYNTHETIC
edge_105674_263080_121,105674,263080,crisismmd_harvey_img_49102,2026-09-27T00:00:27.616205+00:00,1.0,SEMI_SYNTHETIC
edge_441641_407382_122,441641,407382,ff_face2face_mayoral_evac_0091,2026-09-27T00:45:10.104320+00:00,1.0,SEMI_SYNTHETIC
edge_48479_105674_123,48479,105674,crisismmd_harvey_img_49102,2026-09-27T00:00:29.306405+00:00,1.0,SEMI_SYNTHETIC
edge_916924_105674_124,916924,105674,crisismmd_harvey_img_49102,2026-09-27T00:00:30.012162+00:00,1.0,SEMI_SYNTHETIC
edge_206694_661517_125,206694,661517,humaid_irma_2017_001928,2026-09-27T00:26:05.377885+00:00,1.0,SEMI_SYNTHETIC
edge_290028_871722_126,290028,871722,crisislex_california_fire_81729,2026-09-27T01:00:52.915786+00:00,1.0,SEMI_SYNTHETIC
edge_670626_339963_127,670626,339963,crisismmd_harvey_img_49102,2026-09-27T00:00:31.163641+00:00,1.0,SEMI_SYNTHETIC
edge_107736_5012_128,107736,5012,dfdc_syn_bridge_collapse_84920,2026-09-27T00:02:15.921413+00:00,1.0,SEMI_SYNTHETIC
edge_987957_549131_129,987957,549131,humaid_irma_2017_001928,2026-09-27T00:27:33.824027+00:00,1.0,SEMI_SYNTHETIC
edge_265570_665900_130,265570,665900,crisislex_california_fire_81729,2026-09-27T01:03:02.835763+00:00,1.0,SEMI_SYNTHETIC
edge_915997_107736_131,915997,107736,dfdc_syn_bridge_collapse_84920,2026-09-27T00:02:22.291617+00:00,1.0,SEMI_SYNTHETIC
edge_306578_700855_132,306578,700855,ff_face2face_mayoral_evac_0091,2026-09-27T00:46:17.883111+00:00,1.0,SEMI_SYNTHETIC
edge_574742_62578_133,574742,62578,crisislex_california_fire_81729,2026-09-27T01:04:51.422738+00:00,1.0,SEMI_SYNTHETIC
edge_921843_591343_134,921843,591343,crisismmd_harvey_img_49102,2026-09-27T00:00:32.588243+00:00,1.0,SEMI_SYNTHETIC
edge_343632_142731_135,343632,142731,dfdc_syn_bridge_collapse_84920,2026-09-27T00:02:31.296784+00:00,1.0,SEMI_SYNTHETIC
edge_48817_112664_136,48817,112664,ff_face2face_mayoral_evac_0091,2026-09-27T00:47:33.516499+00:00,1.0,SEMI_SYNTHETIC
edge_561499_883074_137,561499,883074,crisislex_california_fire_81729,2026-09-27T01:05:57.861838+00:00,1.0,SEMI_SYNTHETIC
edge_88463_206694_138,88463,206694,humaid_irma_2017_001928,2026-09-27T00:29:46.639478+00:00,1.0,SEMI_SYNTHETIC
edge_903140_263080_139,903140,263080,crisismmd_harvey_img_49102,2026-09-27T00:00:33.500790+00:00,1.0,SEMI_SYNTHETIC
edge_47642_306451_140,47642,306451,crisislex_california_fire_81729,2026-09-27T01:07:12.463436+00:00,1.0,SEMI_SYNTHETIC
edge_465052_901014_141,465052,901014,dfdc_syn_bridge_collapse_84920,2026-09-27T00:02:41.133038+00:00,1.0,SEMI_SYNTHETIC
edge_350131_1409_142,350131,1409,humaid_irma_2017_001928,2026-09-27T00:31:12.064832+00:00,1.0,SEMI_SYNTHETIC
edge_442067_341535_143,442067,341535,crisismmd_harvey_img_49102,2026-09-27T00:00:34.461102+00:00,1.0,SEMI_SYNTHETIC
edge_726318_303243_144,726318,303243,dfdc_syn_bridge_collapse_84920,2026-09-27T00:02:44.512809+00:00,1.0,SEMI_SYNTHETIC
edge_277729_936004_145,277729,936004,crisislex_california_fire_81729,2026-09-27T01:07:46.793448+00:00,1.0,SEMI_SYNTHETIC
edge_473187_407382_146,473187,407382,ff_face2face_mayoral_evac_0091,2026-09-27T00:50:16.722101+00:00,1.0,SEMI_SYNTHETIC
edge_896365_936004_147,896365,936004,crisislex_california_fire_81729,2026-09-27T01:08:47.649670+00:00,1.0,SEMI_SYNTHETIC
edge_612733_528317_148,612733,528317,ff_face2face_mayoral_evac_0091,2026-09-27T00:52:51.789129+00:00,1.0,SEMI_SYNTHETIC
edge_18491_131263_149,18491,131263,crisismmd_harvey_img_49102,2026-09-27T00:00:34.613757+00:00,1.0,SEMI_SYNTHETIC
edge_646553_980733_150,646553,980733,humaid_irma_2017_001928,2026-09-27T00:33:56.869714+00:00,1.0,SEMI_SYNTHETIC
edge_111883_563306_151,111883,563306,dfdc_syn_bridge_collapse_84920,2026-09-27T00:02:54.425459+00:00,1.0,SEMI_SYNTHETIC
edge_777934_270247_152,777934,270247,humaid_irma_2017_001928,2026-09-27T00:34:59.388304+00:00,1.0,SEMI_SYNTHETIC
edge_834718_131263_153,834718,131263,crisismmd_harvey_img_49102,2026-09-27T00:00:35.497883+00:00,1.0,SEMI_SYNTHETIC
edge_968449_176931_154,968449,176931,crisismmd_harvey_img_49102,2026-09-27T00:00:36.871929+00:00,1.0,SEMI_SYNTHETIC
edge_501081_891334_155,501081,891334,ff_face2face_mayoral_evac_0091,2026-09-27T00:55:46.244422+00:00,1.0,SEMI_SYNTHETIC
edge_426716_111883_156,426716,111883,dfdc_syn_bridge_collapse_84920,2026-09-27T00:03:05.983580+00:00,1.0,SEMI_SYNTHETIC
edge_572636_7912_157,572636,7912,crisislex_california_fire_81729,2026-09-27T01:09:59.831428+00:00,1.0,SEMI_SYNTHETIC
edge_123609_105674_158,123609,105674,crisismmd_harvey_img_49102,2026-09-27T00:00:38.586717+00:00,1.0,SEMI_SYNTHETIC
edge_969715_473187_159,969715,473187,ff_face2face_mayoral_evac_0091,2026-09-27T00:56:00.498612+00:00,1.0,SEMI_SYNTHETIC
edge_690776_88463_160,690776,88463,humaid_irma_2017_001928,2026-09-27T00:36:57.406971+00:00,1.0,SEMI_SYNTHETIC
edge_111913_795339_161,111913,795339,dfdc_syn_bridge_collapse_84920,2026-09-27T00:03:07.618435+00:00,1.0,SEMI_SYNTHETIC
edge_625870_265570_162,625870,265570,crisislex_california_fire_81729,2026-09-27T01:10:32.894316+00:00,1.0,SEMI_SYNTHETIC
edge_437940_795339_163,437940,795339,dfdc_syn_bridge_collapse_84920,2026-09-27T00:03:21.014228+00:00,1.0,SEMI_SYNTHETIC
edge_257582_921843_164,257582,921843,crisismmd_harvey_img_49102,2026-09-27T00:00:38.765236+00:00,1.0,SEMI_SYNTHETIC
edge_73491_206694_165,73491,206694,humaid_irma_2017_001928,2026-09-27T00:39:54.164683+00:00,1.0,SEMI_SYNTHETIC
edge_704963_962538_166,704963,962538,dfdc_syn_bridge_collapse_84920,2026-09-27T00:03:35.569124+00:00,1.0,SEMI_SYNTHETIC
edge_142040_864596_167,142040,864596,crisislex_california_fire_81729,2026-09-27T01:13:27.980179+00:00,1.0,SEMI_SYNTHETIC
edge_236441_198073_168,236441,198073,dfdc_syn_bridge_collapse_84920,2026-09-27T00:03:37.529666+00:00,1.0,SEMI_SYNTHETIC
edge_300743_465052_169,300743,465052,dfdc_syn_bridge_collapse_84920,2026-09-27T00:03:43.129500+00:00,1.0,SEMI_SYNTHETIC
edge_125266_704963_170,125266,704963,dfdc_syn_bridge_collapse_84920,2026-09-27T00:03:57.954882+00:00,1.0,SEMI_SYNTHETIC
edge_627457_777934_171,627457,777934,humaid_irma_2017_001928,2026-09-27T00:40:26.571232+00:00,1.0,SEMI_SYNTHETIC
edge_129169_142731_172,129169,142731,dfdc_syn_bridge_collapse_84920,2026-09-27T00:04:02.670027+00:00,1.0,SEMI_SYNTHETIC
edge_483962_501081_173,483962,501081,ff_face2face_mayoral_evac_0091,2026-09-27T00:57:26.705398+00:00,1.0,SEMI_SYNTHETIC
edge_326282_142040_174,326282,142040,crisislex_california_fire_81729,2026-09-27T01:13:45.352235+00:00,1.0,SEMI_SYNTHETIC
edge_729425_75290_175,729425,75290,humaid_irma_2017_001928,2026-09-27T00:40:46.911551+00:00,1.0,SEMI_SYNTHETIC
edge_78872_969715_176,78872,969715,ff_face2face_mayoral_evac_0091,2026-09-27T00:57:49.198820+00:00,1.0,SEMI_SYNTHETIC
edge_636410_149816_177,636410,149816,crisislex_california_fire_81729,2026-09-27T01:15:42.975278+00:00,1.0,SEMI_SYNTHETIC
edge_765855_461989_178,765855,461989,ff_face2face_mayoral_evac_0091,2026-09-27T00:59:25.142503+00:00,1.0,SEMI_SYNTHETIC
edge_428098_891334_179,428098,891334,ff_face2face_mayoral_evac_0091,2026-09-27T01:00:51.906839+00:00,1.0,SEMI_SYNTHETIC
edge_170053_230281_180,170053,230281,humaid_irma_2017_001928,2026-09-27T00:41:50.044770+00:00,1.0,SEMI_SYNTHETIC
edge_111255_428373_181,111255,428373,ff_face2face_mayoral_evac_0091,2026-09-27T01:01:13.319501+00:00,1.0,SEMI_SYNTHETIC
edge_355658_257582_182,355658,257582,crisismmd_harvey_img_49102,2026-09-27T00:00:40.813482+00:00,1.0,SEMI_SYNTHETIC
edge_311601_211939_183,311601,211939,ff_face2face_mayoral_evac_0091,2026-09-27T01:02:23.431175+00:00,1.0,SEMI_SYNTHETIC
edge_245137_179430_184,245137,179430,crisismmd_harvey_img_49102,2026-09-27T00:00:41.162123+00:00,1.0,SEMI_SYNTHETIC
edge_247144_274525_185,247144,274525,crisismmd_harvey_img_49102,2026-09-27T00:00:43.291019+00:00,1.0,SEMI_SYNTHETIC
edge_683918_896365_186,683918,896365,crisislex_california_fire_81729,2026-09-27T01:18:38.648200+00:00,1.0,SEMI_SYNTHETIC
edge_199179_555175_187,199179,555175,crisislex_california_fire_81729,2026-09-27T01:21:26.592529+00:00,1.0,SEMI_SYNTHETIC
edge_603830_123668_188,603830,123668,crisismmd_harvey_img_49102,2026-09-27T00:00:45.602709+00:00,1.0,SEMI_SYNTHETIC
edge_792354_1409_189,792354,1409,humaid_irma_2017_001928,2026-09-27T00:42:24.163461+00:00,1.0,SEMI_SYNTHETIC
edge_766648_170422_190,766648,170422,ff_face2face_mayoral_evac_0091,2026-09-27T01:03:44.802699+00:00,1.0,SEMI_SYNTHETIC
edge_801083_62578_191,801083,62578,crisislex_california_fire_81729,2026-09-27T01:23:17.950570+00:00,1.0,SEMI_SYNTHETIC
edge_444303_792354_192,444303,792354,humaid_irma_2017_001928,2026-09-27T00:43:20.420944+00:00,1.0,SEMI_SYNTHETIC
edge_721444_462248_193,721444,462248,crisislex_california_fire_81729,2026-09-27T01:23:47.299546+00:00,1.0,SEMI_SYNTHETIC
edge_67443_516983_194,67443,516983,crisislex_california_fire_81729,2026-09-27T01:25:50.712081+00:00,1.0,SEMI_SYNTHETIC
edge_354061_521945_195,354061,521945,crisismmd_harvey_img_49102,2026-09-27T00:00:47.971487+00:00,1.0,SEMI_SYNTHETIC
edge_747852_528317_196,747852,528317,ff_face2face_mayoral_evac_0091,2026-09-27T01:06:01.795100+00:00,1.0,SEMI_SYNTHETIC
edge_913625_389580_197,913625,389580,crisislex_california_fire_81729,2026-09-27T01:28:22.382295+00:00,1.0,SEMI_SYNTHETIC
edge_460137_408858_198,460137,408858,ff_face2face_mayoral_evac_0091,2026-09-27T01:06:14.981161+00:00,1.0,SEMI_SYNTHETIC
edge_850247_408858_199,850247,408858,ff_face2face_mayoral_evac_0091,2026-09-27T01:07:14.198746+00:00,1.0,SEMI_SYNTHETIC
edge_895506_428373_200,895506,428373,ff_face2face_mayoral_evac_0091,2026-09-27T01:09:45.643151+00:00,1.0,SEMI_SYNTHETIC
edge_792033_756420_201,792033,756420,ff_face2face_mayoral_evac_0091,2026-09-27T01:11:35.751270+00:00,1.0,SEMI_SYNTHETIC
edge_566379_354061_202,566379,354061,crisismmd_harvey_img_49102,2026-09-27T00:00:49.941370+00:00,1.0,SEMI_SYNTHETIC
edge_257745_566379_203,257745,566379,crisismmd_harvey_img_49102,2026-09-27T00:00:50.884009+00:00,1.0,SEMI_SYNTHETIC
edge_195751_566379_204,195751,566379,crisismmd_harvey_img_49102,2026-09-27T00:00:51.457461+00:00,1.0,SEMI_SYNTHETIC
edge_724220_501081_205,724220,501081,ff_face2face_mayoral_evac_0091,2026-09-27T01:13:04.623292+00:00,1.0,SEMI_SYNTHETIC
edge_341495_149816_206,341495,149816,crisislex_california_fire_81729,2026-09-27T01:30:21.690906+00:00,1.0,SEMI_SYNTHETIC
edge_379038_117570_207,379038,117570,humaid_irma_2017_001928,2026-09-27T00:44:50.137528+00:00,1.0,SEMI_SYNTHETIC
edge_90458_554173_208,90458,554173,crisismmd_harvey_img_49102,2026-09-27T00:00:52.665643+00:00,1.0,SEMI_SYNTHETIC
edge_481579_729425_209,481579,729425,humaid_irma_2017_001928,2026-09-27T00:46:44.688954+00:00,1.0,SEMI_SYNTHETIC
edge_168189_665900_210,168189,665900,crisislex_california_fire_81729,2026-09-27T01:32:22.503273+00:00,1.0,SEMI_SYNTHETIC
edge_98425_891334_211,98425,891334,ff_face2face_mayoral_evac_0091,2026-09-27T01:13:32.218611+00:00,1.0,SEMI_SYNTHETIC
edge_558141_962538_212,558141,962538,dfdc_syn_bridge_collapse_84920,2026-09-27T00:04:04.218017+00:00,1.0,SEMI_SYNTHETIC
edge_721875_916924_213,721875,916924,crisismmd_harvey_img_49102,2026-09-27T00:00:53.660488+00:00,1.0,SEMI_SYNTHETIC
edge_307949_195751_214,307949,195751,crisismmd_harvey_img_49102,2026-09-27T00:00:53.918676+00:00,1.0,SEMI_SYNTHETIC
edge_158298_47642_215,158298,47642,crisislex_california_fire_81729,2026-09-27T01:35:00.960816+00:00,1.0,SEMI_SYNTHETIC
edge_633945_48479_216,633945,48479,crisismmd_harvey_img_49102,2026-09-27T00:00:56.341148+00:00,1.0,SEMI_SYNTHETIC
edge_712667_987957_217,712667,987957,humaid_irma_2017_001928,2026-09-27T00:47:47.317875+00:00,1.0,SEMI_SYNTHETIC
edge_29116_780214_218,29116,780214,crisislex_california_fire_81729,2026-09-27T01:35:26.847820+00:00,1.0,SEMI_SYNTHETIC
edge_211332_437940_219,211332,437940,dfdc_syn_bridge_collapse_84920,2026-09-27T00:04:18.534387+00:00,1.0,SEMI_SYNTHETIC
edge_704083_198073_220,704083,198073,dfdc_syn_bridge_collapse_84920,2026-09-27T00:04:21.703619+00:00,1.0,SEMI_SYNTHETIC
edge_881728_94002_221,881728,94002,crisislex_california_fire_81729,2026-09-27T01:35:59.126157+00:00,1.0,SEMI_SYNTHETIC
edge_440816_883074_222,440816,883074,crisislex_california_fire_81729,2026-09-27T01:38:26.663589+00:00,1.0,SEMI_SYNTHETIC
edge_569951_125266_223,569951,125266,dfdc_syn_bridge_collapse_84920,2026-09-27T00:04:36.277859+00:00,1.0,SEMI_SYNTHETIC
edge_471999_111255_224,471999,111255,ff_face2face_mayoral_evac_0091,2026-09-27T01:16:15.894248+00:00,1.0,SEMI_SYNTHETIC
edge_866572_916924_225,866572,916924,crisismmd_harvey_img_49102,2026-09-27T00:00:58.308646+00:00,1.0,SEMI_SYNTHETIC
edge_926578_625870_226,926578,625870,crisislex_california_fire_81729,2026-09-27T01:39:00.191340+00:00,1.0,SEMI_SYNTHETIC
edge_97949_86819_227,97949,86819,humaid_irma_2017_001928,2026-09-27T00:49:58.256041+00:00,1.0,SEMI_SYNTHETIC
edge_964733_670626_228,964733,670626,crisismmd_harvey_img_49102,2026-09-27T00:00:59.487012+00:00,1.0,SEMI_SYNTHETIC
edge_425712_356859_229,425712,356859,ff_face2face_mayoral_evac_0091,2026-09-27T01:18:56.281310+00:00,1.0,SEMI_SYNTHETIC
edge_344165_962538_230,344165,962538,dfdc_syn_bridge_collapse_84920,2026-09-27T00:04:42.684185+00:00,1.0,SEMI_SYNTHETIC
edge_739884_336147_231,739884,336147,crisismmd_harvey_img_49102,2026-09-27T00:01:01.486326+00:00,1.0,SEMI_SYNTHETIC
edge_278355_428373_232,278355,428373,ff_face2face_mayoral_evac_0091,2026-09-27T01:20:22.543561+00:00,1.0,SEMI_SYNTHETIC
edge_126587_569951_233,126587,569951,dfdc_syn_bridge_collapse_84920,2026-09-27T00:04:51.367444+00:00,1.0,SEMI_SYNTHETIC
edge_75858_236441_234,75858,236441,dfdc_syn_bridge_collapse_84920,2026-09-27T00:04:56.583561+00:00,1.0,SEMI_SYNTHETIC
edge_263690_441641_235,263690,441641,ff_face2face_mayoral_evac_0091,2026-09-27T01:22:13.989198+00:00,1.0,SEMI_SYNTHETIC
edge_446802_362161_236,446802,362161,crisismmd_harvey_img_49102,2026-09-27T00:01:02.616499+00:00,1.0,SEMI_SYNTHETIC
edge_541971_379038_237,541971,379038,humaid_irma_2017_001928,2026-09-27T00:51:37.248416+00:00,1.0,SEMI_SYNTHETIC
edge_676549_665900_238,676549,665900,crisislex_california_fire_81729,2026-09-27T01:40:44.397172+00:00,1.0,SEMI_SYNTHETIC
edge_371551_739884_239,371551,739884,crisismmd_harvey_img_49102,2026-09-27T00:01:03.325260+00:00,1.0,SEMI_SYNTHETIC
edge_56489_987957_240,56489,987957,humaid_irma_2017_001928,2026-09-27T00:53:58.403650+00:00,1.0,SEMI_SYNTHETIC
edge_497192_964733_241,497192,964733,crisismmd_harvey_img_49102,2026-09-27T00:01:05.377681+00:00,1.0,SEMI_SYNTHETIC
edge_823894_590099_242,823894,590099,ff_face2face_mayoral_evac_0091,2026-09-27T01:24:11.384292+00:00,1.0,SEMI_SYNTHETIC
edge_340926_75290_243,340926,75290,humaid_irma_2017_001928,2026-09-27T00:54:58.288887+00:00,1.0,SEMI_SYNTHETIC
edge_48399_665900_244,48399,665900,crisislex_california_fire_81729,2026-09-27T01:42:02.095261+00:00,1.0,SEMI_SYNTHETIC
edge_296488_534902_245,296488,534902,dfdc_syn_bridge_collapse_84920,2026-09-27T00:05:01.589114+00:00,1.0,SEMI_SYNTHETIC
edge_365505_921843_246,365505,921843,crisismmd_harvey_img_49102,2026-09-27T00:01:06.526364+00:00,1.0,SEMI_SYNTHETIC
edge_289676_724220_247,289676,724220,ff_face2face_mayoral_evac_0091,2026-09-27T01:26:19.035935+00:00,1.0,SEMI_SYNTHETIC
edge_581971_98425_248,581971,98425,ff_face2face_mayoral_evac_0091,2026-09-27T01:26:42.453526+00:00,1.0,SEMI_SYNTHETIC
edge_641894_12805_249,641894,12805,humaid_irma_2017_001928,2026-09-27T00:55:21.900602+00:00,1.0,SEMI_SYNTHETIC
edge_654718_170265_250,654718,170265,dfdc_syn_bridge_collapse_84920,2026-09-27T00:05:12.245821+00:00,1.0,SEMI_SYNTHETIC
edge_713787_339963_251,713787,339963,crisismmd_harvey_img_49102,2026-09-27T00:01:08.161090+00:00,1.0,SEMI_SYNTHETIC
edge_159715_176931_252,159715,176931,crisismmd_harvey_img_49102,2026-09-27T00:01:09.492496+00:00,1.0,SEMI_SYNTHETIC
edge_394123_895506_253,394123,895506,ff_face2face_mayoral_evac_0091,2026-09-27T01:26:58.369350+00:00,1.0,SEMI_SYNTHETIC
edge_400084_883074_254,400084,883074,crisislex_california_fire_81729,2026-09-27T01:42:17.600766+00:00,1.0,SEMI_SYNTHETIC
edge_691113_777934_255,691113,777934,humaid_irma_2017_001928,2026-09-27T00:57:09.467304+00:00,1.0,SEMI_SYNTHETIC
edge_967918_379038_256,967918,379038,humaid_irma_2017_001928,2026-09-27T00:57:23.872572+00:00,1.0,SEMI_SYNTHETIC
edge_309449_953767_257,309449,953767,crisismmd_harvey_img_49102,2026-09-27T00:01:11.452411+00:00,1.0,SEMI_SYNTHETIC
edge_191043_590099_258,191043,590099,ff_face2face_mayoral_evac_0091,2026-09-27T01:27:42.399668+00:00,1.0,SEMI_SYNTHETIC
edge_345112_191043_259,345112,191043,ff_face2face_mayoral_evac_0091,2026-09-27T01:30:41.934277+00:00,1.0,SEMI_SYNTHETIC
edge_756385_12805_260,756385,12805,humaid_irma_2017_001928,2026-09-27T00:59:07.372087+00:00,1.0,SEMI_SYNTHETIC
edge_840541_901014_261,840541,901014,dfdc_syn_bridge_collapse_84920,2026-09-27T00:05:24.357570+00:00,1.0,SEMI_SYNTHETIC
edge_852700_170422_262,852700,170422,ff_face2face_mayoral_evac_0091,2026-09-27T01:30:56.402562+00:00,1.0,SEMI_SYNTHETIC
edge_761759_465052_263,761759,465052,dfdc_syn_bridge_collapse_84920,2026-09-27T00:05:33.924847+00:00,1.0,SEMI_SYNTHETIC
edge_141414_561499_264,141414,561499,crisislex_california_fire_81729,2026-09-27T01:43:37.435937+00:00,1.0,SEMI_SYNTHETIC
edge_930607_88463_265,930607,88463,humaid_irma_2017_001928,2026-09-27T01:00:33.867751+00:00,1.0,SEMI_SYNTHETIC
edge_463633_141414_266,463633,141414,crisislex_california_fire_81729,2026-09-27T01:45:36.200905+00:00,1.0,SEMI_SYNTHETIC
edge_179834_12805_267,179834,12805,humaid_irma_2017_001928,2026-09-27T01:03:05.204188+00:00,1.0,SEMI_SYNTHETIC
edge_272778_343632_268,272778,343632,dfdc_syn_bridge_collapse_84920,2026-09-27T00:05:39.769170+00:00,1.0,SEMI_SYNTHETIC
edge_107966_896365_269,107966,896365,crisislex_california_fire_81729,2026-09-27T01:46:32.857581+00:00,1.0,SEMI_SYNTHETIC
edge_765638_353254_270,765638,353254,dfdc_syn_bridge_collapse_84920,2026-09-27T00:05:49.054488+00:00,1.0,SEMI_SYNTHETIC
edge_39751_371551_271,39751,371551,crisismmd_harvey_img_49102,2026-09-27T00:01:13.574483+00:00,1.0,SEMI_SYNTHETIC
edge_532230_158298_272,532230,158298,crisislex_california_fire_81729,2026-09-27T01:47:27.849085+00:00,1.0,SEMI_SYNTHETIC
edge_853776_141414_273,853776,141414,crisislex_california_fire_81729,2026-09-27T01:48:27.093267+00:00,1.0,SEMI_SYNTHETIC
edge_470959_461989_274,470959,461989,ff_face2face_mayoral_evac_0091,2026-09-27T01:31:56.966320+00:00,1.0,SEMI_SYNTHETIC
edge_779864_78872_275,779864,78872,ff_face2face_mayoral_evac_0091,2026-09-27T01:32:41.650232+00:00,1.0,SEMI_SYNTHETIC
edge_598933_554173_276,598933,554173,crisismmd_harvey_img_49102,2026-09-27T00:01:16.015381+00:00,1.0,SEMI_SYNTHETIC
edge_111514_795339_277,111514,795339,dfdc_syn_bridge_collapse_84920,2026-09-27T00:05:56.585104+00:00,1.0,SEMI_SYNTHETIC
edge_989109_408858_278,989109,408858,ff_face2face_mayoral_evac_0091,2026-09-27T01:35:18.558087+00:00,1.0,SEMI_SYNTHETIC
edge_532987_834718_279,532987,834718,crisismmd_harvey_img_49102,2026-09-27T00:01:16.570983+00:00,1.0,SEMI_SYNTHETIC
edge_262422_470959_280,262422,470959,ff_face2face_mayoral_evac_0091,2026-09-27T01:35:32.498058+00:00,1.0,SEMI_SYNTHETIC
edge_893791_247144_281,893791,247144,crisismmd_harvey_img_49102,2026-09-27T00:01:16.787763+00:00,1.0,SEMI_SYNTHETIC
edge_150440_34813_282,150440,34813,ff_face2face_mayoral_evac_0091,2026-09-27T01:36:31.075283+00:00,1.0,SEMI_SYNTHETIC
edge_607983_48479_283,607983,48479,crisismmd_harvey_img_49102,2026-09-27T00:01:18.721019+00:00,1.0,SEMI_SYNTHETIC
edge_811535_834718_284,811535,834718,crisismmd_harvey_img_49102,2026-09-27T00:01:20.148754+00:00,1.0,SEMI_SYNTHETIC
edge_401326_760981_285,401326,760981,crisislex_california_fire_81729,2026-09-27T01:50:32.761036+00:00,1.0,SEMI_SYNTHETIC
edge_641728_336147_286,641728,336147,crisismmd_harvey_img_49102,2026-09-27T00:01:21.587550+00:00,1.0,SEMI_SYNTHETIC
edge_554559_142040_287,554559,142040,crisislex_california_fire_81729,2026-09-27T01:50:49.604370+00:00,1.0,SEMI_SYNTHETIC
edge_422042_572636_288,422042,572636,crisislex_california_fire_81729,2026-09-27T01:53:31.436758+00:00,1.0,SEMI_SYNTHETIC
edge_507960_607983_289,507960,607983,crisismmd_harvey_img_49102,2026-09-27T00:01:23.112489+00:00,1.0,SEMI_SYNTHETIC
edge_845457_497192_290,845457,497192,crisismmd_harvey_img_49102,2026-09-27T00:01:24.007464+00:00,1.0,SEMI_SYNTHETIC
edge_615693_691113_291,615693,691113,humaid_irma_2017_001928,2026-09-27T01:04:56.678823+00:00,1.0,SEMI_SYNTHETIC
edge_659840_641894_292,659840,641894,humaid_irma_2017_001928,2026-09-27T01:06:45.877780+00:00,1.0,SEMI_SYNTHETIC
edge_210051_590099_293,210051,590099,ff_face2face_mayoral_evac_0091,2026-09-27T01:37:06.197153+00:00,1.0,SEMI_SYNTHETIC
edge_536195_916924_294,536195,916924,crisismmd_harvey_img_49102,2026-09-27T00:01:25.112537+00:00,1.0,SEMI_SYNTHETIC
edge_553878_461989_295,553878,461989,ff_face2face_mayoral_evac_0091,2026-09-27T01:39:44.576164+00:00,1.0,SEMI_SYNTHETIC
edge_191594_866572_296,191594,866572,crisismmd_harvey_img_49102,2026-09-27T00:01:27.608032+00:00,1.0,SEMI_SYNTHETIC
edge_211603_290028_297,211603,290028,crisislex_california_fire_81729,2026-09-27T01:54:39.632351+00:00,1.0,SEMI_SYNTHETIC
edge_749142_247144_298,749142,247144,crisismmd_harvey_img_49102,2026-09-27T00:01:29.047440+00:00,1.0,SEMI_SYNTHETIC
edge_137794_473187_299,137794,473187,ff_face2face_mayoral_evac_0091,2026-09-27T01:40:48.473091+00:00,1.0,SEMI_SYNTHETIC
edge_314561_636410_300,314561,636410,crisislex_california_fire_81729,2026-09-27T01:55:54.180363+00:00,1.0,SEMI_SYNTHETIC
edge_512351_706212_301,512351,706212,humaid_irma_2017_001928,2026-09-27T01:07:54.759577+00:00,1.0,SEMI_SYNTHETIC
edge_124532_265570_302,124532,265570,crisislex_california_fire_81729,2026-09-27T01:56:50.272926+00:00,1.0,SEMI_SYNTHETIC
edge_678933_554559_303,678933,554559,crisislex_california_fire_81729,2026-09-27T01:57:40.950877+00:00,1.0,SEMI_SYNTHETIC
edge_818206_135710_304,818206,135710,humaid_irma_2017_001928,2026-09-27T01:09:15.020809+00:00,1.0,SEMI_SYNTHETIC
edge_692139_400084_305,692139,400084,crisislex_california_fire_81729,2026-09-27T02:00:37.195698+00:00,1.0,SEMI_SYNTHETIC
edge_571147_123668_306,571147,123668,crisismmd_harvey_img_49102,2026-09-27T00:01:29.918242+00:00,1.0,SEMI_SYNTHETIC
edge_886822_696508_307,886822,696508,humaid_irma_2017_001928,2026-09-27T01:12:00.269862+00:00,1.0,SEMI_SYNTHETIC
edge_19717_501081_308,19717,501081,ff_face2face_mayoral_evac_0091,2026-09-27T01:41:30.146068+00:00,1.0,SEMI_SYNTHETIC
edge_682464_561499_309,682464,561499,crisislex_california_fire_81729,2026-09-27T02:01:05.436815+00:00,1.0,SEMI_SYNTHETIC
edge_296090_470959_310,296090,470959,ff_face2face_mayoral_evac_0091,2026-09-27T01:44:11.320262+00:00,1.0,SEMI_SYNTHETIC
edge_763504_691113_311,763504,691113,humaid_irma_2017_001928,2026-09-27T01:13:06.486158+00:00,1.0,SEMI_SYNTHETIC
edge_650632_105674_312,650632,105674,crisismmd_harvey_img_49102,2026-09-27T00:01:31.916084+00:00,1.0,SEMI_SYNTHETIC
edge_711765_453555_313,711765,453555,ff_face2face_mayoral_evac_0091,2026-09-27T01:46:41.908532+00:00,1.0,SEMI_SYNTHETIC
edge_412206_5012_314,412206,5012,dfdc_syn_bridge_collapse_84920,2026-09-27T00:06:04.269461+00:00,1.0,SEMI_SYNTHETIC
edge_695436_572275_315,695436,572275,crisismmd_harvey_img_49102,2026-09-27T00:01:34.305768+00:00,1.0,SEMI_SYNTHETIC
edge_435110_465052_316,435110,465052,dfdc_syn_bridge_collapse_84920,2026-09-27T00:06:06.139202+00:00,1.0,SEMI_SYNTHETIC
edge_654481_245137_317,654481,245137,crisismmd_harvey_img_49102,2026-09-27T00:01:36.062465+00:00,1.0,SEMI_SYNTHETIC
edge_446045_654718_318,446045,654718,dfdc_syn_bridge_collapse_84920,2026-09-27T00:06:13.833749+00:00,1.0,SEMI_SYNTHETIC
edge_723390_211939_319,723390,211939,ff_face2face_mayoral_evac_0091,2026-09-27T01:49:00.658121+00:00,1.0,SEMI_SYNTHETIC
edge_971800_350131_320,971800,350131,humaid_irma_2017_001928,2026-09-27T01:14:45.822290+00:00,1.0,SEMI_SYNTHETIC
edge_572728_75290_321,572728,75290,humaid_irma_2017_001928,2026-09-27T01:17:16.713879+00:00,1.0,SEMI_SYNTHETIC
edge_105359_916924_322,105359,916924,crisismmd_harvey_img_49102,2026-09-27T00:01:38.213231+00:00,1.0,SEMI_SYNTHETIC
edge_488987_779864_323,488987,779864,ff_face2face_mayoral_evac_0091,2026-09-27T01:51:28.135775+00:00,1.0,SEMI_SYNTHETIC
edge_276817_980342_324,276817,980342,crisislex_california_fire_81729,2026-09-27T02:02:34.041127+00:00,1.0,SEMI_SYNTHETIC
edge_76857_426716_325,76857,426716,dfdc_syn_bridge_collapse_84920,2026-09-27T00:06:22.930107+00:00,1.0,SEMI_SYNTHETIC
edge_311036_170053_326,311036,170053,humaid_irma_2017_001928,2026-09-27T01:20:05.592955+00:00,1.0,SEMI_SYNTHETIC
edge_402650_272778_327,402650,272778,dfdc_syn_bridge_collapse_84920,2026-09-27T00:06:34.651695+00:00,1.0,SEMI_SYNTHETIC
edge_94148_850247_328,94148,850247,ff_face2face_mayoral_evac_0091,2026-09-27T01:52:54.387088+00:00,1.0,SEMI_SYNTHETIC
edge_573356_369536_329,573356,369536,crisislex_california_fire_81729,2026-09-27T02:03:06.649394+00:00,1.0,SEMI_SYNTHETIC
edge_33839_5012_330,33839,5012,dfdc_syn_bridge_collapse_84920,2026-09-27T00:06:45.841709+00:00,1.0,SEMI_SYNTHETIC
edge_873355_150440_331,873355,150440,ff_face2face_mayoral_evac_0091,2026-09-27T01:54:58.882064+00:00,1.0,SEMI_SYNTHETIC
edge_858799_378203_332,858799,378203,ff_face2face_mayoral_evac_0091,2026-09-27T01:56:07.729219+00:00,1.0,SEMI_SYNTHETIC
edge_226092_980342_333,226092,980342,crisislex_california_fire_81729,2026-09-27T02:05:26.878483+00:00,1.0,SEMI_SYNTHETIC
edge_786513_807549_334,786513,807549,crisislex_california_fire_81729,2026-09-27T02:05:42.586450+00:00,1.0,SEMI_SYNTHETIC
edge_538373_461989_335,538373,461989,ff_face2face_mayoral_evac_0091,2026-09-27T01:56:57.566896+00:00,1.0,SEMI_SYNTHETIC
edge_636962_726318_336,636962,726318,dfdc_syn_bridge_collapse_84920,2026-09-27T00:06:58.262717+00:00,1.0,SEMI_SYNTHETIC
edge_443649_845457_337,443649,845457,crisismmd_harvey_img_49102,2026-09-27T00:01:38.881801+00:00,1.0,SEMI_SYNTHETIC
edge_666401_659840_338,666401,659840,humaid_irma_2017_001928,2026-09-27T01:21:50.235035+00:00,1.0,SEMI_SYNTHETIC
edge_344217_721444_339,344217,721444,crisislex_california_fire_81729,2026-09-27T02:07:16.841984+00:00,1.0,SEMI_SYNTHETIC
edge_262673_150440_340,262673,150440,ff_face2face_mayoral_evac_0091,2026-09-27T01:57:32.933889+00:00,1.0,SEMI_SYNTHETIC
edge_599704_598933_341,599704,598933,crisismmd_harvey_img_49102,2026-09-27T00:01:41.039900+00:00,1.0,SEMI_SYNTHETIC
edge_223214_839683_342,223214,839683,ff_face2face_mayoral_evac_0091,2026-09-27T01:59:17.672638+00:00,1.0,SEMI_SYNTHETIC
edge_769782_452374_343,769782,452374,humaid_irma_2017_001928,2026-09-27T01:24:37.013473+00:00,1.0,SEMI_SYNTHETIC
edge_926057_56489_344,926057,56489,humaid_irma_2017_001928,2026-09-27T01:25:32.651943+00:00,1.0,SEMI_SYNTHETIC
edge_921709_141414_345,921709,141414,crisislex_california_fire_81729,2026-09-27T02:09:29.973875+00:00,1.0,SEMI_SYNTHETIC
edge_793159_105674_346,793159,105674,crisismmd_harvey_img_49102,2026-09-27T00:01:43.436747+00:00,1.0,SEMI_SYNTHETIC
edge_969579_356859_347,969579,356859,ff_face2face_mayoral_evac_0091,2026-09-27T02:02:03.127658+00:00,1.0,SEMI_SYNTHETIC
edge_333404_191594_348,333404,191594,crisismmd_harvey_img_49102,2026-09-27T00:01:45.397980+00:00,1.0,SEMI_SYNTHETIC
edge_968745_400084_349,968745,400084,crisislex_california_fire_81729,2026-09-27T02:12:10.051907+00:00,1.0,SEMI_SYNTHETIC
edge_27007_921843_350,27007,921843,crisismmd_harvey_img_49102,2026-09-27T00:01:46.491412+00:00,1.0,SEMI_SYNTHETIC
edge_355888_715477_351,355888,715477,crisislex_california_fire_81729,2026-09-27T02:13:58.506204+00:00,1.0,SEMI_SYNTHETIC
edge_810441_326282_352,810441,326282,crisislex_california_fire_81729,2026-09-27T02:16:30.177866+00:00,1.0,SEMI_SYNTHETIC
edge_156757_766648_353,156757,766648,ff_face2face_mayoral_evac_0091,2026-09-27T02:03:31.468588+00:00,1.0,SEMI_SYNTHETIC
edge_559395_223214_354,559395,223214,ff_face2face_mayoral_evac_0091,2026-09-27T02:04:12.756709+00:00,1.0,SEMI_SYNTHETIC
edge_442424_512351_355,442424,512351,humaid_irma_2017_001928,2026-09-27T01:28:23.333922+00:00,1.0,SEMI_SYNTHETIC
edge_488160_142731_356,488160,142731,dfdc_syn_bridge_collapse_84920,2026-09-27T00:07:00.214268+00:00,1.0,SEMI_SYNTHETIC
edge_26495_141414_357,26495,141414,crisislex_california_fire_81729,2026-09-27T02:18:28.591727+00:00,1.0,SEMI_SYNTHETIC
edge_310614_574742_358,310614,574742,crisislex_california_fire_81729,2026-09-27T02:19:48.519273+00:00,1.0,SEMI_SYNTHETIC
edge_559857_34813_359,559857,34813,ff_face2face_mayoral_evac_0091,2026-09-27T02:06:39.805218+00:00,1.0,SEMI_SYNTHETIC
edge_843551_426716_360,843551,426716,dfdc_syn_bridge_collapse_84920,2026-09-27T00:07:09.891200+00:00,1.0,SEMI_SYNTHETIC
edge_324546_18491_361,324546,18491,crisismmd_harvey_img_49102,2026-09-27T00:01:48.893727+00:00,1.0,SEMI_SYNTHETIC
edge_108042_512351_362,108042,512351,humaid_irma_2017_001928,2026-09-27T01:30:24.468994+00:00,1.0,SEMI_SYNTHETIC
edge_96702_107251_363,96702,107251,ff_face2face_mayoral_evac_0091,2026-09-27T02:08:23.764463+00:00,1.0,SEMI_SYNTHETIC
edge_973800_564634_364,973800,564634,ff_face2face_mayoral_evac_0091,2026-09-27T02:10:23.398694+00:00,1.0,SEMI_SYNTHETIC
edge_294263_75858_365,294263,75858,dfdc_syn_bridge_collapse_84920,2026-09-27T00:07:23.509021+00:00,1.0,SEMI_SYNTHETIC
edge_700077_481579_366,700077,481579,humaid_irma_2017_001928,2026-09-27T01:32:30.821880+00:00,1.0,SEMI_SYNTHETIC
edge_983995_336147_367,983995,336147,crisismmd_harvey_img_49102,2026-09-27T00:01:49.031306+00:00,1.0,SEMI_SYNTHETIC
edge_950075_437940_368,950075,437940,dfdc_syn_bridge_collapse_84920,2026-09-27T00:07:32.404436+00:00,1.0,SEMI_SYNTHETIC
edge_535119_973800_369,535119,973800,ff_face2face_mayoral_evac_0091,2026-09-27T02:12:41.852269+00:00,1.0,SEMI_SYNTHETIC
edge_644565_179430_370,644565,179430,crisismmd_harvey_img_49102,2026-09-27T00:01:49.260177+00:00,1.0,SEMI_SYNTHETIC
edge_296604_871722_371,296604,871722,crisislex_california_fire_81729,2026-09-27T02:21:05.958791+00:00,1.0,SEMI_SYNTHETIC
edge_204760_850247_372,204760,850247,ff_face2face_mayoral_evac_0091,2026-09-27T02:14:15.254857+00:00,1.0,SEMI_SYNTHETIC
edge_96023_839683_373,96023,839683,ff_face2face_mayoral_evac_0091,2026-09-27T02:14:39.822857+00:00,1.0,SEMI_SYNTHETIC
edge_388221_895506_374,388221,895506,ff_face2face_mayoral_evac_0091,2026-09-27T02:16:50.807973+00:00,1.0,SEMI_SYNTHETIC
edge_117197_512351_375,117197,512351,humaid_irma_2017_001928,2026-09-27T01:35:21.125119+00:00,1.0,SEMI_SYNTHETIC
edge_118310_704083_376,118310,704083,dfdc_syn_bridge_collapse_84920,2026-09-27T00:07:39.438149+00:00,1.0,SEMI_SYNTHETIC
edge_22940_566379_377,22940,566379,crisismmd_harvey_img_49102,2026-09-27T00:01:50.690305+00:00,1.0,SEMI_SYNTHETIC
edge_609743_137794_378,609743,137794,ff_face2face_mayoral_evac_0091,2026-09-27T02:19:13.266721+00:00,1.0,SEMI_SYNTHETIC
edge_163023_48817_379,163023,48817,ff_face2face_mayoral_evac_0091,2026-09-27T02:19:52.082018+00:00,1.0,SEMI_SYNTHETIC
edge_273926_112664_380,273926,112664,ff_face2face_mayoral_evac_0091,2026-09-27T02:20:48.995536+00:00,1.0,SEMI_SYNTHETIC
edge_329457_34813_381,329457,34813,ff_face2face_mayoral_evac_0091,2026-09-27T02:22:39.942624+00:00,1.0,SEMI_SYNTHETIC
edge_360996_428098_382,360996,428098,ff_face2face_mayoral_evac_0091,2026-09-27T02:23:46.419551+00:00,1.0,SEMI_SYNTHETIC
edge_339445_516983_383,339445,516983,crisislex_california_fire_81729,2026-09-27T02:21:39.099951+00:00,1.0,SEMI_SYNTHETIC
edge_524858_973800_384,524858,973800,ff_face2face_mayoral_evac_0091,2026-09-27T02:26:41.102839+00:00,1.0,SEMI_SYNTHETIC
edge_392746_636962_385,392746,636962,dfdc_syn_bridge_collapse_84920,2026-09-27T00:07:45.000556+00:00,1.0,SEMI_SYNTHETIC
edge_814905_170227_386,814905,170227,crisislex_california_fire_81729,2026-09-27T02:22:23.065959+00:00,1.0,SEMI_SYNTHETIC
edge_82518_501081_387,82518,501081,ff_face2face_mayoral_evac_0091,2026-09-27T02:29:31.408575+00:00,1.0,SEMI_SYNTHETIC
edge_274955_969715_388,274955,969715,ff_face2face_mayoral_evac_0091,2026-09-27T02:31:35.814776+00:00,1.0,SEMI_SYNTHETIC
edge_620527_488987_389,620527,488987,ff_face2face_mayoral_evac_0091,2026-09-27T02:33:59.957826+00:00,1.0,SEMI_SYNTHETIC
edge_48551_158298_390,48551,158298,crisislex_california_fire_81729,2026-09-27T02:25:10.060237+00:00,1.0,SEMI_SYNTHETIC
edge_968819_599704_391,968819,599704,crisismmd_harvey_img_49102,2026-09-27T00:01:52.474227+00:00,1.0,SEMI_SYNTHETIC
edge_56448_272778_392,56448,272778,dfdc_syn_bridge_collapse_84920,2026-09-27T00:07:55.206979+00:00,1.0,SEMI_SYNTHETIC
edge_121090_620527_393,121090,620527,ff_face2face_mayoral_evac_0091,2026-09-27T02:36:54.315719+00:00,1.0,SEMI_SYNTHETIC
edge_731068_650632_394,731068,650632,crisismmd_harvey_img_49102,2026-09-27T00:01:53.107030+00:00,1.0,SEMI_SYNTHETIC
edge_733975_559857_395,733975,559857,ff_face2face_mayoral_evac_0091,2026-09-27T02:38:07.916046+00:00,1.0,SEMI_SYNTHETIC
edge_975264_245137_396,975264,245137,crisismmd_harvey_img_49102,2026-09-27T00:01:55.601517+00:00,1.0,SEMI_SYNTHETIC
edge_369731_88463_397,369731,88463,humaid_irma_2017_001928,2026-09-27T01:37:52.449136+00:00,1.0,SEMI_SYNTHETIC
edge_767065_198073_398,767065,198073,dfdc_syn_bridge_collapse_84920,2026-09-27T00:08:03.502587+00:00,1.0,SEMI_SYNTHETIC
edge_900429_591343_399,900429,591343,crisismmd_harvey_img_49102,2026-09-27T00:01:55.862735+00:00,1.0,SEMI_SYNTHETIC
edge_265761_369731_400,265761,369731,humaid_irma_2017_001928,2026-09-27T01:39:57.562823+00:00,1.0,SEMI_SYNTHETIC
edge_846507_48399_401,846507,48399,crisislex_california_fire_81729,2026-09-27T02:25:47.283308+00:00,1.0,SEMI_SYNTHETIC
edge_783207_704963_402,783207,704963,dfdc_syn_bridge_collapse_84920,2026-09-27T00:08:07.112004+00:00,1.0,SEMI_SYNTHETIC
edge_235230_5012_403,235230,5012,dfdc_syn_bridge_collapse_84920,2026-09-27T00:08:14.406054+00:00,1.0,SEMI_SYNTHETIC
edge_351819_350131_404,351819,350131,humaid_irma_2017_001928,2026-09-27T01:41:45.711967+00:00,1.0,SEMI_SYNTHETIC
edge_651003_641894_405,651003,641894,humaid_irma_2017_001928,2026-09-27T01:42:40.312044+00:00,1.0,SEMI_SYNTHETIC
edge_973308_88463_406,973308,88463,humaid_irma_2017_001928,2026-09-27T01:43:49.459232+00:00,1.0,SEMI_SYNTHETIC
edge_132629_170053_407,132629,170053,humaid_irma_2017_001928,2026-09-27T01:45:53.717946+00:00,1.0,SEMI_SYNTHETIC
edge_412349_239471_408,412349,239471,dfdc_syn_bridge_collapse_84920,2026-09-27T00:08:22.557602+00:00,1.0,SEMI_SYNTHETIC
edge_591868_223214_409,591868,223214,ff_face2face_mayoral_evac_0091,2026-09-27T02:40:05.951325+00:00,1.0,SEMI_SYNTHETIC
edge_66215_309449_410,66215,309449,crisismmd_harvey_img_49102,2026-09-27T00:01:56.299447+00:00,1.0,SEMI_SYNTHETIC
edge_694793_818206_411,694793,818206,humaid_irma_2017_001928,2026-09-27T01:47:26.101462+00:00,1.0,SEMI_SYNTHETIC
edge_96686_345112_412,96686,345112,ff_face2face_mayoral_evac_0091,2026-09-27T02:41:26.608499+00:00,1.0,SEMI_SYNTHETIC
edge_186379_344165_413,186379,344165,dfdc_syn_bridge_collapse_84920,2026-09-27T00:08:27.646861+00:00,1.0,SEMI_SYNTHETIC
edge_128710_314561_414,128710,314561,crisislex_california_fire_81729,2026-09-27T02:28:03.511411+00:00,1.0,SEMI_SYNTHETIC
edge_872570_307949_415,872570,307949,crisismmd_harvey_img_49102,2026-09-27T00:01:58.259718+00:00,1.0,SEMI_SYNTHETIC
edge_880392_34813_416,880392,34813,ff_face2face_mayoral_evac_0091,2026-09-27T02:43:09.488556+00:00,1.0,SEMI_SYNTHETIC
edge_375509_125266_417,375509,125266,dfdc_syn_bridge_collapse_84920,2026-09-27T00:08:32.814786+00:00,1.0,SEMI_SYNTHETIC
edge_860083_170053_418,860083,170053,humaid_irma_2017_001928,2026-09-27T01:48:50.743346+00:00,1.0,SEMI_SYNTHETIC
edge_656081_365505_419,656081,365505,crisismmd_harvey_img_49102,2026-09-27T00:02:00.426235+00:00,1.0,SEMI_SYNTHETIC
edge_635850_412206_420,635850,412206,dfdc_syn_bridge_collapse_84920,2026-09-27T00:08:45.204204+00:00,1.0,SEMI_SYNTHETIC
edge_909695_654481_421,909695,654481,crisismmd_harvey_img_49102,2026-09-27T00:02:02.875835+00:00,1.0,SEMI_SYNTHETIC
edge_300794_971800_422,300794,971800,humaid_irma_2017_001928,2026-09-27T01:49:23.793460+00:00,1.0,SEMI_SYNTHETIC
edge_878726_343632_423,878726,343632,dfdc_syn_bridge_collapse_84920,2026-09-27T00:08:56.024175+00:00,1.0,SEMI_SYNTHETIC
edge_444346_48817_424,444346,48817,ff_face2face_mayoral_evac_0091,2026-09-27T02:44:42.696539+00:00,1.0,SEMI_SYNTHETIC
edge_550659_696508_425,550659,696508,humaid_irma_2017_001928,2026-09-27T01:51:21.510180+00:00,1.0,SEMI_SYNTHETIC
edge_921115_105359_426,921115,105359,crisismmd_harvey_img_49102,2026-09-27T00:02:04.067105+00:00,1.0,SEMI_SYNTHETIC
edge_844328_179834_427,844328,179834,humaid_irma_2017_001928,2026-09-27T01:53:35.768609+00:00,1.0,SEMI_SYNTHETIC
edge_348548_375509_428,348548,375509,dfdc_syn_bridge_collapse_84920,2026-09-27T00:09:10.577975+00:00,1.0,SEMI_SYNTHETIC
edge_947589_607983_429,947589,607983,crisismmd_harvey_img_49102,2026-09-27T00:02:05.480650+00:00,1.0,SEMI_SYNTHETIC
edge_140272_442424_430,140272,442424,humaid_irma_2017_001928,2026-09-27T01:53:53.578906+00:00,1.0,SEMI_SYNTHETIC
edge_732040_950075_431,732040,950075,dfdc_syn_bridge_collapse_84920,2026-09-27T00:09:17.755978+00:00,1.0,SEMI_SYNTHETIC
edge_696385_257582_432,696385,257582,crisismmd_harvey_img_49102,2026-09-27T00:02:05.962196+00:00,1.0,SEMI_SYNTHETIC
edge_425594_987957_433,425594,987957,humaid_irma_2017_001928,2026-09-27T01:55:06.792346+00:00,1.0,SEMI_SYNTHETIC
edge_233788_303243_434,233788,303243,dfdc_syn_bridge_collapse_84920,2026-09-27T00:09:24.765211+00:00,1.0,SEMI_SYNTHETIC
edge_18454_392746_435,18454,392746,dfdc_syn_bridge_collapse_84920,2026-09-27T00:09:34.076724+00:00,1.0,SEMI_SYNTHETIC
edge_84268_706212_436,84268,706212,humaid_irma_2017_001928,2026-09-27T01:58:04.778681+00:00,1.0,SEMI_SYNTHETIC
edge_933783_641894_437,933783,641894,humaid_irma_2017_001928,2026-09-27T02:00:19.008456+00:00,1.0,SEMI_SYNTHETIC
edge_720029_700855_438,720029,700855,ff_face2face_mayoral_evac_0091,2026-09-27T02:47:04.184821+00:00,1.0,SEMI_SYNTHETIC
edge_378247_864596_439,378247,864596,crisislex_california_fire_81729,2026-09-27T02:29:49.270917+00:00,1.0,SEMI_SYNTHETIC
edge_100898_392746_440,100898,392746,dfdc_syn_bridge_collapse_84920,2026-09-27T00:09:47.955242+00:00,1.0,SEMI_SYNTHETIC
edge_460246_33839_441,460246,33839,dfdc_syn_bridge_collapse_84920,2026-09-27T00:09:59.489481+00:00,1.0,SEMI_SYNTHETIC
edge_640193_211332_442,640193,211332,dfdc_syn_bridge_collapse_84920,2026-09-27T00:10:03.958490+00:00,1.0,SEMI_SYNTHETIC
edge_928371_871722_443,928371,871722,crisislex_california_fire_81729,2026-09-27T02:30:47.707455+00:00,1.0,SEMI_SYNTHETIC
edge_687558_913625_444,687558,913625,crisislex_california_fire_81729,2026-09-27T02:32:40.885023+00:00,1.0,SEMI_SYNTHETIC
edge_563948_375509_445,563948,375509,dfdc_syn_bridge_collapse_84920,2026-09-27T00:10:11.886918+00:00,1.0,SEMI_SYNTHETIC
edge_912628_706212_446,912628,706212,humaid_irma_2017_001928,2026-09-27T02:03:16.778487+00:00,1.0,SEMI_SYNTHETIC
edge_817788_360996_447,817788,360996,ff_face2face_mayoral_evac_0091,2026-09-27T02:48:16.304940+00:00,1.0,SEMI_SYNTHETIC
edge_837630_648551_448,837630,648551,crisislex_california_fire_81729,2026-09-27T02:33:02.365560+00:00,1.0,SEMI_SYNTHETIC
edge_745901_497192_449,745901,497192,crisismmd_harvey_img_49102,2026-09-27T00:02:07.570766+00:00,1.0,SEMI_SYNTHETIC
edge_92860_94002_450,92860,94002,crisislex_california_fire_81729,2026-09-27T02:34:43.766971+00:00,1.0,SEMI_SYNTHETIC
edge_624923_272778_451,624923,272778,dfdc_syn_bridge_collapse_84920,2026-09-27T00:10:26.527305+00:00,1.0,SEMI_SYNTHETIC
edge_266355_170053_452,266355,170053,humaid_irma_2017_001928,2026-09-27T02:04:19.507301+00:00,1.0,SEMI_SYNTHETIC
edge_708435_461989_453,708435,461989,ff_face2face_mayoral_evac_0091,2026-09-27T02:48:46.022659+00:00,1.0,SEMI_SYNTHETIC
edge_530526_408591_454,530526,408591,dfdc_syn_bridge_collapse_84920,2026-09-27T00:10:29.199507+00:00,1.0,SEMI_SYNTHETIC
edge_399933_290028_455,399933,290028,crisislex_california_fire_81729,2026-09-27T02:36:21.694854+00:00,1.0,SEMI_SYNTHETIC
edge_856313_339963_456,856313,339963,crisismmd_harvey_img_49102,2026-09-27T00:02:09.429812+00:00,1.0,SEMI_SYNTHETIC
edge_90813_692139_457,90813,692139,crisislex_california_fire_81729,2026-09-27T02:36:42.553092+00:00,1.0,SEMI_SYNTHETIC
edge_395548_678933_458,395548,678933,crisislex_california_fire_81729,2026-09-27T02:37:53.774154+00:00,1.0,SEMI_SYNTHETIC
edge_786764_997203_459,786764,997203,humaid_irma_2017_001928,2026-09-27T02:07:01.532932+00:00,1.0,SEMI_SYNTHETIC
edge_391657_452374_460,391657,452374,humaid_irma_2017_001928,2026-09-27T02:09:37.510064+00:00,1.0,SEMI_SYNTHETIC
edge_852127_563306_461,852127,563306,dfdc_syn_bridge_collapse_84920,2026-09-27T00:10:32.704960+00:00,1.0,SEMI_SYNTHETIC
edge_294434_388221_462,294434,388221,ff_face2face_mayoral_evac_0091,2026-09-27T02:49:34.190262+00:00,1.0,SEMI_SYNTHETIC
edge_244026_807549_463,244026,807549,crisislex_california_fire_81729,2026-09-27T02:39:07.151542+00:00,1.0,SEMI_SYNTHETIC
edge_821102_108042_464,821102,108042,humaid_irma_2017_001928,2026-09-27T02:12:29.703563+00:00,1.0,SEMI_SYNTHETIC
edge_315759_633945_465,315759,633945,crisismmd_harvey_img_49102,2026-09-27T00:02:09.737137+00:00,1.0,SEMI_SYNTHETIC
edge_527326_633945_466,527326,633945,crisismmd_harvey_img_49102,2026-09-27T00:02:11.612119+00:00,1.0,SEMI_SYNTHETIC
edge_16687_211332_467,16687,211332,dfdc_syn_bridge_collapse_84920,2026-09-27T00:10:43.959447+00:00,1.0,SEMI_SYNTHETIC
edge_11533_760800_468,11533,760800,humaid_irma_2017_001928,2026-09-27T02:13:19.313179+00:00,1.0,SEMI_SYNTHETIC
edge_565550_34813_469,565550,34813,ff_face2face_mayoral_evac_0091,2026-09-27T02:52:08.521280+00:00,1.0,SEMI_SYNTHETIC
edge_303418_528392_470,303418,528392,ff_face2face_mayoral_evac_0091,2026-09-27T02:53:42.166189+00:00,1.0,SEMI_SYNTHETIC
edge_794229_76857_471,794229,76857,dfdc_syn_bridge_collapse_84920,2026-09-27T00:10:57.521472+00:00,1.0,SEMI_SYNTHETIC
edge_630647_886822_472,630647,886822,humaid_irma_2017_001928,2026-09-27T02:14:55.235899+00:00,1.0,SEMI_SYNTHETIC
edge_902247_501081_473,902247,501081,ff_face2face_mayoral_evac_0091,2026-09-27T02:55:44.781657+00:00,1.0,SEMI_SYNTHETIC
edge_295166_78872_474,295166,78872,ff_face2face_mayoral_evac_0091,2026-09-27T02:57:53.905010+00:00,1.0,SEMI_SYNTHETIC
edge_120790_142731_475,120790,142731,dfdc_syn_bridge_collapse_84920,2026-09-27T00:11:00.427038+00:00,1.0,SEMI_SYNTHETIC
edge_227722_766648_476,227722,766648,ff_face2face_mayoral_evac_0091,2026-09-27T02:58:57.290669+00:00,1.0,SEMI_SYNTHETIC
edge_729380_408858_477,729380,408858,ff_face2face_mayoral_evac_0091,2026-09-27T02:59:52.342017+00:00,1.0,SEMI_SYNTHETIC
edge_105643_625870_478,105643,625870,crisislex_california_fire_81729,2026-09-27T02:39:24.007609+00:00,1.0,SEMI_SYNTHETIC
edge_869926_247144_479,869926,247144,crisismmd_harvey_img_49102,2026-09-27T00:02:12.663106+00:00,1.0,SEMI_SYNTHETIC
edge_271989_550659_480,271989,550659,humaid_irma_2017_001928,2026-09-27T02:17:47.092322+00:00,1.0,SEMI_SYNTHETIC
edge_880708_760800_481,880708,760800,humaid_irma_2017_001928,2026-09-27T02:20:13.754770+00:00,1.0,SEMI_SYNTHETIC
edge_620610_76857_482,620610,76857,dfdc_syn_bridge_collapse_84920,2026-09-27T00:11:03.257051+00:00,1.0,SEMI_SYNTHETIC
edge_858611_11533_483,858611,11533,humaid_irma_2017_001928,2026-09-27T02:20:27.460801+00:00,1.0,SEMI_SYNTHETIC
edge_979022_245612_484,979022,245612,crisismmd_harvey_img_49102,2026-09-27T00:02:13.057172+00:00,1.0,SEMI_SYNTHETIC
edge_381136_425712_485,381136,425712,ff_face2face_mayoral_evac_0091,2026-09-27T03:01:26.683504+00:00,1.0,SEMI_SYNTHETIC
edge_653937_465052_486,653937,465052,dfdc_syn_bridge_collapse_84920,2026-09-27T00:11:08.106796+00:00,1.0,SEMI_SYNTHETIC
edge_73941_100898_487,73941,100898,dfdc_syn_bridge_collapse_84920,2026-09-27T00:11:18.168694+00:00,1.0,SEMI_SYNTHETIC
edge_561356_303418_488,561356,303418,ff_face2face_mayoral_evac_0091,2026-09-27T03:02:00.013627+00:00,1.0,SEMI_SYNTHETIC
edge_386556_244026_489,386556,244026,crisislex_california_fire_81729,2026-09-27T02:41:49.131471+00:00,1.0,SEMI_SYNTHETIC
edge_293572_765855_490,293572,765855,ff_face2face_mayoral_evac_0091,2026-09-27T03:03:08.499427+00:00,1.0,SEMI_SYNTHETIC
edge_71437_869926_491,71437,869926,crisismmd_harvey_img_49102,2026-09-27T00:02:14.590251+00:00,1.0,SEMI_SYNTHETIC
edge_114998_557957_492,114998,557957,ff_face2face_mayoral_evac_0091,2026-09-27T03:04:48.502917+00:00,1.0,SEMI_SYNTHETIC
edge_613656_901014_493,613656,901014,dfdc_syn_bridge_collapse_84920,2026-09-27T00:11:22.900072+00:00,1.0,SEMI_SYNTHETIC
edge_194654_720029_494,194654,720029,ff_face2face_mayoral_evac_0091,2026-09-27T03:05:58.819705+00:00,1.0,SEMI_SYNTHETIC
edge_747623_443649_495,747623,443649,crisismmd_harvey_img_49102,2026-09-27T00:02:16.625156+00:00,1.0,SEMI_SYNTHETIC
edge_578458_374069_496,578458,374069,crisislex_california_fire_81729,2026-09-27T02:43:34.944574+00:00,1.0,SEMI_SYNTHETIC
edge_30896_94148_497,30896,94148,ff_face2face_mayoral_evac_0091,2026-09-27T03:06:15.273541+00:00,1.0,SEMI_SYNTHETIC
edge_761763_706212_498,761763,706212,humaid_irma_2017_001928,2026-09-27T02:21:33.855580+00:00,1.0,SEMI_SYNTHETIC
edge_821982_656081_499,821982,656081,crisismmd_harvey_img_49102,2026-09-27T00:02:16.868090+00:00,1.0,SEMI_SYNTHETIC
edge_997678_801083_500,997678,801083,crisislex_california_fire_81729,2026-09-27T02:46:11.258383+00:00,1.0,SEMI_SYNTHETIC
edge_777926_555175_501,777926,555175,crisislex_california_fire_81729,2026-09-27T02:46:38.433852+00:00,1.0,SEMI_SYNTHETIC
edge_737250_30896_502,737250,30896,ff_face2face_mayoral_evac_0091,2026-09-27T03:08:15.634186+00:00,1.0,SEMI_SYNTHETIC
edge_193869_276817_503,193869,276817,crisislex_california_fire_81729,2026-09-27T02:49:02.222457+00:00,1.0,SEMI_SYNTHETIC
edge_420623_872570_504,420623,872570,crisismmd_harvey_img_49102,2026-09-27T00:02:17.273726+00:00,1.0,SEMI_SYNTHETIC
edge_241625_578458_505,241625,578458,crisislex_california_fire_81729,2026-09-27T02:49:17.727523+00:00,1.0,SEMI_SYNTHETIC
edge_373656_980733_506,373656,980733,humaid_irma_2017_001928,2026-09-27T02:24:23.092505+00:00,1.0,SEMI_SYNTHETIC
edge_478325_653937_507,478325,653937,dfdc_syn_bridge_collapse_84920,2026-09-27T00:11:32.806687+00:00,1.0,SEMI_SYNTHETIC
edge_765408_704083_508,765408,704083,dfdc_syn_bridge_collapse_84920,2026-09-27T00:11:37.300259+00:00,1.0,SEMI_SYNTHETIC
edge_444130_891334_509,444130,891334,ff_face2face_mayoral_evac_0091,2026-09-27T03:09:40.131610+00:00,1.0,SEMI_SYNTHETIC
edge_837043_880392_510,837043,880392,ff_face2face_mayoral_evac_0091,2026-09-27T03:10:49.840909+00:00,1.0,SEMI_SYNTHETIC
edge_31053_563306_511,31053,563306,dfdc_syn_bridge_collapse_84920,2026-09-27T00:11:40.577450+00:00,1.0,SEMI_SYNTHETIC
edge_777541_512351_512,777541,512351,humaid_irma_2017_001928,2026-09-27T02:24:45.706573+00:00,1.0,SEMI_SYNTHETIC
edge_462275_117197_513,462275,117197,humaid_irma_2017_001928,2026-09-27T02:25:53.158172+00:00,1.0,SEMI_SYNTHETIC
edge_357177_198073_514,357177,198073,dfdc_syn_bridge_collapse_84920,2026-09-27T00:11:50.079897+00:00,1.0,SEMI_SYNTHETIC
edge_702687_18454_515,702687,18454,dfdc_syn_bridge_collapse_84920,2026-09-27T00:11:56.809815+00:00,1.0,SEMI_SYNTHETIC
edge_171050_100898_516,171050,100898,dfdc_syn_bridge_collapse_84920,2026-09-27T00:11:59.152638+00:00,1.0,SEMI_SYNTHETIC
edge_639371_271989_517,639371,271989,humaid_irma_2017_001928,2026-09-27T02:27:15.851185+00:00,1.0,SEMI_SYNTHETIC
edge_506574_541971_518,506574,541971,humaid_irma_2017_001928,2026-09-27T02:27:30.226253+00:00,1.0,SEMI_SYNTHETIC
edge_105563_968819_519,105563,968819,crisismmd_harvey_img_49102,2026-09-27T00:02:19.257430+00:00,1.0,SEMI_SYNTHETIC
edge_477429_460137_520,477429,460137,ff_face2face_mayoral_evac_0091,2026-09-27T03:11:31.270716+00:00,1.0,SEMI_SYNTHETIC
edge_168471_150440_521,168471,150440,ff_face2face_mayoral_evac_0091,2026-09-27T03:13:00.330569+00:00,1.0,SEMI_SYNTHETIC
edge_803202_860083_522,803202,860083,humaid_irma_2017_001928,2026-09-27T02:27:54.796496+00:00,1.0,SEMI_SYNTHETIC
edge_571527_401326_523,571527,401326,crisislex_california_fire_81729,2026-09-27T02:49:38.094760+00:00,1.0,SEMI_SYNTHETIC
edge_423982_488987_524,423982,488987,ff_face2face_mayoral_evac_0091,2026-09-27T03:14:47.691998+00:00,1.0,SEMI_SYNTHETIC
edge_660403_140272_525,660403,140272,humaid_irma_2017_001928,2026-09-27T02:29:30.153746+00:00,1.0,SEMI_SYNTHETIC
edge_142315_425712_526,142315,425712,ff_face2face_mayoral_evac_0091,2026-09-27T03:15:27.081423+00:00,1.0,SEMI_SYNTHETIC
edge_884625_391657_527,884625,391657,humaid_irma_2017_001928,2026-09-27T02:32:28.161335+00:00,1.0,SEMI_SYNTHETIC
edge_416951_675095_528,416951,675095,crisismmd_harvey_img_49102,2026-09-27T00:02:21.543361+00:00,1.0,SEMI_SYNTHETIC
edge_834758_676549_529,834758,676549,crisislex_california_fire_81729,2026-09-27T02:50:43.536317+00:00,1.0,SEMI_SYNTHETIC
edge_165398_158298_530,165398,158298,crisislex_california_fire_81729,2026-09-27T02:52:22.371859+00:00,1.0,SEMI_SYNTHETIC
edge_827411_397477_531,827411,397477,crisislex_california_fire_81729,2026-09-27T02:54:41.296015+00:00,1.0,SEMI_SYNTHETIC
edge_411650_371551_532,411650,371551,crisismmd_harvey_img_49102,2026-09-27T00:02:23.725302+00:00,1.0,SEMI_SYNTHETIC
edge_160840_574742_533,160840,574742,crisislex_california_fire_81729,2026-09-27T02:56:34.819581+00:00,1.0,SEMI_SYNTHETIC
edge_61685_156757_534,61685,156757,ff_face2face_mayoral_evac_0091,2026-09-27T03:15:43.674454+00:00,1.0,SEMI_SYNTHETIC
edge_327776_420623_535,327776,420623,crisismmd_harvey_img_49102,2026-09-27T00:02:25.978177+00:00,1.0,SEMI_SYNTHETIC
edge_325076_289676_536,325076,289676,ff_face2face_mayoral_evac_0091,2026-09-27T03:18:19.574367+00:00,1.0,SEMI_SYNTHETIC
edge_207064_880392_537,207064,880392,ff_face2face_mayoral_evac_0091,2026-09-27T03:20:41.159620+00:00,1.0,SEMI_SYNTHETIC
edge_550299_273926_538,550299,273926,ff_face2face_mayoral_evac_0091,2026-09-27T03:22:57.120236+00:00,1.0,SEMI_SYNTHETIC
edge_932047_117570_539,932047,117570,humaid_irma_2017_001928,2026-09-27T02:33:31.052261+00:00,1.0,SEMI_SYNTHETIC
edge_44677_901014_540,44677,901014,dfdc_syn_bridge_collapse_84920,2026-09-27T00:12:02.851326+00:00,1.0,SEMI_SYNTHETIC
edge_539663_105563_541,539663,105563,crisismmd_harvey_img_49102,2026-09-27T00:02:27.769298+00:00,1.0,SEMI_SYNTHETIC
edge_477773_369731_542,477773,369731,humaid_irma_2017_001928,2026-09-27T02:35:36.851902+00:00,1.0,SEMI_SYNTHETIC
edge_795342_765855_543,795342,765855,ff_face2face_mayoral_evac_0091,2026-09-27T03:24:46.889878+00:00,1.0,SEMI_SYNTHETIC
edge_827711_206694_544,827711,206694,humaid_irma_2017_001928,2026-09-27T02:36:35.313696+00:00,1.0,SEMI_SYNTHETIC
edge_439399_344165_545,439399,344165,dfdc_syn_bridge_collapse_84920,2026-09-27T00:12:12.914644+00:00,1.0,SEMI_SYNTHETIC
edge_849767_88463_546,849767,88463,humaid_irma_2017_001928,2026-09-27T02:38:05.910221+00:00,1.0,SEMI_SYNTHETIC
edge_683962_909695_547,683962,909695,crisismmd_harvey_img_49102,2026-09-27T00:02:29.329323+00:00,1.0,SEMI_SYNTHETIC
edge_326822_278355_548,326822,278355,ff_face2face_mayoral_evac_0091,2026-09-27T03:27:21.659527+00:00,1.0,SEMI_SYNTHETIC
edge_894247_853776_549,894247,853776,crisislex_california_fire_81729,2026-09-27T02:57:52.335513+00:00,1.0,SEMI_SYNTHETIC
edge_123355_277729_550,123355,277729,crisislex_california_fire_81729,2026-09-27T02:59:52.383673+00:00,1.0,SEMI_SYNTHETIC
edge_283832_683962_551,283832,683962,crisismmd_harvey_img_49102,2026-09-27T00:02:31.801389+00:00,1.0,SEMI_SYNTHETIC
edge_854554_442067_552,854554,442067,crisismmd_harvey_img_49102,2026-09-27T00:02:32.353453+00:00,1.0,SEMI_SYNTHETIC
edge_36691_555175_553,36691,555175,crisislex_california_fire_81729,2026-09-27T03:01:11.080405+00:00,1.0,SEMI_SYNTHETIC
edge_47034_964733_554,47034,964733,crisismmd_harvey_img_49102,2026-09-27T00:02:33.076076+00:00,1.0,SEMI_SYNTHETIC
edge_729656_128710_555,729656,128710,crisislex_california_fire_81729,2026-09-27T03:03:39.802904+00:00,1.0,SEMI_SYNTHETIC
edge_896486_423982_556,896486,423982,ff_face2face_mayoral_evac_0091,2026-09-27T03:30:05.769033+00:00,1.0,SEMI_SYNTHETIC
edge_281216_936004_557,281216,936004,crisislex_california_fire_81729,2026-09-27T03:04:20.596000+00:00,1.0,SEMI_SYNTHETIC
edge_361936_339445_558,361936,339445,crisislex_california_fire_81729,2026-09-27T03:06:40.292097+00:00,1.0,SEMI_SYNTHETIC
edge_836372_840541_559,836372,840541,dfdc_syn_bridge_collapse_84920,2026-09-27T00:12:18.888612+00:00,1.0,SEMI_SYNTHETIC
edge_503393_327776_560,503393,327776,crisismmd_harvey_img_49102,2026-09-27T00:02:33.801418+00:00,1.0,SEMI_SYNTHETIC
edge_213993_400084_561,213993,400084,crisislex_california_fire_81729,2026-09-27T03:08:28.945325+00:00,1.0,SEMI_SYNTHETIC
edge_220026_969715_562,220026,969715,ff_face2face_mayoral_evac_0091,2026-09-27T03:31:45.841579+00:00,1.0,SEMI_SYNTHETIC
edge_914285_462248_563,914285,462248,crisislex_california_fire_81729,2026-09-27T03:11:10.728996+00:00,1.0,SEMI_SYNTHETIC
edge_675320_88463_564,675320,88463,humaid_irma_2017_001928,2026-09-27T02:39:38.798965+00:00,1.0,SEMI_SYNTHETIC
edge_523358_111255_565,523358,111255,ff_face2face_mayoral_evac_0091,2026-09-27T03:32:42.341316+00:00,1.0,SEMI_SYNTHETIC
edge_459865_311036_566,459865,311036,humaid_irma_2017_001928,2026-09-27T02:40:10.797978+00:00,1.0,SEMI_SYNTHETIC
edge_945336_273926_567,945336,273926,ff_face2face_mayoral_evac_0091,2026-09-27T03:32:53.135069+00:00,1.0,SEMI_SYNTHETIC
edge_270909_921709_568,270909,921709,crisislex_california_fire_81729,2026-09-27T03:11:53.127037+00:00,1.0,SEMI_SYNTHETIC
edge_330984_641728_569,330984,641728,crisismmd_harvey_img_49102,2026-09-27T00:02:34.650439+00:00,1.0,SEMI_SYNTHETIC
edge_635339_803202_570,635339,803202,humaid_irma_2017_001928,2026-09-27T02:41:11.492361+00:00,1.0,SEMI_SYNTHETIC
edge_386701_96702_571,386701,96702,ff_face2face_mayoral_evac_0091,2026-09-27T03:35:34.090656+00:00,1.0,SEMI_SYNTHETIC
edge_249513_488160_572,249513,488160,dfdc_syn_bridge_collapse_84920,2026-09-27T00:12:33.161793+00:00,1.0,SEMI_SYNTHETIC
edge_139144_635850_573,139144,635850,dfdc_syn_bridge_collapse_84920,2026-09-27T00:12:37.118456+00:00,1.0,SEMI_SYNTHETIC
edge_663404_827711_574,663404,827711,humaid_irma_2017_001928,2026-09-27T02:42:25.275075+00:00,1.0,SEMI_SYNTHETIC
edge_733255_126970_575,733255,126970,humaid_irma_2017_001928,2026-09-27T02:44:27.809961+00:00,1.0,SEMI_SYNTHETIC
edge_225477_114998_576,225477,114998,ff_face2face_mayoral_evac_0091,2026-09-27T03:36:48.733796+00:00,1.0,SEMI_SYNTHETIC
edge_293091_271989_577,293091,271989,humaid_irma_2017_001928,2026-09-27T02:45:28.999758+00:00,1.0,SEMI_SYNTHETIC
edge_657703_878726_578,657703,878726,dfdc_syn_bridge_collapse_84920,2026-09-27T00:12:43.982017+00:00,1.0,SEMI_SYNTHETIC
edge_825749_912628_579,825749,912628,humaid_irma_2017_001928,2026-09-27T02:47:52.408969+00:00,1.0,SEMI_SYNTHETIC
edge_178163_168189_580,178163,168189,crisislex_california_fire_81729,2026-09-27T03:14:48.557390+00:00,1.0,SEMI_SYNTHETIC
edge_255896_30896_581,255896,30896,ff_face2face_mayoral_evac_0091,2026-09-27T03:39:33.494423+00:00,1.0,SEMI_SYNTHETIC
edge_166389_880708_582,166389,880708,humaid_irma_2017_001928,2026-09-27T02:50:36.578577+00:00,1.0,SEMI_SYNTHETIC
edge_685636_36691_583,685636,36691,crisislex_california_fire_81729,2026-09-27T03:15:11.315586+00:00,1.0,SEMI_SYNTHETIC
edge_926602_420623_584,926602,420623,crisismmd_harvey_img_49102,2026-09-27T00:02:35.384339+00:00,1.0,SEMI_SYNTHETIC
edge_131531_365505_585,131531,365505,crisismmd_harvey_img_49102,2026-09-27T00:02:36.348854+00:00,1.0,SEMI_SYNTHETIC
edge_354625_11533_586,354625,11533,humaid_irma_2017_001928,2026-09-27T02:50:48.222873+00:00,1.0,SEMI_SYNTHETIC
edge_864551_170422_587,864551,170422,ff_face2face_mayoral_evac_0091,2026-09-27T03:42:25.859580+00:00,1.0,SEMI_SYNTHETIC
edge_414452_481579_588,414452,481579,humaid_irma_2017_001928,2026-09-27T02:52:06.355050+00:00,1.0,SEMI_SYNTHETIC
edge_148948_428098_589,148948,428098,ff_face2face_mayoral_evac_0091,2026-09-27T03:44:51.842426+00:00,1.0,SEMI_SYNTHETIC
edge_965490_661517_590,965490,661517,humaid_irma_2017_001928,2026-09-27T02:55:03.221809+00:00,1.0,SEMI_SYNTHETIC
edge_386018_721444_591,386018,721444,crisislex_california_fire_81729,2026-09-27T03:17:16.642419+00:00,1.0,SEMI_SYNTHETIC
edge_58205_843551_592,58205,843551,dfdc_syn_bridge_collapse_84920,2026-09-27T00:12:51.745132+00:00,1.0,SEMI_SYNTHETIC
edge_789746_536195_593,789746,536195,crisismmd_harvey_img_49102,2026-09-27T00:02:36.478519+00:00,1.0,SEMI_SYNTHETIC
edge_554315_827411_594,554315,827411,crisislex_california_fire_81729,2026-09-27T03:18:04.719855+00:00,1.0,SEMI_SYNTHETIC
edge_372544_306451_595,372544,306451,crisislex_california_fire_81729,2026-09-27T03:18:30.911019+00:00,1.0,SEMI_SYNTHETIC
edge_684652_34813_596,684652,34813,ff_face2face_mayoral_evac_0091,2026-09-27T03:45:27.113683+00:00,1.0,SEMI_SYNTHETIC
edge_88501_827411_597,88501,827411,crisislex_california_fire_81729,2026-09-27T03:21:05.214767+00:00,1.0,SEMI_SYNTHETIC
edge_243524_245612_598,243524,245612,crisismmd_harvey_img_49102,2026-09-27T00:02:37.156659+00:00,1.0,SEMI_SYNTHETIC
edge_850183_729380_599,850183,729380,ff_face2face_mayoral_evac_0091,2026-09-27T03:46:45.670772+00:00,1.0,SEMI_SYNTHETIC
edge_791439_741059_600,791439,741059,humaid_irma_2017_001928,2026-09-27T02:57:38.841977+00:00,1.0,SEMI_SYNTHETIC
edge_876028_300794_601,876028,300794,humaid_irma_2017_001928,2026-09-27T02:58:57.426719+00:00,1.0,SEMI_SYNTHETIC
edge_367411_168189_602,367411,168189,crisislex_california_fire_81729,2026-09-27T03:23:58.953879+00:00,1.0,SEMI_SYNTHETIC
edge_814694_967918_603,814694,967918,humaid_irma_2017_001928,2026-09-27T03:01:26.246796+00:00,1.0,SEMI_SYNTHETIC
edge_112170_295166_604,112170,295166,ff_face2face_mayoral_evac_0091,2026-09-27T03:48:57.502644+00:00,1.0,SEMI_SYNTHETIC
edge_584295_653937_605,584295,653937,dfdc_syn_bridge_collapse_84920,2026-09-27T00:12:52.775889+00:00,1.0,SEMI_SYNTHETIC
edge_761678_117570_606,761678,117570,humaid_irma_2017_001928,2026-09-27T03:01:44.029075+00:00,1.0,SEMI_SYNTHETIC
edge_985402_850247_607,985402,850247,ff_face2face_mayoral_evac_0091,2026-09-27T03:49:25.686100+00:00,1.0,SEMI_SYNTHETIC
edge_123000_439399_608,123000,439399,dfdc_syn_bridge_collapse_84920,2026-09-27T00:13:00.174533+00:00,1.0,SEMI_SYNTHETIC
edge_819652_84268_609,819652,84268,humaid_irma_2017_001928,2026-09-27T03:04:31.555585+00:00,1.0,SEMI_SYNTHETIC
edge_14548_48817_610,14548,48817,ff_face2face_mayoral_evac_0091,2026-09-27T03:51:27.623738+00:00,1.0,SEMI_SYNTHETIC
edge_979273_425594_611,979273,425594,humaid_irma_2017_001928,2026-09-27T03:06:15.604061+00:00,1.0,SEMI_SYNTHETIC
edge_416224_107736_612,416224,107736,dfdc_syn_bridge_collapse_84920,2026-09-27T00:13:10.859981+00:00,1.0,SEMI_SYNTHETIC
edge_648576_90813_613,648576,90813,crisislex_california_fire_81729,2026-09-27T03:26:39.012176+00:00,1.0,SEMI_SYNTHETIC
edge_853890_296488_614,853890,296488,dfdc_syn_bridge_collapse_84920,2026-09-27T00:13:15.690323+00:00,1.0,SEMI_SYNTHETIC
edge_894027_61685_615,894027,61685,ff_face2face_mayoral_evac_0091,2026-09-27T03:53:20.052894+00:00,1.0,SEMI_SYNTHETIC
edge_220647_324546_616,220647,324546,crisismmd_harvey_img_49102,2026-09-27T00:02:38.965157+00:00,1.0,SEMI_SYNTHETIC
edge_691664_521945_617,691664,521945,crisismmd_harvey_img_49102,2026-09-27T00:02:40.713024+00:00,1.0,SEMI_SYNTHETIC
edge_131011_272778_618,131011,272778,dfdc_syn_bridge_collapse_84920,2026-09-27T00:13:23.744831+00:00,1.0,SEMI_SYNTHETIC
edge_930101_193869_619,930101,193869,crisislex_california_fire_81729,2026-09-27T03:28:10.675063+00:00,1.0,SEMI_SYNTHETIC
edge_712812_270247_620,712812,270247,humaid_irma_2017_001928,2026-09-27T03:07:54.468159+00:00,1.0,SEMI_SYNTHETIC
edge_272732_355658_621,272732,355658,crisismmd_harvey_img_49102,2026-09-27T00:02:42.613468+00:00,1.0,SEMI_SYNTHETIC
edge_43875_932047_622,43875,932047,humaid_irma_2017_001928,2026-09-27T03:10:01.869284+00:00,1.0,SEMI_SYNTHETIC
edge_788476_255896_623,788476,255896,ff_face2face_mayoral_evac_0091,2026-09-27T03:53:47.474495+00:00,1.0,SEMI_SYNTHETIC
edge_981489_296090_624,981489,296090,ff_face2face_mayoral_evac_0091,2026-09-27T03:54:37.865725+00:00,1.0,SEMI_SYNTHETIC
edge_66415_538373_625,66415,538373,ff_face2face_mayoral_evac_0091,2026-09-27T03:57:30.505060+00:00,1.0,SEMI_SYNTHETIC
edge_474586_683962_626,474586,683962,crisismmd_harvey_img_49102,2026-09-27T00:02:43.200877+00:00,1.0,SEMI_SYNTHETIC
edge_823848_793159_627,823848,793159,crisismmd_harvey_img_49102,2026-09-27T00:02:45.113135+00:00,1.0,SEMI_SYNTHETIC
edge_206059_357177_628,206059,357177,dfdc_syn_bridge_collapse_84920,2026-09-27T00:13:28.863319+00:00,1.0,SEMI_SYNTHETIC
edge_146384_124532_629,146384,124532,crisislex_california_fire_81729,2026-09-27T03:28:40.965211+00:00,1.0,SEMI_SYNTHETIC
edge_51880_243524_630,51880,243524,crisismmd_harvey_img_49102,2026-09-27T00:02:45.226683+00:00,1.0,SEMI_SYNTHETIC
edge_894096_324546_631,894096,324546,crisismmd_harvey_img_49102,2026-09-27T00:02:46.759196+00:00,1.0,SEMI_SYNTHETIC
edge_560916_528392_632,560916,528392,ff_face2face_mayoral_evac_0091,2026-09-27T03:59:54.789451+00:00,1.0,SEMI_SYNTHETIC
edge_579460_726318_633,579460,726318,dfdc_syn_bridge_collapse_84920,2026-09-27T00:13:37.151807+00:00,1.0,SEMI_SYNTHETIC
edge_357148_271989_634,357148,271989,humaid_irma_2017_001928,2026-09-27T03:11:11.267786+00:00,1.0,SEMI_SYNTHETIC
edge_873699_235230_635,873699,235230,dfdc_syn_bridge_collapse_84920,2026-09-27T00:13:51.456123+00:00,1.0,SEMI_SYNTHETIC
edge_683462_170053_636,683462,170053,humaid_irma_2017_001928,2026-09-27T03:11:40.770518+00:00,1.0,SEMI_SYNTHETIC
edge_970424_355888_637,970424,355888,crisislex_california_fire_81729,2026-09-27T03:29:32.415829+00:00,1.0,SEMI_SYNTHETIC
edge_965604_97949_638,965604,97949,humaid_irma_2017_001928,2026-09-27T03:12:56.369427+00:00,1.0,SEMI_SYNTHETIC
edge_320833_607983_639,320833,607983,crisismmd_harvey_img_49102,2026-09-27T00:02:48.093538+00:00,1.0,SEMI_SYNTHETIC
edge_820883_303243_640,820883,303243,dfdc_syn_bridge_collapse_84920,2026-09-27T00:13:56.940502+00:00,1.0,SEMI_SYNTHETIC
edge_233530_391657_641,233530,391657,humaid_irma_2017_001928,2026-09-27T03:14:52.948050+00:00,1.0,SEMI_SYNTHETIC
edge_793171_294434_642,793171,294434,ff_face2face_mayoral_evac_0091,2026-09-27T04:02:26.852514+00:00,1.0,SEMI_SYNTHETIC
edge_66904_696508_643,66904,696508,humaid_irma_2017_001928,2026-09-27T03:16:21.016340+00:00,1.0,SEMI_SYNTHETIC
edge_437433_39751_644,437433,39751,crisismmd_harvey_img_49102,2026-09-27T00:02:49.532940+00:00,1.0,SEMI_SYNTHETIC
edge_16185_606251_645,16185,606251,ff_face2face_mayoral_evac_0091,2026-09-27T04:03:50.466770+00:00,1.0,SEMI_SYNTHETIC
edge_385075_449589_646,385075,449589,crisislex_california_fire_81729,2026-09-27T03:29:53.166219+00:00,1.0,SEMI_SYNTHETIC
edge_305192_912628_647,305192,912628,humaid_irma_2017_001928,2026-09-27T03:17:20.288562+00:00,1.0,SEMI_SYNTHETIC
edge_173917_461989_648,173917,461989,ff_face2face_mayoral_evac_0091,2026-09-27T04:05:05.307078+00:00,1.0,SEMI_SYNTHETIC
edge_674845_18454_649,674845,18454,dfdc_syn_bridge_collapse_84920,2026-09-27T00:14:08.395057+00:00,1.0,SEMI_SYNTHETIC
edge_53802_355658_650,53802,355658,crisismmd_harvey_img_49102,2026-09-27T00:02:51.930680+00:00,1.0,SEMI_SYNTHETIC
edge_230256_864596_651,230256,864596,crisislex_california_fire_81729,2026-09-27T03:31:10.160108+00:00,1.0,SEMI_SYNTHETIC
edge_202930_355658_652,202930,355658,crisismmd_harvey_img_49102,2026-09-27T00:02:52.538849+00:00,1.0,SEMI_SYNTHETIC
edge_685990_953767_653,685990,953767,crisismmd_harvey_img_49102,2026-09-27T00:02:53.105232+00:00,1.0,SEMI_SYNTHETIC
edge_356922_739884_654,356922,739884,crisismmd_harvey_img_49102,2026-09-27T00:02:54.817277+00:00,1.0,SEMI_SYNTHETIC
edge_519462_437940_655,519462,437940,dfdc_syn_bridge_collapse_84920,2026-09-27T00:14:10.795688+00:00,1.0,SEMI_SYNTHETIC
edge_856934_896365_656,856934,896365,crisislex_california_fire_81729,2026-09-27T03:33:12.261891+00:00,1.0,SEMI_SYNTHETIC
edge_300119_263690_657,300119,263690,ff_face2face_mayoral_evac_0091,2026-09-27T04:05:43.975795+00:00,1.0,SEMI_SYNTHETIC
edge_476991_412349_658,476991,412349,dfdc_syn_bridge_collapse_84920,2026-09-27T00:14:21.309811+00:00,1.0,SEMI_SYNTHETIC
edge_910426_263080_659,910426,263080,crisismmd_harvey_img_49102,2026-09-27T00:02:56.086008+00:00,1.0,SEMI_SYNTHETIC
edge_945440_715477_660,945440,715477,crisislex_california_fire_81729,2026-09-27T03:33:55.655319+00:00,1.0,SEMI_SYNTHETIC
edge_960328_578458_661,960328,578458,crisislex_california_fire_81729,2026-09-27T03:35:53.031823+00:00,1.0,SEMI_SYNTHETIC
edge_393588_220647_662,393588,220647,crisismmd_harvey_img_49102,2026-09-27T00:02:57.490334+00:00,1.0,SEMI_SYNTHETIC
edge_545205_361936_663,545205,361936,crisislex_california_fire_81729,2026-09-27T03:38:07.680384+00:00,1.0,SEMI_SYNTHETIC
edge_157189_257745_664,157189,257745,crisismmd_harvey_img_49102,2026-09-27T00:02:58.795535+00:00,1.0,SEMI_SYNTHETIC
edge_777562_343632_665,777562,343632,dfdc_syn_bridge_collapse_84920,2026-09-27T00:14:30.238813+00:00,1.0,SEMI_SYNTHETIC
edge_287198_598933_666,287198,598933,crisismmd_harvey_img_49102,2026-09-27T00:02:58.992543+00:00,1.0,SEMI_SYNTHETIC
edge_416945_459865_667,416945,459865,humaid_irma_2017_001928,2026-09-27T03:19:23.948114+00:00,1.0,SEMI_SYNTHETIC
edge_747920_223214_668,747920,223214,ff_face2face_mayoral_evac_0091,2026-09-27T04:08:23.839632+00:00,1.0,SEMI_SYNTHETIC
edge_695428_90458_669,695428,90458,crisismmd_harvey_img_49102,2026-09-27T00:03:01.096236+00:00,1.0,SEMI_SYNTHETIC
edge_404609_970424_670,404609,970424,crisislex_california_fire_81729,2026-09-27T03:40:08.747597+00:00,1.0,SEMI_SYNTHETIC
edge_841161_412206_671,841161,412206,dfdc_syn_bridge_collapse_84920,2026-09-27T00:14:38.468018+00:00,1.0,SEMI_SYNTHETIC
edge_251162_160840_672,251162,160840,crisislex_california_fire_81729,2026-09-27T03:40:19.869204+00:00,1.0,SEMI_SYNTHETIC
edge_703223_921115_673,703223,921115,crisismmd_harvey_img_49102,2026-09-27T00:03:01.703877+00:00,1.0,SEMI_SYNTHETIC
edge_230939_272732_674,230939,272732,crisismmd_harvey_img_49102,2026-09-27T00:03:03.532491+00:00,1.0,SEMI_SYNTHETIC
edge_178956_684652_675,178956,684652,ff_face2face_mayoral_evac_0091,2026-09-27T04:08:37.655458+00:00,1.0,SEMI_SYNTHETIC
edge_280804_131035_676,280804,131035,crisislex_california_fire_81729,2026-09-27T03:40:36.531651+00:00,1.0,SEMI_SYNTHETIC
edge_99913_389580_677,99913,389580,crisislex_california_fire_81729,2026-09-27T03:43:29.432168+00:00,1.0,SEMI_SYNTHETIC
edge_880699_326282_678,880699,326282,crisislex_california_fire_81729,2026-09-27T03:46:28.204058+00:00,1.0,SEMI_SYNTHETIC
edge_701691_111913_679,701691,111913,dfdc_syn_bridge_collapse_84920,2026-09-27T00:14:50.592643+00:00,1.0,SEMI_SYNTHETIC
edge_629284_767065_680,629284,767065,dfdc_syn_bridge_collapse_84920,2026-09-27T00:15:01.731258+00:00,1.0,SEMI_SYNTHETIC
edge_911347_724220_681,911347,724220,ff_face2face_mayoral_evac_0091,2026-09-27T04:09:53.183978+00:00,1.0,SEMI_SYNTHETIC
edge_955404_766648_682,955404,766648,ff_face2face_mayoral_evac_0091,2026-09-27T04:12:23.691390+00:00,1.0,SEMI_SYNTHETIC
edge_107716_932047_683,107716,932047,humaid_irma_2017_001928,2026-09-27T03:22:03.166062+00:00,1.0,SEMI_SYNTHETIC
edge_721521_5012_684,721521,5012,dfdc_syn_bridge_collapse_84920,2026-09-27T00:15:15.359045+00:00,1.0,SEMI_SYNTHETIC
edge_250633_856934_685,250633,856934,crisislex_california_fire_81729,2026-09-27T03:47:49.720341+00:00,1.0,SEMI_SYNTHETIC
edge_112463_14548_686,112463,14548,ff_face2face_mayoral_evac_0091,2026-09-27T04:14:47.915839+00:00,1.0,SEMI_SYNTHETIC
edge_637354_998467_687,637354,998467,crisismmd_harvey_img_49102,2026-09-27T00:03:04.777630+00:00,1.0,SEMI_SYNTHETIC
edge_557923_107251_688,557923,107251,ff_face2face_mayoral_evac_0091,2026-09-27T04:15:41.742685+00:00,1.0,SEMI_SYNTHETIC
edge_438705_635339_689,438705,635339,humaid_irma_2017_001928,2026-09-27T03:23:16.921142+00:00,1.0,SEMI_SYNTHETIC
edge_572146_569951_690,572146,569951,dfdc_syn_bridge_collapse_84920,2026-09-27T00:15:22.324047+00:00,1.0,SEMI_SYNTHETIC
edge_443301_71437_691,443301,71437,crisismmd_harvey_img_49102,2026-09-27T00:03:06.346144+00:00,1.0,SEMI_SYNTHETIC
edge_276105_99913_692,276105,99913,crisislex_california_fire_81729,2026-09-27T03:49:21.739860+00:00,1.0,SEMI_SYNTHETIC
edge_794140_574742_693,794140,574742,crisislex_california_fire_81729,2026-09-27T03:50:30.280432+00:00,1.0,SEMI_SYNTHETIC
edge_849756_853890_694,849756,853890,dfdc_syn_bridge_collapse_84920,2026-09-27T00:15:24.727948+00:00,1.0,SEMI_SYNTHETIC
edge_873245_760800_695,873245,760800,humaid_irma_2017_001928,2026-09-27T03:23:54.246604+00:00,1.0,SEMI_SYNTHETIC
edge_93927_440816_696,93927,440816,crisislex_california_fire_81729,2026-09-27T03:51:54.294596+00:00,1.0,SEMI_SYNTHETIC
edge_756172_207064_697,756172,207064,ff_face2face_mayoral_evac_0091,2026-09-27T04:18:29.959133+00:00,1.0,SEMI_SYNTHETIC
edge_21230_107716_698,21230,107716,humaid_irma_2017_001928,2026-09-27T03:26:45.018300+00:00,1.0,SEMI_SYNTHETIC
edge_742377_930101_699,742377,930101,crisislex_california_fire_81729,2026-09-27T03:52:52.915703+00:00,1.0,SEMI_SYNTHETIC
edge_175092_613656_700,175092,613656,dfdc_syn_bridge_collapse_84920,2026-09-27T00:15:35.164289+00:00,1.0,SEMI_SYNTHETIC
edge_624549_71437_701,624549,71437,crisismmd_harvey_img_49102,2026-09-27T00:03:08.317359+00:00,1.0,SEMI_SYNTHETIC
edge_771411_350131_702,771411,350131,humaid_irma_2017_001928,2026-09-27T03:29:00.295642+00:00,1.0,SEMI_SYNTHETIC
edge_645818_314561_703,645818,314561,crisislex_california_fire_81729,2026-09-27T03:54:02.091895+00:00,1.0,SEMI_SYNTHETIC
edge_436911_989109_704,436911,989109,ff_face2face_mayoral_evac_0091,2026-09-27T04:21:18.010486+00:00,1.0,SEMI_SYNTHETIC
edge_280211_63872_705,280211,63872,crisislex_california_fire_81729,2026-09-27T03:54:24.397510+00:00,1.0,SEMI_SYNTHETIC
edge_517122_92860_706,517122,92860,crisislex_california_fire_81729,2026-09-27T03:55:16.921564+00:00,1.0,SEMI_SYNTHETIC
edge_515382_131531_707,515382,131531,crisismmd_harvey_img_49102,2026-09-27T00:03:10.724332+00:00,1.0,SEMI_SYNTHETIC
edge_849030_769782_708,849030,769782,humaid_irma_2017_001928,2026-09-27T03:30:15.350094+00:00,1.0,SEMI_SYNTHETIC
edge_311244_536195_709,311244,536195,crisismmd_harvey_img_49102,2026-09-27T00:03:12.063942+00:00,1.0,SEMI_SYNTHETIC
edge_380711_691664_710,380711,691664,crisismmd_harvey_img_49102,2026-09-27T00:03:12.346411+00:00,1.0,SEMI_SYNTHETIC
edge_782918_721444_711,782918,721444,crisislex_california_fire_81729,2026-09-27T03:56:12.664447+00:00,1.0,SEMI_SYNTHETIC
edge_271824_704963_712,271824,704963,dfdc_syn_bridge_collapse_84920,2026-09-27T00:15:48.382684+00:00,1.0,SEMI_SYNTHETIC
edge_653644_263080_713,653644,263080,crisismmd_harvey_img_49102,2026-09-27T00:03:12.820800+00:00,1.0,SEMI_SYNTHETIC
edge_526256_837630_714,526256,837630,crisislex_california_fire_81729,2026-09-27T03:59:05.523272+00:00,1.0,SEMI_SYNTHETIC
edge_427206_930101_715,427206,930101,crisislex_california_fire_81729,2026-09-27T04:01:43.213974+00:00,1.0,SEMI_SYNTHETIC
edge_995299_571527_716,995299,571527,crisislex_california_fire_81729,2026-09-27T04:02:15.015786+00:00,1.0,SEMI_SYNTHETIC
edge_136215_636410_717,136215,636410,crisislex_california_fire_81729,2026-09-27T04:03:24.054909+00:00,1.0,SEMI_SYNTHETIC
edge_619231_471999_718,619231,471999,ff_face2face_mayoral_evac_0091,2026-09-27T04:22:21.671201+00:00,1.0,SEMI_SYNTHETIC
edge_258658_637354_719,258658,637354,crisismmd_harvey_img_49102,2026-09-27T00:03:14.391467+00:00,1.0,SEMI_SYNTHETIC
edge_449450_571527_720,449450,571527,crisislex_california_fire_81729,2026-09-27T04:04:32.381307+00:00,1.0,SEMI_SYNTHETIC
edge_609166_330984_721,609166,330984,crisismmd_harvey_img_49102,2026-09-27T00:03:15.367654+00:00,1.0,SEMI_SYNTHETIC
edge_592316_211603_722,592316,211603,crisislex_california_fire_81729,2026-09-27T04:06:39.003332+00:00,1.0,SEMI_SYNTHETIC
edge_854804_969715_723,854804,969715,ff_face2face_mayoral_evac_0091,2026-09-27T04:23:05.001947+00:00,1.0,SEMI_SYNTHETIC
edge_569921_178956_724,569921,178956,ff_face2face_mayoral_evac_0091,2026-09-27T04:24:39.933577+00:00,1.0,SEMI_SYNTHETIC
edge_427754_148948_725,427754,148948,ff_face2face_mayoral_evac_0091,2026-09-27T04:25:40.939388+00:00,1.0,SEMI_SYNTHETIC
edge_670458_235230_726,670458,235230,dfdc_syn_bridge_collapse_84920,2026-09-27T00:15:50.223193+00:00,1.0,SEMI_SYNTHETIC
edge_370857_624549_727,370857,624549,crisismmd_harvey_img_49102,2026-09-27T00:03:16.091100+00:00,1.0,SEMI_SYNTHETIC
edge_828213_886822_728,828213,886822,humaid_irma_2017_001928,2026-09-27T03:31:25.035477+00:00,1.0,SEMI_SYNTHETIC
edge_409581_503393_729,409581,503393,crisismmd_harvey_img_49102,2026-09-27T00:03:17.806763+00:00,1.0,SEMI_SYNTHETIC
edge_856952_428098_730,856952,428098,ff_face2face_mayoral_evac_0091,2026-09-27T04:27:38.330460+00:00,1.0,SEMI_SYNTHETIC
edge_179868_528392_731,179868,528392,ff_face2face_mayoral_evac_0091,2026-09-27T04:29:35.646939+00:00,1.0,SEMI_SYNTHETIC
edge_294424_191594_732,294424,191594,crisismmd_harvey_img_49102,2026-09-27T00:03:18.667271+00:00,1.0,SEMI_SYNTHETIC
edge_185445_330984_733,185445,330984,crisismmd_harvey_img_49102,2026-09-27T00:03:20.562220+00:00,1.0,SEMI_SYNTHETIC
edge_230800_351819_734,230800,351819,humaid_irma_2017_001928,2026-09-27T03:31:56.292262+00:00,1.0,SEMI_SYNTHETIC
edge_37645_965604_735,37645,965604,humaid_irma_2017_001928,2026-09-27T03:32:22.536394+00:00,1.0,SEMI_SYNTHETIC
edge_172816_554559_736,172816,554559,crisislex_california_fire_81729,2026-09-27T04:08:59.052715+00:00,1.0,SEMI_SYNTHETIC
edge_666912_19717_737,666912,19717,ff_face2face_mayoral_evac_0091,2026-09-27T04:30:38.239950+00:00,1.0,SEMI_SYNTHETIC
edge_916222_128710_738,916222,128710,crisislex_california_fire_81729,2026-09-27T04:11:31.600737+00:00,1.0,SEMI_SYNTHETIC
edge_195636_265570_739,195636,265570,crisislex_california_fire_81729,2026-09-27T04:14:20.526524+00:00,1.0,SEMI_SYNTHETIC
edge_558887_864551_740,558887,864551,ff_face2face_mayoral_evac_0091,2026-09-27T04:32:35.518029+00:00,1.0,SEMI_SYNTHETIC
edge_853797_545205_741,853797,545205,crisislex_california_fire_81729,2026-09-27T04:15:23.168950+00:00,1.0,SEMI_SYNTHETIC
edge_10096_793159_742,10096,793159,crisismmd_harvey_img_49102,2026-09-27T00:03:21.540100+00:00,1.0,SEMI_SYNTHETIC
edge_976879_408591_743,976879,408591,dfdc_syn_bridge_collapse_84920,2026-09-27T00:15:56.037582+00:00,1.0,SEMI_SYNTHETIC
edge_252446_711765_744,252446,711765,ff_face2face_mayoral_evac_0091,2026-09-27T04:33:36.451817+00:00,1.0,SEMI_SYNTHETIC
edge_423927_880699_745,423927,880699,crisislex_california_fire_81729,2026-09-27T04:16:36.688409+00:00,1.0,SEMI_SYNTHETIC
edge_665698_408858_746,665698,408858,ff_face2face_mayoral_evac_0091,2026-09-27T04:36:07.284382+00:00,1.0,SEMI_SYNTHETIC
edge_858097_678933_747,858097,678933,crisislex_california_fire_81729,2026-09-27T04:19:03.976149+00:00,1.0,SEMI_SYNTHETIC
edge_677830_296488_748,677830,296488,dfdc_syn_bridge_collapse_84920,2026-09-27T00:16:08.986330+00:00,1.0,SEMI_SYNTHETIC
edge_30337_850247_749,30337,850247,ff_face2face_mayoral_evac_0091,2026-09-27T04:37:03.547184+00:00,1.0,SEMI_SYNTHETIC
edge_141113_678933_750,141113,678933,crisislex_california_fire_81729,2026-09-27T04:19:17.738400+00:00,1.0,SEMI_SYNTHETIC
edge_368521_107716_751,368521,107716,humaid_irma_2017_001928,2026-09-27T03:33:12.114179+00:00,1.0,SEMI_SYNTHETIC
edge_94120_432179_752,94120,432179,ff_face2face_mayoral_evac_0091,2026-09-27T04:40:03.200970+00:00,1.0,SEMI_SYNTHETIC
edge_502984_98025_753,502984,98025,dfdc_syn_bridge_collapse_84920,2026-09-27T00:16:10.770867+00:00,1.0,SEMI_SYNTHETIC
edge_413489_18491_754,413489,18491,crisismmd_harvey_img_49102,2026-09-27T00:03:23.601502+00:00,1.0,SEMI_SYNTHETIC
edge_781041_792033_755,781041,792033,ff_face2face_mayoral_evac_0091,2026-09-27T04:40:55.218542+00:00,1.0,SEMI_SYNTHETIC
edge_991692_395548_756,991692,395548,crisislex_california_fire_81729,2026-09-27T04:21:20.959740+00:00,1.0,SEMI_SYNTHETIC
edge_514605_792354_757,514605,792354,humaid_irma_2017_001928,2026-09-27T03:35:28.717357+00:00,1.0,SEMI_SYNTHETIC
edge_128414_765408_758,128414,765408,dfdc_syn_bridge_collapse_84920,2026-09-27T00:16:16.816840+00:00,1.0,SEMI_SYNTHETIC
edge_135461_553878_759,135461,553878,ff_face2face_mayoral_evac_0091,2026-09-27T04:42:00.385835+00:00,1.0,SEMI_SYNTHETIC
edge_508357_853890_760,508357,853890,dfdc_syn_bridge_collapse_84920,2026-09-27T00:16:17.941858+00:00,1.0,SEMI_SYNTHETIC
edge_105841_726318_761,105841,726318,dfdc_syn_bridge_collapse_84920,2026-09-27T00:16:24.141439+00:00,1.0,SEMI_SYNTHETIC
edge_382787_362161_762,382787,362161,crisismmd_harvey_img_49102,2026-09-27T00:03:25.935539+00:00,1.0,SEMI_SYNTHETIC
edge_595472_48399_763,595472,48399,crisislex_california_fire_81729,2026-09-27T04:23:45.509002+00:00,1.0,SEMI_SYNTHETIC
edge_732730_964733_764,732730,964733,crisismmd_harvey_img_49102,2026-09-27T00:03:27.968800+00:00,1.0,SEMI_SYNTHETIC
edge_596179_44677_765,596179,44677,dfdc_syn_bridge_collapse_84920,2026-09-27T00:16:28.651186+00:00,1.0,SEMI_SYNTHETIC
edge_777979_535119_766,777979,535119,ff_face2face_mayoral_evac_0091,2026-09-27T04:42:42.647727+00:00,1.0,SEMI_SYNTHETIC
edge_172555_555175_767,172555,555175,crisislex_california_fire_81729,2026-09-27T04:26:30.969582+00:00,1.0,SEMI_SYNTHETIC
edge_779295_53802_768,779295,53802,crisismmd_harvey_img_49102,2026-09-27T00:03:29.368654+00:00,1.0,SEMI_SYNTHETIC
edge_766027_117197_769,766027,117197,humaid_irma_2017_001928,2026-09-27T03:37:24.072240+00:00,1.0,SEMI_SYNTHETIC
edge_171618_88501_770,171618,88501,crisislex_california_fire_81729,2026-09-27T04:29:00.208037+00:00,1.0,SEMI_SYNTHETIC
edge_700897_105674_771,700897,105674,crisismmd_harvey_img_49102,2026-09-27T00:03:30.452185+00:00,1.0,SEMI_SYNTHETIC
edge_210924_142731_772,210924,142731,dfdc_syn_bridge_collapse_84920,2026-09-27T00:16:32.152129+00:00,1.0,SEMI_SYNTHETIC
edge_664280_554315_773,664280,554315,crisislex_california_fire_81729,2026-09-27T04:30:59.305821+00:00,1.0,SEMI_SYNTHETIC
edge_985396_336147_774,985396,336147,crisismmd_harvey_img_49102,2026-09-27T00:03:30.669991+00:00,1.0,SEMI_SYNTHETIC
edge_73648_561356_775,73648,561356,ff_face2face_mayoral_evac_0091,2026-09-27T04:45:30.476359+00:00,1.0,SEMI_SYNTHETIC
edge_288727_378203_776,288727,378203,ff_face2face_mayoral_evac_0091,2026-09-27T04:48:00.220867+00:00,1.0,SEMI_SYNTHETIC
edge_111836_666401_777,111836,666401,humaid_irma_2017_001928,2026-09-27T03:39:55.929845+00:00,1.0,SEMI_SYNTHETIC
edge_270846_732040_778,270846,732040,dfdc_syn_bridge_collapse_84920,2026-09-27T00:16:40.595384+00:00,1.0,SEMI_SYNTHETIC
edge_717256_300743_779,717256,300743,dfdc_syn_bridge_collapse_84920,2026-09-27T00:16:49.413313+00:00,1.0,SEMI_SYNTHETIC
edge_431063_747852_780,431063,747852,ff_face2face_mayoral_evac_0091,2026-09-27T04:50:40.300950+00:00,1.0,SEMI_SYNTHETIC
edge_586802_44677_781,586802,44677,dfdc_syn_bridge_collapse_84920,2026-09-27T00:16:57.887920+00:00,1.0,SEMI_SYNTHETIC
edge_647967_683962_782,647967,683962,crisismmd_harvey_img_49102,2026-09-27T00:03:32.797641+00:00,1.0,SEMI_SYNTHETIC
edge_484379_853776_783,484379,853776,crisislex_california_fire_81729,2026-09-27T04:31:45.673604+00:00,1.0,SEMI_SYNTHETIC
edge_27094_19717_784,27094,19717,ff_face2face_mayoral_evac_0091,2026-09-27T04:50:50.334207+00:00,1.0,SEMI_SYNTHETIC
edge_32755_365505_785,32755,365505,crisismmd_harvey_img_49102,2026-09-27T00:03:32.913406+00:00,1.0,SEMI_SYNTHETIC
edge_172230_653644_786,172230,653644,crisismmd_harvey_img_49102,2026-09-27T00:03:35.219275+00:00,1.0,SEMI_SYNTHETIC
edge_271993_609743_787,271993,609743,ff_face2face_mayoral_evac_0091,2026-09-27T04:52:00.795685+00:00,1.0,SEMI_SYNTHETIC
edge_768729_713787_788,768729,713787,crisismmd_harvey_img_49102,2026-09-27T00:03:35.539847+00:00,1.0,SEMI_SYNTHETIC
edge_614223_252446_789,614223,252446,ff_face2face_mayoral_evac_0091,2026-09-27T04:52:40.189108+00:00,1.0,SEMI_SYNTHETIC
edge_828017_477773_790,828017,477773,humaid_irma_2017_001928,2026-09-27T03:41:47.119149+00:00,1.0,SEMI_SYNTHETIC
edge_922037_416951_791,922037,416951,crisismmd_harvey_img_49102,2026-09-27T00:03:36.474879+00:00,1.0,SEMI_SYNTHETIC
edge_66757_195636_792,66757,195636,crisislex_california_fire_81729,2026-09-27T04:34:33.544642+00:00,1.0,SEMI_SYNTHETIC
edge_741663_630647_793,741663,630647,humaid_irma_2017_001928,2026-09-27T03:42:51.402961+00:00,1.0,SEMI_SYNTHETIC
edge_104458_761678_794,104458,761678,humaid_irma_2017_001928,2026-09-27T03:44:55.920952+00:00,1.0,SEMI_SYNTHETIC
edge_508969_975264_795,508969,975264,crisismmd_harvey_img_49102,2026-09-27T00:03:38.462163+00:00,1.0,SEMI_SYNTHETIC
edge_465596_635339_796,465596,635339,humaid_irma_2017_001928,2026-09-27T03:46:39.106861+00:00,1.0,SEMI_SYNTHETIC
edge_424521_636962_797,424521,636962,dfdc_syn_bridge_collapse_84920,2026-09-27T00:17:09.556381+00:00,1.0,SEMI_SYNTHETIC
edge_85124_375509_798,85124,375509,dfdc_syn_bridge_collapse_84920,2026-09-27T00:17:18.412728+00:00,1.0,SEMI_SYNTHETIC
edge_714378_691725_799,714378,691725,ff_face2face_mayoral_evac_0091,2026-09-27T04:53:45.169087+00:00,1.0,SEMI_SYNTHETIC
edge_817069_185445_800,817069,185445,crisismmd_harvey_img_49102,2026-09-27T00:03:39.398102+00:00,1.0,SEMI_SYNTHETIC
edge_162901_47034_801,162901,47034,crisismmd_harvey_img_49102,2026-09-27T00:03:40.977032+00:00,1.0,SEMI_SYNTHETIC
edge_785507_111883_802,785507,111883,dfdc_syn_bridge_collapse_84920,2026-09-27T00:17:22.208321+00:00,1.0,SEMI_SYNTHETIC
edge_369946_692139_803,369946,692139,crisislex_california_fire_81729,2026-09-27T04:37:21.088690+00:00,1.0,SEMI_SYNTHETIC
edge_785959_271989_804,785959,271989,humaid_irma_2017_001928,2026-09-27T03:47:40.976930+00:00,1.0,SEMI_SYNTHETIC
edge_738834_508357_805,738834,508357,dfdc_syn_bridge_collapse_84920,2026-09-27T00:17:30.858260+00:00,1.0,SEMI_SYNTHETIC
edge_277865_37645_806,277865,37645,humaid_irma_2017_001928,2026-09-27T03:48:55.000064+00:00,1.0,SEMI_SYNTHETIC
edge_497546_749142_807,497546,749142,crisismmd_harvey_img_49102,2026-09-27T00:03:41.558703+00:00,1.0,SEMI_SYNTHETIC
edge_30005_506574_808,30005,506574,humaid_irma_2017_001928,2026-09-27T03:49:16.321689+00:00,1.0,SEMI_SYNTHETIC
edge_957778_135461_809,957778,135461,ff_face2face_mayoral_evac_0091,2026-09-27T04:54:34.467752+00:00,1.0,SEMI_SYNTHETIC
edge_597923_367411_810,597923,367411,crisislex_california_fire_81729,2026-09-27T04:39:01.454000+00:00,1.0,SEMI_SYNTHETIC
edge_523731_266355_811,523731,266355,humaid_irma_2017_001928,2026-09-27T03:49:33.079598+00:00,1.0,SEMI_SYNTHETIC
edge_257678_44677_812,257678,44677,dfdc_syn_bridge_collapse_84920,2026-09-27T00:17:32.115471+00:00,1.0,SEMI_SYNTHETIC
edge_943654_853776_813,943654,853776,crisislex_california_fire_81729,2026-09-27T04:39:58.353307+00:00,1.0,SEMI_SYNTHETIC
edge_368388_926057_814,368388,926057,humaid_irma_2017_001928,2026-09-27T03:52:23.582837+00:00,1.0,SEMI_SYNTHETIC
edge_262036_767065_815,262036,767065,dfdc_syn_bridge_collapse_84920,2026-09-27T00:17:34.344601+00:00,1.0,SEMI_SYNTHETIC
edge_578573_156757_816,578573,156757,ff_face2face_mayoral_evac_0091,2026-09-27T04:57:29.459071+00:00,1.0,SEMI_SYNTHETIC
edge_334008_488160_817,334008,488160,dfdc_syn_bridge_collapse_84920,2026-09-27T00:17:43.479031+00:00,1.0,SEMI_SYNTHETIC
edge_988352_47642_818,988352,47642,crisislex_california_fire_81729,2026-09-27T04:42:42.978969+00:00,1.0,SEMI_SYNTHETIC
edge_343025_558141_819,343025,558141,dfdc_syn_bridge_collapse_84920,2026-09-27T00:17:48.923978+00:00,1.0,SEMI_SYNTHETIC
edge_328083_820883_820,328083,820883,dfdc_syn_bridge_collapse_84920,2026-09-27T00:18:00.103091+00:00,1.0,SEMI_SYNTHETIC
edge_37470_968449_821,37470,968449,crisismmd_harvey_img_49102,2026-09-27T00:03:42.023400+00:00,1.0,SEMI_SYNTHETIC
edge_635329_136215_822,635329,136215,crisislex_california_fire_81729,2026-09-27T04:44:37.859875+00:00,1.0,SEMI_SYNTHETIC
edge_536725_233530_823,536725,233530,humaid_irma_2017_001928,2026-09-27T03:53:34.657264+00:00,1.0,SEMI_SYNTHETIC
edge_506864_82518_824,506864,82518,ff_face2face_mayoral_evac_0091,2026-09-27T04:59:40.502323+00:00,1.0,SEMI_SYNTHETIC
edge_443108_534902_825,443108,534902,dfdc_syn_bridge_collapse_84920,2026-09-27T00:18:04.270914+00:00,1.0,SEMI_SYNTHETIC
edge_731276_629284_826,731276,629284,dfdc_syn_bridge_collapse_84920,2026-09-27T00:18:15.879786+00:00,1.0,SEMI_SYNTHETIC
edge_781051_407382_827,781051,407382,ff_face2face_mayoral_evac_0091,2026-09-27T05:02:21.392099+00:00,1.0,SEMI_SYNTHETIC
edge_572203_653644_828,572203,653644,crisismmd_harvey_img_49102,2026-09-27T00:03:43.069362+00:00,1.0,SEMI_SYNTHETIC
edge_553899_219267_829,553899,219267,humaid_irma_2017_001928,2026-09-27T03:55:13.167610+00:00,1.0,SEMI_SYNTHETIC
edge_315323_75290_830,315323,75290,humaid_irma_2017_001928,2026-09-27T03:56:57.976771+00:00,1.0,SEMI_SYNTHETIC
edge_318721_257745_831,318721,257745,crisismmd_harvey_img_49102,2026-09-27T00:03:45.026187+00:00,1.0,SEMI_SYNTHETIC
edge_104834_43875_832,104834,43875,humaid_irma_2017_001928,2026-09-27T03:59:05.268774+00:00,1.0,SEMI_SYNTHETIC
edge_422160_828017_833,422160,828017,humaid_irma_2017_001928,2026-09-27T03:59:45.829911+00:00,1.0,SEMI_SYNTHETIC
edge_935419_777979_834,935419,777979,ff_face2face_mayoral_evac_0091,2026-09-27T05:02:35.627158+00:00,1.0,SEMI_SYNTHETIC
edge_105620_566379_835,105620,566379,crisismmd_harvey_img_49102,2026-09-27T00:03:45.903966+00:00,1.0,SEMI_SYNTHETIC
edge_772182_135461_836,772182,135461,ff_face2face_mayoral_evac_0091,2026-09-27T05:04:33.419469+00:00,1.0,SEMI_SYNTHETIC
edge_56038_251162_837,56038,251162,crisislex_california_fire_81729,2026-09-27T04:46:31.912206+00:00,1.0,SEMI_SYNTHETIC
edge_921022_247144_838,921022,247144,crisismmd_harvey_img_49102,2026-09-27T00:03:47.361146+00:00,1.0,SEMI_SYNTHETIC
edge_666883_761678_839,666883,761678,humaid_irma_2017_001928,2026-09-27T04:01:07.158799+00:00,1.0,SEMI_SYNTHETIC
edge_490921_635850_840,490921,635850,dfdc_syn_bridge_collapse_84920,2026-09-27T00:18:30.325860+00:00,1.0,SEMI_SYNTHETIC
edge_237408_837043_841,237408,837043,ff_face2face_mayoral_evac_0091,2026-09-27T05:06:15.814666+00:00,1.0,SEMI_SYNTHETIC
edge_16892_981489_842,16892,981489,ff_face2face_mayoral_evac_0091,2026-09-27T05:07:42.950208+00:00,1.0,SEMI_SYNTHETIC
edge_203818_158298_843,203818,158298,crisislex_california_fire_81729,2026-09-27T04:47:29.191405+00:00,1.0,SEMI_SYNTHETIC
edge_888721_572203_844,888721,572203,crisismmd_harvey_img_49102,2026-09-27T00:03:47.549277+00:00,1.0,SEMI_SYNTHETIC
edge_179172_416951_845,179172,416951,crisismmd_harvey_img_49102,2026-09-27T00:03:49.858200+00:00,1.0,SEMI_SYNTHETIC
edge_196037_794140_846,196037,794140,crisislex_california_fire_81729,2026-09-27T04:49:31.548589+00:00,1.0,SEMI_SYNTHETIC
edge_396473_573356_847,396473,573356,crisislex_california_fire_81729,2026-09-27T04:50:42.780659+00:00,1.0,SEMI_SYNTHETIC
edge_503687_706212_848,503687,706212,humaid_irma_2017_001928,2026-09-27T04:03:26.093937+00:00,1.0,SEMI_SYNTHETIC
edge_651784_497192_849,651784,497192,crisismmd_harvey_img_49102,2026-09-27T00:03:50.748300+00:00,1.0,SEMI_SYNTHETIC
edge_769246_789779_850,769246,789779,crisislex_california_fire_81729,2026-09-27T04:52:56.834507+00:00,1.0,SEMI_SYNTHETIC
edge_613080_845457_851,613080,845457,crisismmd_harvey_img_49102,2026-09-27T00:03:51.873229+00:00,1.0,SEMI_SYNTHETIC
edge_774605_320833_852,774605,320833,crisismmd_harvey_img_49102,2026-09-27T00:03:54.198282+00:00,1.0,SEMI_SYNTHETIC
edge_314598_581971_853,314598,581971,ff_face2face_mayoral_evac_0091,2026-09-27T05:10:10.306869+00:00,1.0,SEMI_SYNTHETIC
edge_848403_170053_854,848403,170053,humaid_irma_2017_001928,2026-09-27T04:03:56.189150+00:00,1.0,SEMI_SYNTHETIC
edge_232652_255896_855,232652,255896,ff_face2face_mayoral_evac_0091,2026-09-27T05:11:30.693863+00:00,1.0,SEMI_SYNTHETIC
edge_324870_915997_856,324870,915997,dfdc_syn_bridge_collapse_84920,2026-09-27T00:18:40.986099+00:00,1.0,SEMI_SYNTHETIC
edge_425287_731068_857,425287,731068,crisismmd_harvey_img_49102,2026-09-27T00:03:56.139160+00:00,1.0,SEMI_SYNTHETIC
edge_884329_67443_858,884329,67443,crisislex_california_fire_81729,2026-09-27T04:55:50.053687+00:00,1.0,SEMI_SYNTHETIC
edge_514884_557923_859,514884,557923,ff_face2face_mayoral_evac_0091,2026-09-27T05:14:16.441582+00:00,1.0,SEMI_SYNTHETIC
edge_832072_559395_860,832072,559395,ff_face2face_mayoral_evac_0091,2026-09-27T05:16:58.091498+00:00,1.0,SEMI_SYNTHETIC
edge_571916_391657_861,571916,391657,humaid_irma_2017_001928,2026-09-27T04:06:28.157125+00:00,1.0,SEMI_SYNTHETIC
edge_166557_846507_862,166557,846507,crisislex_california_fire_81729,2026-09-27T04:57:56.587548+00:00,1.0,SEMI_SYNTHETIC
edge_608717_514605_863,608717,514605,humaid_irma_2017_001928,2026-09-27T04:07:35.813036+00:00,1.0,SEMI_SYNTHETIC
edge_754321_794229_864,754321,794229,dfdc_syn_bridge_collapse_84920,2026-09-27T00:18:50.318785+00:00,1.0,SEMI_SYNTHETIC
edge_879749_273926_865,879749,273926,ff_face2face_mayoral_evac_0091,2026-09-27T05:17:22.847121+00:00,1.0,SEMI_SYNTHETIC
edge_825572_657703_866,825572,657703,dfdc_syn_bridge_collapse_84920,2026-09-27T00:18:58.670191+00:00,1.0,SEMI_SYNTHETIC
edge_171562_66904_867,171562,66904,humaid_irma_2017_001928,2026-09-27T04:09:01.254632+00:00,1.0,SEMI_SYNTHETIC
edge_160255_314598_868,160255,314598,ff_face2face_mayoral_evac_0091,2026-09-27T05:19:37.362102+00:00,1.0,SEMI_SYNTHETIC
edge_769767_379038_869,769767,379038,humaid_irma_2017_001928,2026-09-27T04:11:31.018180+00:00,1.0,SEMI_SYNTHETIC
edge_987626_107251_870,987626,107251,ff_face2face_mayoral_evac_0091,2026-09-27T05:21:48.687258+00:00,1.0,SEMI_SYNTHETIC
edge_555865_449589_871,555865,449589,crisislex_california_fire_81729,2026-09-27T05:00:34.806314+00:00,1.0,SEMI_SYNTHETIC
edge_346467_768729_872,346467,768729,crisismmd_harvey_img_49102,2026-09-27T00:03:56.293113+00:00,1.0,SEMI_SYNTHETIC
edge_133365_854554_873,133365,854554,crisismmd_harvey_img_49102,2026-09-27T00:03:57.057072+00:00,1.0,SEMI_SYNTHETIC
edge_117348_754321_874,117348,754321,dfdc_syn_bridge_collapse_84920,2026-09-27T00:19:03.501107+00:00,1.0,SEMI_SYNTHETIC
edge_611969_346467_875,611969,346467,crisismmd_harvey_img_49102,2026-09-27T00:03:58.475550+00:00,1.0,SEMI_SYNTHETIC
edge_63190_111836_876,63190,111836,humaid_irma_2017_001928,2026-09-27T04:12:33.952365+00:00,1.0,SEMI_SYNTHETIC
edge_100302_524858_877,100302,524858,ff_face2face_mayoral_evac_0091,2026-09-27T05:24:32.246967+00:00,1.0,SEMI_SYNTHETIC
edge_337617_572146_878,337617,572146,dfdc_syn_bridge_collapse_84920,2026-09-27T00:19:14.366593+00:00,1.0,SEMI_SYNTHETIC
edge_977609_334008_879,977609,334008,dfdc_syn_bridge_collapse_84920,2026-09-27T00:19:25.347175+00:00,1.0,SEMI_SYNTHETIC
edge_501022_100302_880,501022,100302,ff_face2face_mayoral_evac_0091,2026-09-27T05:26:18.771148+00:00,1.0,SEMI_SYNTHETIC
edge_252948_243524_881,252948,243524,crisismmd_harvey_img_49102,2026-09-27T00:04:00.218297+00:00,1.0,SEMI_SYNTHETIC
edge_202259_249513_882,202259,249513,dfdc_syn_bridge_collapse_84920,2026-09-27T00:19:38.402523+00:00,1.0,SEMI_SYNTHETIC
edge_41734_926602_883,41734,926602,crisismmd_harvey_img_49102,2026-09-27T00:04:02.211366+00:00,1.0,SEMI_SYNTHETIC
edge_815245_756385_884,815245,756385,humaid_irma_2017_001928,2026-09-27T04:13:43.697305+00:00,1.0,SEMI_SYNTHETIC
edge_351699_769246_885,351699,769246,crisislex_california_fire_81729,2026-09-27T05:01:06.463294+00:00,1.0,SEMI_SYNTHETIC
edge_443525_635339_886,443525,635339,humaid_irma_2017_001928,2026-09-27T04:16:08.410565+00:00,1.0,SEMI_SYNTHETIC
edge_367264_123000_887,367264,123000,dfdc_syn_bridge_collapse_84920,2026-09-27T00:19:47.073809+00:00,1.0,SEMI_SYNTHETIC
edge_580977_276105_888,580977,276105,crisislex_california_fire_81729,2026-09-27T05:02:29.758539+00:00,1.0,SEMI_SYNTHETIC
edge_129876_337617_889,129876,337617,dfdc_syn_bridge_collapse_84920,2026-09-27T00:19:57.350381+00:00,1.0,SEMI_SYNTHETIC
edge_332998_303418_890,332998,303418,ff_face2face_mayoral_evac_0091,2026-09-27T05:27:24.085424+00:00,1.0,SEMI_SYNTHETIC
edge_353312_422160_891,353312,422160,humaid_irma_2017_001928,2026-09-27T04:18:00.114626+00:00,1.0,SEMI_SYNTHETIC
edge_859178_536725_892,859178,536725,humaid_irma_2017_001928,2026-09-27T04:18:25.505237+00:00,1.0,SEMI_SYNTHETIC
edge_655474_624923_893,655474,624923,dfdc_syn_bridge_collapse_84920,2026-09-27T00:20:07.602721+00:00,1.0,SEMI_SYNTHETIC
edge_842932_852127_894,842932,852127,dfdc_syn_bridge_collapse_84920,2026-09-27T00:20:11.481985+00:00,1.0,SEMI_SYNTHETIC
edge_103624_252948_895,103624,252948,crisismmd_harvey_img_49102,2026-09-27T00:04:04.515770+00:00,1.0,SEMI_SYNTHETIC
edge_75442_780214_896,75442,780214,crisislex_california_fire_81729,2026-09-27T05:05:27.450219+00:00,1.0,SEMI_SYNTHETIC
edge_125027_880699_897,125027,880699,crisislex_california_fire_81729,2026-09-27T05:08:21.993137+00:00,1.0,SEMI_SYNTHETIC
edge_343580_675320_898,343580,675320,humaid_irma_2017_001928,2026-09-27T04:19:15.496236+00:00,1.0,SEMI_SYNTHETIC
edge_507938_854804_899,507938,854804,ff_face2face_mayoral_evac_0091,2026-09-27T05:28:38.951482+00:00,1.0,SEMI_SYNTHETIC
edge_312483_193869_900,312483,193869,crisislex_california_fire_81729,2026-09-27T05:09:37.374297+00:00,1.0,SEMI_SYNTHETIC
edge_766379_563306_901,766379,563306,dfdc_syn_bridge_collapse_84920,2026-09-27T00:20:14.361869+00:00,1.0,SEMI_SYNTHETIC
edge_855091_473187_902,855091,473187,ff_face2face_mayoral_evac_0091,2026-09-27T05:31:34.697237+00:00,1.0,SEMI_SYNTHETIC
edge_198531_720029_903,198531,720029,ff_face2face_mayoral_evac_0091,2026-09-27T05:34:16.606257+00:00,1.0,SEMI_SYNTHETIC
edge_204816_204760_904,204816,204760,ff_face2face_mayoral_evac_0091,2026-09-27T05:36:00.454762+00:00,1.0,SEMI_SYNTHETIC
edge_292329_700077_905,292329,700077,humaid_irma_2017_001928,2026-09-27T04:21:03.745781+00:00,1.0,SEMI_SYNTHETIC
edge_516743_62578_906,516743,62578,crisislex_california_fire_81729,2026-09-27T05:11:25.354197+00:00,1.0,SEMI_SYNTHETIC
edge_775654_206694_907,775654,206694,humaid_irma_2017_001928,2026-09-27T04:22:52.391474+00:00,1.0,SEMI_SYNTHETIC
edge_267143_732730_908,267143,732730,crisismmd_harvey_img_49102,2026-09-27T00:04:05.731617+00:00,1.0,SEMI_SYNTHETIC
edge_652818_536725_909,652818,536725,humaid_irma_2017_001928,2026-09-27T04:24:58.684057+00:00,1.0,SEMI_SYNTHETIC
edge_960067_926602_910,960067,926602,crisismmd_harvey_img_49102,2026-09-27T00:04:07.115697+00:00,1.0,SEMI_SYNTHETIC
edge_185645_443649_911,185645,443649,crisismmd_harvey_img_49102,2026-09-27T00:04:08.226136+00:00,1.0,SEMI_SYNTHETIC
edge_74401_250633_912,74401,250633,crisislex_california_fire_81729,2026-09-27T05:13:42.756494+00:00,1.0,SEMI_SYNTHETIC
edge_664643_682464_913,664643,682464,crisislex_california_fire_81729,2026-09-27T05:14:21.499965+00:00,1.0,SEMI_SYNTHETIC
edge_274294_514884_914,274294,514884,ff_face2face_mayoral_evac_0091,2026-09-27T05:36:24.481490+00:00,1.0,SEMI_SYNTHETIC
edge_193095_921843_915,193095,921843,crisismmd_harvey_img_49102,2026-09-27T00:04:08.986657+00:00,1.0,SEMI_SYNTHETIC
edge_830539_412206_916,830539,412206,dfdc_syn_bridge_collapse_84920,2026-09-27T00:20:24.590048+00:00,1.0,SEMI_SYNTHETIC
edge_98501_432179_917,98501,432179,ff_face2face_mayoral_evac_0091,2026-09-27T05:37:05.219052+00:00,1.0,SEMI_SYNTHETIC
edge_443007_372544_918,443007,372544,crisislex_california_fire_81729,2026-09-27T05:17:10.270080+00:00,1.0,SEMI_SYNTHETIC
edge_615822_765638_919,615822,765638,dfdc_syn_bridge_collapse_84920,2026-09-27T00:20:34.839390+00:00,1.0,SEMI_SYNTHETIC
edge_185741_903140_920,185741,903140,crisismmd_harvey_img_49102,2026-09-27T00:04:09.217039+00:00,1.0,SEMI_SYNTHETIC
edge_255011_506864_921,255011,506864,ff_face2face_mayoral_evac_0091,2026-09-27T05:38:06.451464+00:00,1.0,SEMI_SYNTHETIC
edge_312820_294434_922,312820,294434,ff_face2face_mayoral_evac_0091,2026-09-27T05:39:37.131693+00:00,1.0,SEMI_SYNTHETIC
edge_53010_795342_923,53010,795342,ff_face2face_mayoral_evac_0091,2026-09-27T05:40:52.072389+00:00,1.0,SEMI_SYNTHETIC
edge_972636_165398_924,972636,165398,crisislex_california_fire_81729,2026-09-27T05:19:08.632186+00:00,1.0,SEMI_SYNTHETIC
edge_696128_48479_925,696128,48479,crisismmd_harvey_img_49102,2026-09-27T00:04:10.120961+00:00,1.0,SEMI_SYNTHETIC
edge_627322_271993_926,627322,271993,ff_face2face_mayoral_evac_0091,2026-09-27T05:43:13.508062+00:00,1.0,SEMI_SYNTHETIC
edge_584213_199179_927,584213,199179,crisislex_california_fire_81729,2026-09-27T05:20:15.991309+00:00,1.0,SEMI_SYNTHETIC
edge_118954_777934_928,118954,777934,humaid_irma_2017_001928,2026-09-27T04:27:30.071272+00:00,1.0,SEMI_SYNTHETIC
edge_34851_964733_929,34851,964733,crisismmd_harvey_img_49102,2026-09-27T00:04:10.747560+00:00,1.0,SEMI_SYNTHETIC
edge_679078_666401_930,679078,666401,humaid_irma_2017_001928,2026-09-27T04:30:19.617202+00:00,1.0,SEMI_SYNTHETIC
edge_810962_932047_931,810962,932047,humaid_irma_2017_001928,2026-09-27T04:30:44.302886+00:00,1.0,SEMI_SYNTHETIC
edge_203213_883074_932,203213,883074,crisislex_california_fire_81729,2026-09-27T05:22:42.535320+00:00,1.0,SEMI_SYNTHETIC
edge_816731_227722_933,816731,227722,ff_face2face_mayoral_evac_0091,2026-09-27T05:45:15.789296+00:00,1.0,SEMI_SYNTHETIC
edge_411393_571147_934,411393,571147,crisismmd_harvey_img_49102,2026-09-27T00:04:11.465168+00:00,1.0,SEMI_SYNTHETIC
edge_82769_179834_935,82769,179834,humaid_irma_2017_001928,2026-09-27T04:31:38.203449+00:00,1.0,SEMI_SYNTHETIC
edge_160861_596179_936,160861,596179,dfdc_syn_bridge_collapse_84920,2026-09-27T00:20:44.383616+00:00,1.0,SEMI_SYNTHETIC
edge_281577_303418_937,281577,303418,ff_face2face_mayoral_evac_0091,2026-09-27T05:46:02.915001+00:00,1.0,SEMI_SYNTHETIC
edge_950061_761678_938,950061,761678,humaid_irma_2017_001928,2026-09-27T04:32:00.173545+00:00,1.0,SEMI_SYNTHETIC
edge_744061_694793_939,744061,694793,humaid_irma_2017_001928,2026-09-27T04:34:48.765478+00:00,1.0,SEMI_SYNTHETIC
edge_511365_16892_940,511365,16892,ff_face2face_mayoral_evac_0091,2026-09-27T05:47:50.603844+00:00,1.0,SEMI_SYNTHETIC
edge_604798_66904_941,604798,66904,humaid_irma_2017_001928,2026-09-27T04:36:30.587360+00:00,1.0,SEMI_SYNTHETIC
edge_688506_591343_942,688506,591343,crisismmd_harvey_img_49102,2026-09-27T00:04:12.365423+00:00,1.0,SEMI_SYNTHETIC
edge_813741_281216_943,813741,281216,crisislex_california_fire_81729,2026-09-27T05:25:17.603473+00:00,1.0,SEMI_SYNTHETIC
edge_323388_123000_944,323388,123000,dfdc_syn_bridge_collapse_84920,2026-09-27T00:20:47.856272+00:00,1.0,SEMI_SYNTHETIC
edge_469259_987957_945,469259,987957,humaid_irma_2017_001928,2026-09-27T04:38:27.792260+00:00,1.0,SEMI_SYNTHETIC
edge_522997_655474_946,522997,655474,dfdc_syn_bridge_collapse_84920,2026-09-27T00:20:49.356048+00:00,1.0,SEMI_SYNTHETIC
edge_48842_36691_947,48842,36691,crisislex_california_fire_81729,2026-09-27T05:27:16.982771+00:00,1.0,SEMI_SYNTHETIC
edge_856309_442067_948,856309,442067,crisismmd_harvey_img_49102,2026-09-27T00:04:14.356091+00:00,1.0,SEMI_SYNTHETIC
edge_787048_960328_949,787048,960328,crisislex_california_fire_81729,2026-09-27T05:28:44.905733+00:00,1.0,SEMI_SYNTHETIC
edge_504109_775654_950,504109,775654,humaid_irma_2017_001928,2026-09-27T04:38:44.061463+00:00,1.0,SEMI_SYNTHETIC
edge_190616_290028_951,190616,290028,crisislex_california_fire_81729,2026-09-27T05:29:02.692021+00:00,1.0,SEMI_SYNTHETIC
edge_885930_732730_952,885930,732730,crisismmd_harvey_img_49102,2026-09-27T00:04:16.425865+00:00,1.0,SEMI_SYNTHETIC
edge_76175_608717_953,76175,608717,humaid_irma_2017_001928,2026-09-27T04:39:13.472009+00:00,1.0,SEMI_SYNTHETIC
edge_431536_614223_954,431536,614223,ff_face2face_mayoral_evac_0091,2026-09-27T05:48:57.952173+00:00,1.0,SEMI_SYNTHETIC
edge_57800_29116_955,57800,29116,crisislex_california_fire_81729,2026-09-27T05:30:45.492436+00:00,1.0,SEMI_SYNTHETIC
edge_186214_411393_956,186214,411393,crisismmd_harvey_img_49102,2026-09-27T00:04:16.677598+00:00,1.0,SEMI_SYNTHETIC
edge_149849_742377_957,149849,742377,crisislex_california_fire_81729,2026-09-27T05:31:23.543478+00:00,1.0,SEMI_SYNTHETIC
edge_16658_386018_958,16658,386018,crisislex_california_fire_81729,2026-09-27T05:32:37.485758+00:00,1.0,SEMI_SYNTHETIC
edge_737191_844328_959,737191,844328,humaid_irma_2017_001928,2026-09-27T04:41:23.618021+00:00,1.0,SEMI_SYNTHETIC
edge_558496_955404_960,558496,955404,ff_face2face_mayoral_evac_0091,2026-09-27T05:51:05.653089+00:00,1.0,SEMI_SYNTHETIC
edge_198744_98025_961,198744,98025,dfdc_syn_bridge_collapse_84920,2026-09-27T00:21:03.489303+00:00,1.0,SEMI_SYNTHETIC
edge_374750_787048_962,374750,787048,crisislex_california_fire_81729,2026-09-27T05:35:29.036429+00:00,1.0,SEMI_SYNTHETIC
edge_658985_856934_963,658985,856934,crisislex_california_fire_81729,2026-09-27T05:36:19.095060+00:00,1.0,SEMI_SYNTHETIC
edge_228217_916222_964,228217,916222,crisislex_california_fire_81729,2026-09-27T05:37:55.376989+00:00,1.0,SEMI_SYNTHETIC
edge_194888_502984_965,194888,502984,dfdc_syn_bridge_collapse_84920,2026-09-27T00:21:06.066811+00:00,1.0,SEMI_SYNTHETIC
edge_273592_572728_966,273592,572728,humaid_irma_2017_001928,2026-09-27T04:41:42.802715+00:00,1.0,SEMI_SYNTHETIC
edge_175722_896486_967,175722,896486,ff_face2face_mayoral_evac_0091,2026-09-27T05:51:23.017061+00:00,1.0,SEMI_SYNTHETIC
edge_476428_394123_968,476428,394123,ff_face2face_mayoral_evac_0091,2026-09-27T05:53:00.550693+00:00,1.0,SEMI_SYNTHETIC
edge_826814_22940_969,826814,22940,crisismmd_harvey_img_49102,2026-09-27T00:04:17.783357+00:00,1.0,SEMI_SYNTHETIC
edge_944664_488160_970,944664,488160,dfdc_syn_bridge_collapse_84920,2026-09-27T00:21:08.439709+00:00,1.0,SEMI_SYNTHETIC
edge_236665_294434_971,236665,294434,ff_face2face_mayoral_evac_0091,2026-09-27T05:54:50.016377+00:00,1.0,SEMI_SYNTHETIC
edge_213586_729380_972,213586,729380,ff_face2face_mayoral_evac_0091,2026-09-27T05:55:30.286707+00:00,1.0,SEMI_SYNTHETIC
edge_72549_613080_973,72549,613080,crisismmd_harvey_img_49102,2026-09-27T00:04:18.368663+00:00,1.0,SEMI_SYNTHETIC
edge_240533_756385_974,240533,756385,humaid_irma_2017_001928,2026-09-27T04:44:17.583447+00:00,1.0,SEMI_SYNTHETIC
edge_616204_136215_975,616204,136215,crisislex_california_fire_81729,2026-09-27T05:38:32.030970+00:00,1.0,SEMI_SYNTHETIC
edge_630317_596179_976,630317,596179,dfdc_syn_bridge_collapse_84920,2026-09-27T00:21:10.650350+00:00,1.0,SEMI_SYNTHETIC
edge_268635_614223_977,268635,614223,ff_face2face_mayoral_evac_0091,2026-09-27T05:56:27.745756+00:00,1.0,SEMI_SYNTHETIC
edge_968141_894027_978,968141,894027,ff_face2face_mayoral_evac_0091,2026-09-27T05:58:16.255151+00:00,1.0,SEMI_SYNTHETIC
edge_45253_683462_979,45253,683462,humaid_irma_2017_001928,2026-09-27T04:45:38.604662+00:00,1.0,SEMI_SYNTHETIC
edge_484419_198531_980,484419,198531,ff_face2face_mayoral_evac_0091,2026-09-27T05:59:47.730939+00:00,1.0,SEMI_SYNTHETIC
edge_149158_733255_981,149158,733255,humaid_irma_2017_001928,2026-09-27T04:47:23.547446+00:00,1.0,SEMI_SYNTHETIC
edge_179662_128414_982,179662,128414,dfdc_syn_bridge_collapse_84920,2026-09-27T00:21:20.717313+00:00,1.0,SEMI_SYNTHETIC
edge_819327_729656_983,819327,729656,crisislex_california_fire_81729,2026-09-27T05:40:49.069708+00:00,1.0,SEMI_SYNTHETIC
edge_748094_747920_984,748094,747920,ff_face2face_mayoral_evac_0091,2026-09-27T06:00:29.171715+00:00,1.0,SEMI_SYNTHETIC
edge_320997_368521_985,320997,368521,humaid_irma_2017_001928,2026-09-27T04:48:38.976922+00:00,1.0,SEMI_SYNTHETIC
edge_835954_258658_986,835954,258658,crisismmd_harvey_img_49102,2026-09-27T00:04:20.143995+00:00,1.0,SEMI_SYNTHETIC
edge_964208_131035_987,964208,131035,crisislex_california_fire_81729,2026-09-27T05:43:28.813740+00:00,1.0,SEMI_SYNTHETIC
edge_393329_171562_988,393329,171562,humaid_irma_2017_001928,2026-09-27T04:49:07.841234+00:00,1.0,SEMI_SYNTHETIC
edge_155129_813741_989,155129,813741,crisislex_california_fire_81729,2026-09-27T05:45:38.642262+00:00,1.0,SEMI_SYNTHETIC
edge_799759_202259_990,799759,202259,dfdc_syn_bridge_collapse_84920,2026-09-27T00:21:29.272187+00:00,1.0,SEMI_SYNTHETIC
edge_300607_717256_991,300607,717256,dfdc_syn_bridge_collapse_84920,2026-09-27T00:21:34.758680+00:00,1.0,SEMI_SYNTHETIC
edge_503002_393588_992,503002,393588,crisismmd_harvey_img_49102,2026-09-27T00:04:21.072539+00:00,1.0,SEMI_SYNTHETIC
edge_716013_687558_993,716013,687558,crisislex_california_fire_81729,2026-09-27T05:48:21.548966+00:00,1.0,SEMI_SYNTHETIC
edge_419660_88463_994,419660,88463,humaid_irma_2017_001928,2026-09-27T04:49:49.861343+00:00,1.0,SEMI_SYNTHETIC
edge_127466_257745_995,127466,257745,crisismmd_harvey_img_49102,2026-09-27T00:04:23.472355+00:00,1.0,SEMI_SYNTHETIC
edge_317410_747920_996,317410,747920,ff_face2face_mayoral_evac_0091,2026-09-27T06:01:04.756387+00:00,1.0,SEMI_SYNTHETIC
edge_783544_241625_997,783544,241625,crisislex_california_fire_81729,2026-09-27T05:51:09.941616+00:00,1.0,SEMI_SYNTHETIC
edge_685987_598933_998,685987,598933,crisismmd_harvey_img_49102,2026-09-27T00:04:24.026101+00:00,1.0,SEMI_SYNTHETIC
edge_632180_810441_999,632180,810441,crisislex_california_fire_81729,2026-09-27T05:52:18.216337+00:00,1.0,SEMI_SYNTHETIC
edge_148364_226092_1000,148364,226092,crisislex_california_fire_81729,2026-09-27T05:54:51.340675+00:00,1.0,SEMI_SYNTHETIC
edge_312143_474586_1001,312143,474586,crisismmd_harvey_img_49102,2026-09-27T00:04:24.538270+00:00,1.0,SEMI_SYNTHETIC
edge_979022_967918_1002,979022,967918,humaid_irma_2017_001928,2026-09-27T04:50:25.078860+00:00,1.0,SEMI_SYNTHETIC
edge_736515_632180_1003,736515,632180,crisislex_california_fire_81729,2026-09-27T05:55:49.832594+00:00,1.0,SEMI_SYNTHETIC
edge_142617_653937_1004,142617,653937,dfdc_syn_bridge_collapse_84920,2026-09-27T00:21:38.016246+00:00,1.0,SEMI_SYNTHETIC
edge_342339_675095_1005,342339,675095,crisismmd_harvey_img_49102,2026-09-27T00:04:25.081062+00:00,1.0,SEMI_SYNTHETIC
edge_326208_272778_1006,326208,272778,dfdc_syn_bridge_collapse_84920,2026-09-27T00:21:44.237055+00:00,1.0,SEMI_SYNTHETIC
edge_982880_541971_1007,982880,541971,humaid_irma_2017_001928,2026-09-27T04:51:43.854456+00:00,1.0,SEMI_SYNTHETIC
edge_688684_21230_1008,688684,21230,humaid_irma_2017_001928,2026-09-27T04:54:38.779984+00:00,1.0,SEMI_SYNTHETIC
edge_709282_781051_1009,709282,781051,ff_face2face_mayoral_evac_0091,2026-09-27T06:03:47.072554+00:00,1.0,SEMI_SYNTHETIC
edge_127771_296604_1010,127771,296604,crisislex_california_fire_81729,2026-09-27T05:58:03.685038+00:00,1.0,SEMI_SYNTHETIC
edge_431139_266355_1011,431139,266355,humaid_irma_2017_001928,2026-09-27T04:55:12.481944+00:00,1.0,SEMI_SYNTHETIC
edge_682465_962538_1012,682465,962538,dfdc_syn_bridge_collapse_84920,2026-09-27T00:21:51.480673+00:00,1.0,SEMI_SYNTHETIC
edge_33643_124532_1013,33643,124532,crisislex_california_fire_81729,2026-09-27T05:58:51.449494+00:00,1.0,SEMI_SYNTHETIC
edge_213895_61685_1014,213895,61685,ff_face2face_mayoral_evac_0091,2026-09-27T06:05:52.173330+00:00,1.0,SEMI_SYNTHETIC
edge_426869_664280_1015,426869,664280,crisislex_california_fire_81729,2026-09-27T06:00:44.312724+00:00,1.0,SEMI_SYNTHETIC
edge_378422_19717_1016,378422,19717,ff_face2face_mayoral_evac_0091,2026-09-27T06:07:05.010424+00:00,1.0,SEMI_SYNTHETIC
edge_475798_27094_1017,475798,27094,ff_face2face_mayoral_evac_0091,2026-09-27T06:09:43.641719+00:00,1.0,SEMI_SYNTHETIC
edge_951331_501022_1018,951331,501022,ff_face2face_mayoral_evac_0091,2026-09-27T06:12:10.268255+00:00,1.0,SEMI_SYNTHETIC
edge_227877_691725_1019,227877,691725,ff_face2face_mayoral_evac_0091,2026-09-27T06:12:43.994762+00:00,1.0,SEMI_SYNTHETIC
edge_404025_517122_1020,404025,517122,crisislex_california_fire_81729,2026-09-27T06:03:42.041243+00:00,1.0,SEMI_SYNTHETIC
edge_494567_311601_1021,494567,311601,ff_face2face_mayoral_evac_0091,2026-09-27T06:14:42.591782+00:00,1.0,SEMI_SYNTHETIC
edge_524416_624923_1022,524416,624923,dfdc_syn_bridge_collapse_84920,2026-09-27T00:21:55.270279+00:00,1.0,SEMI_SYNTHETIC
edge_495964_515382_1023,495964,515382,crisismmd_harvey_img_49102,2026-09-27T00:04:27.184066+00:00,1.0,SEMI_SYNTHETIC
edge_505495_353312_1024,505495,353312,humaid_irma_2017_001928,2026-09-27T04:55:48.666019+00:00,1.0,SEMI_SYNTHETIC
edge_266639_651784_1025,266639,651784,crisismmd_harvey_img_49102,2026-09-27T00:04:28.285242+00:00,1.0,SEMI_SYNTHETIC
edge_389332_10096_1026,389332,10096,crisismmd_harvey_img_49102,2026-09-27T00:04:29.568563+00:00,1.0,SEMI_SYNTHETIC
edge_737968_943654_1027,737968,943654,crisislex_california_fire_81729,2026-09-27T06:05:06.172890+00:00,1.0,SEMI_SYNTHETIC
edge_619908_845457_1028,619908,845457,crisismmd_harvey_img_49102,2026-09-27T00:04:30.898625+00:00,1.0,SEMI_SYNTHETIC
edge_65457_909695_1029,65457,909695,crisismmd_harvey_img_49102,2026-09-27T00:04:32.105131+00:00,1.0,SEMI_SYNTHETIC
edge_315831_564634_1030,315831,564634,ff_face2face_mayoral_evac_0091,2026-09-27T06:16:40.753795+00:00,1.0,SEMI_SYNTHETIC
edge_637847_615693_1031,637847,615693,humaid_irma_2017_001928,2026-09-27T04:57:26.023323+00:00,1.0,SEMI_SYNTHETIC
edge_848732_736515_1032,848732,736515,crisislex_california_fire_81729,2026-09-27T06:06:11.016056+00:00,1.0,SEMI_SYNTHETIC
edge_23524_65457_1033,23524,65457,crisismmd_harvey_img_49102,2026-09-27T00:04:32.435131+00:00,1.0,SEMI_SYNTHETIC
edge_117392_900429_1034,117392,900429,crisismmd_harvey_img_49102,2026-09-27T00:04:33.430365+00:00,1.0,SEMI_SYNTHETIC
edge_733153_880699_1035,733153,880699,crisislex_california_fire_81729,2026-09-27T06:06:58.605351+00:00,1.0,SEMI_SYNTHETIC
edge_851566_203818_1036,851566,203818,crisislex_california_fire_81729,2026-09-27T06:09:32.437208+00:00,1.0,SEMI_SYNTHETIC
edge_28223_306578_1037,28223,306578,ff_face2face_mayoral_evac_0091,2026-09-27T06:19:26.479092+00:00,1.0,SEMI_SYNTHETIC
edge_558532_47034_1038,558532,47034,crisismmd_harvey_img_49102,2026-09-27T00:04:35.188887+00:00,1.0,SEMI_SYNTHETIC
edge_134357_185741_1039,134357,185741,crisismmd_harvey_img_49102,2026-09-27T00:04:35.702184+00:00,1.0,SEMI_SYNTHETIC
edge_92423_294263_1040,92423,294263,dfdc_syn_bridge_collapse_84920,2026-09-27T00:22:05.902939+00:00,1.0,SEMI_SYNTHETIC
edge_215888_965490_1041,215888,965490,humaid_irma_2017_001928,2026-09-27T04:57:49.238324+00:00,1.0,SEMI_SYNTHETIC
edge_79465_532230_1042,79465,532230,crisislex_california_fire_81729,2026-09-27T06:11:23.277157+00:00,1.0,SEMI_SYNTHETIC
edge_626146_503687_1043,626146,503687,humaid_irma_2017_001928,2026-09-27T05:00:07.511870+00:00,1.0,SEMI_SYNTHETIC
edge_617913_296488_1044,617913,296488,dfdc_syn_bridge_collapse_84920,2026-09-27T00:22:16.291348+00:00,1.0,SEMI_SYNTHETIC
edge_539435_160861_1045,539435,160861,dfdc_syn_bridge_collapse_84920,2026-09-27T00:22:29.263281+00:00,1.0,SEMI_SYNTHETIC
edge_760582_368521_1046,760582,368521,humaid_irma_2017_001928,2026-09-27T05:02:36.841576+00:00,1.0,SEMI_SYNTHETIC
edge_113479_572275_1047,113479,572275,crisismmd_harvey_img_49102,2026-09-27T00:04:36.214440+00:00,1.0,SEMI_SYNTHETIC
edge_204118_56038_1048,204118,56038,crisislex_california_fire_81729,2026-09-27T06:13:57.997615+00:00,1.0,SEMI_SYNTHETIC
edge_234682_477773_1049,234682,477773,humaid_irma_2017_001928,2026-09-27T05:03:17.585827+00:00,1.0,SEMI_SYNTHETIC
edge_125674_839683_1050,125674,839683,ff_face2face_mayoral_evac_0091,2026-09-27T06:19:55.662823+00:00,1.0,SEMI_SYNTHETIC
edge_52581_225477_1051,52581,225477,ff_face2face_mayoral_evac_0091,2026-09-27T06:22:15.249348+00:00,1.0,SEMI_SYNTHETIC
edge_337162_981489_1052,337162,981489,ff_face2face_mayoral_evac_0091,2026-09-27T06:22:44.922191+00:00,1.0,SEMI_SYNTHETIC
edge_207955_816731_1053,207955,816731,ff_face2face_mayoral_evac_0091,2026-09-27T06:23:33.320674+00:00,1.0,SEMI_SYNTHETIC
edge_525530_287746_1054,525530,287746,ff_face2face_mayoral_evac_0091,2026-09-27T06:26:22.964614+00:00,1.0,SEMI_SYNTHETIC
edge_160331_891334_1055,160331,891334,ff_face2face_mayoral_evac_0091,2026-09-27T06:27:47.434534+00:00,1.0,SEMI_SYNTHETIC
edge_391377_326282_1056,391377,326282,crisislex_california_fire_81729,2026-09-27T06:16:54.184660+00:00,1.0,SEMI_SYNTHETIC
edge_254181_821982_1057,254181,821982,crisismmd_harvey_img_49102,2026-09-27T00:04:36.795072+00:00,1.0,SEMI_SYNTHETIC
edge_296232_112170_1058,296232,112170,ff_face2face_mayoral_evac_0091,2026-09-27T06:28:44.782650+00:00,1.0,SEMI_SYNTHETIC
edge_518069_337162_1059,518069,337162,ff_face2face_mayoral_evac_0091,2026-09-27T06:29:55.319192+00:00,1.0,SEMI_SYNTHETIC
edge_531429_635850_1060,531429,635850,dfdc_syn_bridge_collapse_84920,2026-09-27T00:22:41.015275+00:00,1.0,SEMI_SYNTHETIC
edge_721047_915997_1061,721047,915997,dfdc_syn_bridge_collapse_84920,2026-09-27T00:22:42.431404+00:00,1.0,SEMI_SYNTHETIC
edge_662179_840541_1062,662179,840541,dfdc_syn_bridge_collapse_84920,2026-09-27T00:22:48.788266+00:00,1.0,SEMI_SYNTHETIC
edge_221740_107716_1063,221740,107716,humaid_irma_2017_001928,2026-09-27T05:05:19.969530+00:00,1.0,SEMI_SYNTHETIC
edge_911431_96702_1064,911431,96702,ff_face2face_mayoral_evac_0091,2026-09-27T06:31:28.661753+00:00,1.0,SEMI_SYNTHETIC
edge_412265_965490_1065,412265,965490,humaid_irma_2017_001928,2026-09-27T05:08:11.908214+00:00,1.0,SEMI_SYNTHETIC
edge_701442_766648_1066,701442,766648,ff_face2face_mayoral_evac_0091,2026-09-27T06:32:53.896298+00:00,1.0,SEMI_SYNTHETIC
edge_337637_683962_1067,337637,683962,crisismmd_harvey_img_49102,2026-09-27T00:04:39.018353+00:00,1.0,SEMI_SYNTHETIC
edge_590684_444130_1068,590684,444130,ff_face2face_mayoral_evac_0091,2026-09-27T06:35:13.778191+00:00,1.0,SEMI_SYNTHETIC
edge_68444_572636_1069,68444,572636,crisislex_california_fire_81729,2026-09-27T06:18:24.053785+00:00,1.0,SEMI_SYNTHETIC
edge_813702_179868_1070,813702,179868,ff_face2face_mayoral_evac_0091,2026-09-27T06:37:04.255861+00:00,1.0,SEMI_SYNTHETIC
edge_394208_834718_1071,394208,834718,crisismmd_harvey_img_49102,2026-09-27T00:04:39.265771+00:00,1.0,SEMI_SYNTHETIC
edge_112078_339445_1072,112078,339445,crisislex_california_fire_81729,2026-09-27T06:18:38.626758+00:00,1.0,SEMI_SYNTHETIC
edge_256019_607983_1073,256019,607983,crisismmd_harvey_img_49102,2026-09-27T00:04:40.354402+00:00,1.0,SEMI_SYNTHETIC
edge_130031_848732_1074,130031,848732,crisislex_california_fire_81729,2026-09-27T06:19:03.066853+00:00,1.0,SEMI_SYNTHETIC
edge_605642_652818_1075,605642,652818,humaid_irma_2017_001928,2026-09-27T05:09:53.439072+00:00,1.0,SEMI_SYNTHETIC
edge_341889_14548_1076,341889,14548,ff_face2face_mayoral_evac_0091,2026-09-27T06:37:59.581071+00:00,1.0,SEMI_SYNTHETIC
edge_734423_444130_1077,734423,444130,ff_face2face_mayoral_evac_0091,2026-09-27T06:39:04.392704+00:00,1.0,SEMI_SYNTHETIC
edge_184721_572203_1078,184721,572203,crisismmd_harvey_img_49102,2026-09-27T00:04:41.646557+00:00,1.0,SEMI_SYNTHETIC
edge_835386_172230_1079,835386,172230,crisismmd_harvey_img_49102,2026-09-27T00:04:44.073184+00:00,1.0,SEMI_SYNTHETIC
edge_431556_573356_1080,431556,573356,crisislex_california_fire_81729,2026-09-27T06:19:49.460471+00:00,1.0,SEMI_SYNTHETIC
edge_109335_736515_1081,109335,736515,crisislex_california_fire_81729,2026-09-27T06:22:05.751435+00:00,1.0,SEMI_SYNTHETIC
edge_229927_691664_1082,229927,691664,crisismmd_harvey_img_49102,2026-09-27T00:04:44.334631+00:00,1.0,SEMI_SYNTHETIC
edge_705684_933783_1083,705684,933783,humaid_irma_2017_001928,2026-09-27T05:11:54.200330+00:00,1.0,SEMI_SYNTHETIC
edge_714181_85124_1084,714181,85124,dfdc_syn_bridge_collapse_84920,2026-09-27T00:22:55.588666+00:00,1.0,SEMI_SYNTHETIC
edge_614864_785507_1085,614864,785507,dfdc_syn_bridge_collapse_84920,2026-09-27T00:23:08.921218+00:00,1.0,SEMI_SYNTHETIC
edge_904199_332998_1086,904199,332998,ff_face2face_mayoral_evac_0091,2026-09-27T06:39:59.941816+00:00,1.0,SEMI_SYNTHETIC
edge_391969_606251_1087,391969,606251,ff_face2face_mayoral_evac_0091,2026-09-27T06:42:48.829925+00:00,1.0,SEMI_SYNTHETIC
edge_440189_852127_1088,440189,852127,dfdc_syn_bridge_collapse_84920,2026-09-27T00:23:12.027835+00:00,1.0,SEMI_SYNTHETIC
edge_687424_694793_1089,687424,694793,humaid_irma_2017_001928,2026-09-27T05:13:51.968003+00:00,1.0,SEMI_SYNTHETIC
edge_39049_277729_1090,39049,277729,crisislex_california_fire_81729,2026-09-27T06:22:55.893506+00:00,1.0,SEMI_SYNTHETIC
edge_688346_283832_1091,688346,283832,crisismmd_harvey_img_49102,2026-09-27T00:04:45.548614+00:00,1.0,SEMI_SYNTHETIC
edge_700666_348548_1092,700666,348548,dfdc_syn_bridge_collapse_84920,2026-09-27T00:23:15.258854+00:00,1.0,SEMI_SYNTHETIC
edge_911339_452374_1093,911339,452374,humaid_irma_2017_001928,2026-09-27T05:16:45.811774+00:00,1.0,SEMI_SYNTHETIC
edge_714299_420623_1094,714299,420623,crisismmd_harvey_img_49102,2026-09-27T00:04:47.092453+00:00,1.0,SEMI_SYNTHETIC
edge_127369_712667_1095,127369,712667,humaid_irma_2017_001928,2026-09-27T05:18:03.283933+00:00,1.0,SEMI_SYNTHETIC
edge_822767_716013_1096,822767,716013,crisislex_california_fire_81729,2026-09-27T06:25:44.492532+00:00,1.0,SEMI_SYNTHETIC
edge_820749_10096_1097,820749,10096,crisismmd_harvey_img_49102,2026-09-27T00:04:48.383936+00:00,1.0,SEMI_SYNTHETIC
edge_790097_495964_1098,790097,495964,crisismmd_harvey_img_49102,2026-09-27T00:04:50.481538+00:00,1.0,SEMI_SYNTHETIC
edge_470823_817788_1099,470823,817788,ff_face2face_mayoral_evac_0091,2026-09-27T06:43:35.891350+00:00,1.0,SEMI_SYNTHETIC
edge_341863_203818_1100,341863,203818,crisislex_california_fire_81729,2026-09-27T06:26:03.999850+00:00,1.0,SEMI_SYNTHETIC
edge_508306_711765_1101,508306,711765,ff_face2face_mayoral_evac_0091,2026-09-27T06:45:41.956886+00:00,1.0,SEMI_SYNTHETIC
edge_892348_382787_1102,892348,382787,crisismmd_harvey_img_49102,2026-09-27T00:04:50.632116+00:00,1.0,SEMI_SYNTHETIC
edge_589577_117197_1103,589577,117197,humaid_irma_2017_001928,2026-09-27T05:20:10.699950+00:00,1.0,SEMI_SYNTHETIC
edge_257864_287198_1104,257864,287198,crisismmd_harvey_img_49102,2026-09-27T00:04:52.899693+00:00,1.0,SEMI_SYNTHETIC
edge_104634_142315_1105,104634,142315,ff_face2face_mayoral_evac_0091,2026-09-27T06:45:53.294124+00:00,1.0,SEMI_SYNTHETIC
edge_672021_272778_1106,672021,272778,dfdc_syn_bridge_collapse_84920,2026-09-27T00:23:20.422775+00:00,1.0,SEMI_SYNTHETIC
edge_503975_765855_1107,503975,765855,ff_face2face_mayoral_evac_0091,2026-09-27T06:48:17.478082+00:00,1.0,SEMI_SYNTHETIC
edge_874446_619908_1108,874446,619908,crisismmd_harvey_img_49102,2026-09-27T00:04:54.721419+00:00,1.0,SEMI_SYNTHETIC
edge_862941_413489_1109,862941,413489,crisismmd_harvey_img_49102,2026-09-27T00:04:56.036622+00:00,1.0,SEMI_SYNTHETIC
edge_682758_953767_1110,682758,953767,crisismmd_harvey_img_49102,2026-09-27T00:04:57.224450+00:00,1.0,SEMI_SYNTHETIC
edge_668816_100302_1111,668816,100302,ff_face2face_mayoral_evac_0091,2026-09-27T06:50:41.951366+00:00,1.0,SEMI_SYNTHETIC
edge_814894_970424_1112,814894,970424,crisislex_california_fire_81729,2026-09-27T06:26:27.979299+00:00,1.0,SEMI_SYNTHETIC
edge_511602_653937_1113,511602,653937,dfdc_syn_bridge_collapse_84920,2026-09-27T00:23:33.280221+00:00,1.0,SEMI_SYNTHETIC
edge_218314_613656_1114,218314,613656,dfdc_syn_bridge_collapse_84920,2026-09-27T00:23:37.929739+00:00,1.0,SEMI_SYNTHETIC
edge_608097_558532_1115,608097,558532,crisismmd_harvey_img_49102,2026-09-27T00:04:57.760984+00:00,1.0,SEMI_SYNTHETIC
edge_960895_63190_1116,960895,63190,humaid_irma_2017_001928,2026-09-27T05:22:57.629050+00:00,1.0,SEMI_SYNTHETIC
edge_430515_559857_1117,430515,559857,ff_face2face_mayoral_evac_0091,2026-09-27T06:51:25.656620+00:00,1.0,SEMI_SYNTHETIC
edge_604797_687558_1118,604797,687558,crisislex_california_fire_81729,2026-09-27T06:27:22.206122+00:00,1.0,SEMI_SYNTHETIC
edge_716331_729656_1119,716331,729656,crisislex_california_fire_81729,2026-09-27T06:28:46.183107+00:00,1.0,SEMI_SYNTHETIC
edge_792702_233788_1120,792702,233788,dfdc_syn_bridge_collapse_84920,2026-09-27T00:23:48.919631+00:00,1.0,SEMI_SYNTHETIC
edge_772008_118310_1121,772008,118310,dfdc_syn_bridge_collapse_84920,2026-09-27T00:23:55.957951+00:00,1.0,SEMI_SYNTHETIC
edge_284516_378203_1122,284516,378203,ff_face2face_mayoral_evac_0091,2026-09-27T06:52:06.319498+00:00,1.0,SEMI_SYNTHETIC
edge_20821_378422_1123,20821,378422,ff_face2face_mayoral_evac_0091,2026-09-27T06:54:50.565298+00:00,1.0,SEMI_SYNTHETIC
edge_412124_365505_1124,412124,365505,crisismmd_harvey_img_49102,2026-09-27T00:05:00.199542+00:00,1.0,SEMI_SYNTHETIC
edge_359031_369536_1125,359031,369536,crisislex_california_fire_81729,2026-09-27T06:29:39.741458+00:00,1.0,SEMI_SYNTHETIC
edge_275978_170422_1126,275978,170422,ff_face2face_mayoral_evac_0091,2026-09-27T06:57:34.963809+00:00,1.0,SEMI_SYNTHETIC
edge_945566_714378_1127,945566,714378,ff_face2face_mayoral_evac_0091,2026-09-27T06:58:36.390059+00:00,1.0,SEMI_SYNTHETIC
edge_365652_372544_1128,365652,372544,crisislex_california_fire_81729,2026-09-27T06:30:20.234736+00:00,1.0,SEMI_SYNTHETIC
edge_283055_841161_1129,283055,841161,dfdc_syn_bridge_collapse_84920,2026-09-27T00:23:58.213023+00:00,1.0,SEMI_SYNTHETIC
edge_388108_550659_1130,388108,550659,humaid_irma_2017_001928,2026-09-27T05:25:53.976872+00:00,1.0,SEMI_SYNTHETIC
edge_981733_117392_1131,981733,117392,crisismmd_harvey_img_49102,2026-09-27T00:05:02.466244+00:00,1.0,SEMI_SYNTHETIC
edge_810771_185645_1132,810771,185645,crisismmd_harvey_img_49102,2026-09-27T00:05:03.612105+00:00,1.0,SEMI_SYNTHETIC
edge_65807_16658_1133,65807,16658,crisislex_california_fire_81729,2026-09-27T06:32:55.250458+00:00,1.0,SEMI_SYNTHETIC
edge_750255_973308_1134,750255,973308,humaid_irma_2017_001928,2026-09-27T05:26:43.053165+00:00,1.0,SEMI_SYNTHETIC
edge_383838_219267_1135,383838,219267,humaid_irma_2017_001928,2026-09-27T05:29:42.237461+00:00,1.0,SEMI_SYNTHETIC
edge_918988_736515_1136,918988,736515,crisislex_california_fire_81729,2026-09-27T06:34:27.734375+00:00,1.0,SEMI_SYNTHETIC
edge_186470_307949_1137,186470,307949,crisismmd_harvey_img_49102,2026-09-27T00:05:03.936692+00:00,1.0,SEMI_SYNTHETIC
edge_14326_365505_1138,14326,365505,crisismmd_harvey_img_49102,2026-09-27T00:05:05.388486+00:00,1.0,SEMI_SYNTHETIC
edge_532307_107966_1139,532307,107966,crisislex_california_fire_81729,2026-09-27T06:35:08.431079+00:00,1.0,SEMI_SYNTHETIC
edge_423316_888721_1140,423316,888721,crisismmd_harvey_img_49102,2026-09-27T00:05:05.550795+00:00,1.0,SEMI_SYNTHETIC
edge_881051_206694_1141,881051,206694,humaid_irma_2017_001928,2026-09-27T05:32:14.523586+00:00,1.0,SEMI_SYNTHETIC
edge_55976_748797_1142,55976,748797,ff_face2face_mayoral_evac_0091,2026-09-27T07:00:03.579497+00:00,1.0,SEMI_SYNTHETIC
edge_915213_989109_1143,915213,989109,ff_face2face_mayoral_evac_0091,2026-09-27T07:01:08.815127+00:00,1.0,SEMI_SYNTHETIC
edge_641548_336147_1144,641548,336147,crisismmd_harvey_img_49102,2026-09-27T00:05:06.426405+00:00,1.0,SEMI_SYNTHETIC
edge_31508_987626_1145,31508,987626,ff_face2face_mayoral_evac_0091,2026-09-27T07:02:02.192990+00:00,1.0,SEMI_SYNTHETIC
edge_171621_300607_1146,171621,300607,dfdc_syn_bridge_collapse_84920,2026-09-27T00:24:04.652064+00:00,1.0,SEMI_SYNTHETIC
edge_386485_173917_1147,386485,173917,ff_face2face_mayoral_evac_0091,2026-09-27T07:04:28.380062+00:00,1.0,SEMI_SYNTHETIC
edge_509583_790097_1148,509583,790097,crisismmd_harvey_img_49102,2026-09-27T00:05:07.756773+00:00,1.0,SEMI_SYNTHETIC
edge_653687_228217_1149,653687,228217,crisislex_california_fire_81729,2026-09-27T06:36:30.353078+00:00,1.0,SEMI_SYNTHETIC
edge_689068_227877_1150,689068,227877,ff_face2face_mayoral_evac_0091,2026-09-27T07:04:54.181130+00:00,1.0,SEMI_SYNTHETIC
edge_98049_300607_1151,98049,300607,dfdc_syn_bridge_collapse_84920,2026-09-27T00:24:18.681411+00:00,1.0,SEMI_SYNTHETIC
edge_143997_981489_1152,143997,981489,ff_face2face_mayoral_evac_0091,2026-09-27T07:05:17.642262+00:00,1.0,SEMI_SYNTHETIC
edge_60046_443649_1153,60046,443649,crisismmd_harvey_img_49102,2026-09-27T00:05:09.876464+00:00,1.0,SEMI_SYNTHETIC
edge_497227_293091_1154,497227,293091,humaid_irma_2017_001928,2026-09-27T05:33:51.804054+00:00,1.0,SEMI_SYNTHETIC
edge_815984_645818_1155,815984,645818,crisislex_california_fire_81729,2026-09-27T06:38:58.533287+00:00,1.0,SEMI_SYNTHETIC
edge_893855_687424_1156,893855,687424,humaid_irma_2017_001928,2026-09-27T05:36:07.691803+00:00,1.0,SEMI_SYNTHETIC
edge_769268_391657_1157,769268,391657,humaid_irma_2017_001928,2026-09-27T05:37:28.454568+00:00,1.0,SEMI_SYNTHETIC
edge_204078_273926_1158,204078,273926,ff_face2face_mayoral_evac_0091,2026-09-27T07:07:13.690029+00:00,1.0,SEMI_SYNTHETIC
edge_28785_827411_1159,28785,827411,crisislex_california_fire_81729,2026-09-27T06:39:52.617291+00:00,1.0,SEMI_SYNTHETIC
edge_434769_712812_1160,434769,712812,humaid_irma_2017_001928,2026-09-27T05:37:40.716350+00:00,1.0,SEMI_SYNTHETIC
edge_388251_616204_1161,388251,616204,crisislex_california_fire_81729,2026-09-27T06:42:06.022230+00:00,1.0,SEMI_SYNTHETIC
edge_210070_210051_1162,210070,210051,ff_face2face_mayoral_evac_0091,2026-09-27T07:09:40.478954+00:00,1.0,SEMI_SYNTHETIC
edge_514487_135710_1163,514487,135710,humaid_irma_2017_001928,2026-09-27T05:39:49.041865+00:00,1.0,SEMI_SYNTHETIC
edge_100275_343025_1164,100275,343025,dfdc_syn_bridge_collapse_84920,2026-09-27T00:24:25.782450+00:00,1.0,SEMI_SYNTHETIC
edge_956251_581971_1165,956251,581971,ff_face2face_mayoral_evac_0091,2026-09-27T07:10:15.667114+00:00,1.0,SEMI_SYNTHETIC
edge_221118_748094_1166,221118,748094,ff_face2face_mayoral_evac_0091,2026-09-27T07:13:09.524482+00:00,1.0,SEMI_SYNTHETIC
edge_899838_431536_1167,899838,431536,ff_face2face_mayoral_evac_0091,2026-09-27T07:13:28.181253+00:00,1.0,SEMI_SYNTHETIC
edge_521177_682464_1168,521177,682464,crisislex_california_fire_81729,2026-09-27T06:43:57.314954+00:00,1.0,SEMI_SYNTHETIC
edge_866360_369946_1169,866360,369946,crisislex_california_fire_81729,2026-09-27T06:45:47.791631+00:00,1.0,SEMI_SYNTHETIC
edge_341192_476991_1170,341192,476991,dfdc_syn_bridge_collapse_84920,2026-09-27T00:24:36.782515+00:00,1.0,SEMI_SYNTHETIC
edge_528823_691664_1171,528823,691664,crisismmd_harvey_img_49102,2026-09-27T00:05:12.119369+00:00,1.0,SEMI_SYNTHETIC
edge_771485_566379_1172,771485,566379,crisismmd_harvey_img_49102,2026-09-27T00:05:13.295350+00:00,1.0,SEMI_SYNTHETIC
edge_728247_409581_1173,728247,409581,crisismmd_harvey_img_49102,2026-09-27T00:05:14.446816+00:00,1.0,SEMI_SYNTHETIC
edge_936074_213993_1174,936074,213993,crisislex_california_fire_81729,2026-09-27T06:48:22.878776+00:00,1.0,SEMI_SYNTHETIC
edge_848603_288727_1175,848603,288727,ff_face2face_mayoral_evac_0091,2026-09-27T07:16:21.347826+00:00,1.0,SEMI_SYNTHETIC
edge_516346_426716_1176,516346,426716,dfdc_syn_bridge_collapse_84920,2026-09-27T00:24:46.488308+00:00,1.0,SEMI_SYNTHETIC
edge_328402_674845_1177,328402,674845,dfdc_syn_bridge_collapse_84920,2026-09-27T00:24:49.676705+00:00,1.0,SEMI_SYNTHETIC
edge_384387_79465_1178,384387,79465,crisislex_california_fire_81729,2026-09-27T06:48:40.877163+00:00,1.0,SEMI_SYNTHETIC
edge_364140_239471_1179,364140,239471,dfdc_syn_bridge_collapse_84920,2026-09-27T00:25:02.267987+00:00,1.0,SEMI_SYNTHETIC
edge_366855_386018_1180,366855,386018,crisislex_california_fire_81729,2026-09-27T06:49:29.414507+00:00,1.0,SEMI_SYNTHETIC
edge_926136_56489_1181,926136,56489,humaid_irma_2017_001928,2026-09-27T05:42:09.957997+00:00,1.0,SEMI_SYNTHETIC
edge_489341_876028_1182,489341,876028,humaid_irma_2017_001928,2026-09-27T05:44:20.046833+00:00,1.0,SEMI_SYNTHETIC
edge_910084_571916_1183,910084,571916,humaid_irma_2017_001928,2026-09-27T05:47:15.738992+00:00,1.0,SEMI_SYNTHETIC
edge_923172_195636_1184,923172,195636,crisislex_california_fire_81729,2026-09-27T06:49:46.549311+00:00,1.0,SEMI_SYNTHETIC
edge_540471_47034_1185,540471,47034,crisismmd_harvey_img_49102,2026-09-27T00:05:14.923694+00:00,1.0,SEMI_SYNTHETIC
edge_138957_881051_1186,138957,881051,humaid_irma_2017_001928,2026-09-27T05:47:51.969267+00:00,1.0,SEMI_SYNTHETIC
edge_885365_287746_1187,885365,287746,ff_face2face_mayoral_evac_0091,2026-09-27T07:19:16.186059+00:00,1.0,SEMI_SYNTHETIC
edge_759941_191594_1188,759941,191594,crisismmd_harvey_img_49102,2026-09-27T00:05:15.711914+00:00,1.0,SEMI_SYNTHETIC
edge_565378_34851_1189,565378,34851,crisismmd_harvey_img_49102,2026-09-27T00:05:17.322571+00:00,1.0,SEMI_SYNTHETIC
edge_903796_873699_1190,903796,873699,dfdc_syn_bridge_collapse_84920,2026-09-27T00:25:05.199908+00:00,1.0,SEMI_SYNTHETIC
edge_762485_186214_1191,762485,186214,crisismmd_harvey_img_49102,2026-09-27T00:05:19.687548+00:00,1.0,SEMI_SYNTHETIC
edge_465157_221740_1192,465157,221740,humaid_irma_2017_001928,2026-09-27T05:48:16.381563+00:00,1.0,SEMI_SYNTHETIC
edge_672288_368388_1193,672288,368388,humaid_irma_2017_001928,2026-09-27T05:50:18.611512+00:00,1.0,SEMI_SYNTHETIC
edge_744831_204118_1194,744831,204118,crisislex_california_fire_81729,2026-09-27T06:52:41.901706+00:00,1.0,SEMI_SYNTHETIC
edge_877176_66215_1195,877176,66215,crisismmd_harvey_img_49102,2026-09-27T00:05:21.519271+00:00,1.0,SEMI_SYNTHETIC
edge_685156_578458_1196,685156,578458,crisislex_california_fire_81729,2026-09-27T06:54:35.669887+00:00,1.0,SEMI_SYNTHETIC
edge_940794_204118_1197,940794,204118,crisislex_california_fire_81729,2026-09-27T06:56:31.811033+00:00,1.0,SEMI_SYNTHETIC
edge_573539_111255_1198,573539,111255,ff_face2face_mayoral_evac_0091,2026-09-27T07:21:38.004116+00:00,1.0,SEMI_SYNTHETIC
edge_546526_950075_1199,546526,950075,dfdc_syn_bridge_collapse_84920,2026-09-27T00:25:13.486484+00:00,1.0,SEMI_SYNTHETIC
edge_943567_449589_1200,943567,449589,crisislex_california_fire_81729,2026-09-27T06:57:39.731543+00:00,1.0,SEMI_SYNTHETIC
edge_539818_995299_1201,539818,995299,crisislex_california_fire_81729,2026-09-27T06:58:33.708874+00:00,1.0,SEMI_SYNTHETIC
edge_139827_21230_1202,139827,21230,humaid_irma_2017_001928,2026-09-27T05:52:51.680697+00:00,1.0,SEMI_SYNTHETIC
edge_365446_760800_1203,365446,760800,humaid_irma_2017_001928,2026-09-27T05:54:17.965968+00:00,1.0,SEMI_SYNTHETIC
edge_323735_213993_1204,323735,213993,crisislex_california_fire_81729,2026-09-27T07:00:19.860403+00:00,1.0,SEMI_SYNTHETIC
edge_353772_372544_1205,353772,372544,crisislex_california_fire_81729,2026-09-27T07:02:24.174149+00:00,1.0,SEMI_SYNTHETIC
edge_756209_704963_1206,756209,704963,dfdc_syn_bridge_collapse_84920,2026-09-27T00:25:26.006282+00:00,1.0,SEMI_SYNTHETIC
edge_235217_989109_1207,235217,989109,ff_face2face_mayoral_evac_0091,2026-09-27T07:22:01.935134+00:00,1.0,SEMI_SYNTHETIC
edge_826656_515382_1208,826656,515382,crisismmd_harvey_img_49102,2026-09-27T00:05:23.243645+00:00,1.0,SEMI_SYNTHETIC
edge_986261_854554_1209,986261,854554,crisismmd_harvey_img_49102,2026-09-27T00:05:24.745974+00:00,1.0,SEMI_SYNTHETIC
edge_755695_779864_1210,755695,779864,ff_face2face_mayoral_evac_0091,2026-09-27T07:24:31.983145+00:00,1.0,SEMI_SYNTHETIC
edge_506349_571527_1211,506349,571527,crisislex_california_fire_81729,2026-09-27T07:05:00.930331+00:00,1.0,SEMI_SYNTHETIC
edge_903719_558141_1212,903719,558141,dfdc_syn_bridge_collapse_84920,2026-09-27T00:25:40.223256+00:00,1.0,SEMI_SYNTHETIC
edge_133461_230800_1213,133461,230800,humaid_irma_2017_001928,2026-09-27T05:55:30.795582+00:00,1.0,SEMI_SYNTHETIC
edge_159044_127466_1214,159044,127466,crisismmd_harvey_img_49102,2026-09-27T00:05:25.573798+00:00,1.0,SEMI_SYNTHETIC
edge_201970_148948_1215,201970,148948,ff_face2face_mayoral_evac_0091,2026-09-27T07:24:50.253823+00:00,1.0,SEMI_SYNTHETIC
edge_447859_48817_1216,447859,48817,ff_face2face_mayoral_evac_0091,2026-09-27T07:25:00.608401+00:00,1.0,SEMI_SYNTHETIC
edge_508312_835954_1217,508312,835954,crisismmd_harvey_img_49102,2026-09-27T00:05:27.031632+00:00,1.0,SEMI_SYNTHETIC
edge_709631_341863_1218,709631,341863,crisislex_california_fire_81729,2026-09-27T07:05:33.507964+00:00,1.0,SEMI_SYNTHETIC
edge_416045_985396_1219,416045,985396,crisismmd_harvey_img_49102,2026-09-27T00:05:27.345988+00:00,1.0,SEMI_SYNTHETIC
edge_687292_213586_1220,687292,213586,ff_face2face_mayoral_evac_0091,2026-09-27T07:26:08.238041+00:00,1.0,SEMI_SYNTHETIC
edge_598297_511602_1221,598297,511602,dfdc_syn_bridge_collapse_84920,2026-09-27T00:25:51.124177+00:00,1.0,SEMI_SYNTHETIC
edge_797017_784483_1222,797017,784483,crisislex_california_fire_81729,2026-09-27T07:05:57.983809+00:00,1.0,SEMI_SYNTHETIC
edge_298319_615693_1223,298319,615693,humaid_irma_2017_001928,2026-09-27T05:56:01.243722+00:00,1.0,SEMI_SYNTHETIC
edge_98759_202259_1224,98759,202259,dfdc_syn_bridge_collapse_84920,2026-09-27T00:26:03.739845+00:00,1.0,SEMI_SYNTHETIC
edge_366470_384387_1225,366470,384387,crisislex_california_fire_81729,2026-09-27T07:07:02.457106+00:00,1.0,SEMI_SYNTHETIC
edge_105446_772182_1226,105446,772182,ff_face2face_mayoral_evac_0091,2026-09-27T07:26:22.327721+00:00,1.0,SEMI_SYNTHETIC
edge_815625_615693_1227,815625,615693,humaid_irma_2017_001928,2026-09-27T05:57:43.346198+00:00,1.0,SEMI_SYNTHETIC
edge_351092_362161_1228,351092,362161,crisismmd_harvey_img_49102,2026-09-27T00:05:29.731183+00:00,1.0,SEMI_SYNTHETIC
edge_946389_97949_1229,946389,97949,humaid_irma_2017_001928,2026-09-27T05:58:44.010335+00:00,1.0,SEMI_SYNTHETIC
edge_261262_356859_1230,261262,356859,ff_face2face_mayoral_evac_0091,2026-09-27T07:29:12.395899+00:00,1.0,SEMI_SYNTHETIC
edge_130671_539818_1231,130671,539818,crisislex_california_fire_81729,2026-09-27T07:07:52.660596+00:00,1.0,SEMI_SYNTHETIC
edge_437288_565378_1232,437288,565378,crisismmd_harvey_img_49102,2026-09-27T00:05:30.946759+00:00,1.0,SEMI_SYNTHETIC
edge_268281_82769_1233,268281,82769,humaid_irma_2017_001928,2026-09-27T05:59:39.767491+00:00,1.0,SEMI_SYNTHETIC
edge_534741_111883_1234,534741,111883,dfdc_syn_bridge_collapse_84920,2026-09-27T00:26:09.004425+00:00,1.0,SEMI_SYNTHETIC
edge_454336_186379_1235,454336,186379,dfdc_syn_bridge_collapse_84920,2026-09-27T00:26:15.230698+00:00,1.0,SEMI_SYNTHETIC
edge_694781_604797_1236,694781,604797,crisislex_california_fire_81729,2026-09-27T07:09:19.456736+00:00,1.0,SEMI_SYNTHETIC
edge_273076_860083_1237,273076,860083,humaid_irma_2017_001928,2026-09-27T05:59:59.997246+00:00,1.0,SEMI_SYNTHETIC
edge_304976_720029_1238,304976,720029,ff_face2face_mayoral_evac_0091,2026-09-27T07:32:12.267017+00:00,1.0,SEMI_SYNTHETIC
edge_880840_57800_1239,880840,57800,crisislex_california_fire_81729,2026-09-27T07:11:05.180604+00:00,1.0,SEMI_SYNTHETIC
edge_851017_241625_1240,851017,241625,crisislex_california_fire_81729,2026-09-27T07:14:04.980217+00:00,1.0,SEMI_SYNTHETIC
edge_267874_682758_1241,267874,682758,crisismmd_harvey_img_49102,2026-09-27T00:05:32.571167+00:00,1.0,SEMI_SYNTHETIC
edge_968417_497546_1242,968417,497546,crisismmd_harvey_img_49102,2026-09-27T00:05:33.491079+00:00,1.0,SEMI_SYNTHETIC
edge_191965_126970_1243,191965,126970,humaid_irma_2017_001928,2026-09-27T06:01:53.490994+00:00,1.0,SEMI_SYNTHETIC
edge_42450_483962_1244,42450,483962,ff_face2face_mayoral_evac_0091,2026-09-27T07:34:31.886108+00:00,1.0,SEMI_SYNTHETIC
edge_415537_506864_1245,415537,506864,ff_face2face_mayoral_evac_0091,2026-09-27T07:36:36.167913+00:00,1.0,SEMI_SYNTHETIC
edge_19818_818206_1246,19818,818206,humaid_irma_2017_001928,2026-09-27T06:02:24.700851+00:00,1.0,SEMI_SYNTHETIC
edge_210814_240533_1247,210814,240533,humaid_irma_2017_001928,2026-09-27T06:04:43.632421+00:00,1.0,SEMI_SYNTHETIC
edge_527795_894247_1248,527795,894247,crisislex_california_fire_81729,2026-09-27T07:16:01.270432+00:00,1.0,SEMI_SYNTHETIC
edge_229242_273592_1249,229242,273592,humaid_irma_2017_001928,2026-09-27T06:05:41.361002+00:00,1.0,SEMI_SYNTHETIC
edge_188758_391969_1250,188758,391969,ff_face2face_mayoral_evac_0091,2026-09-27T07:37:05.028823+00:00,1.0,SEMI_SYNTHETIC
edge_626735_48551_1251,626735,48551,crisislex_california_fire_81729,2026-09-27T07:18:05.540275+00:00,1.0,SEMI_SYNTHETIC
edge_933798_465157_1252,933798,465157,humaid_irma_2017_001928,2026-09-27T06:06:13.024257+00:00,1.0,SEMI_SYNTHETIC
edge_12049_53802_1253,12049,53802,crisismmd_harvey_img_49102,2026-09-27T00:05:34.051523+00:00,1.0,SEMI_SYNTHETIC
edge_297347_489341_1254,297347,489341,humaid_irma_2017_001928,2026-09-27T06:08:48.180425+00:00,1.0,SEMI_SYNTHETIC
edge_59246_789779_1255,59246,789779,crisislex_california_fire_81729,2026-09-27T07:19:34.860019+00:00,1.0,SEMI_SYNTHETIC
edge_360964_514884_1256,360964,514884,ff_face2face_mayoral_evac_0091,2026-09-27T07:38:45.538571+00:00,1.0,SEMI_SYNTHETIC
edge_88056_36691_1257,88056,36691,crisislex_california_fire_81729,2026-09-27T07:22:02.164414+00:00,1.0,SEMI_SYNTHETIC
edge_111424_194888_1258,111424,194888,dfdc_syn_bridge_collapse_84920,2026-09-27T00:26:18.533440+00:00,1.0,SEMI_SYNTHETIC
edge_269159_427754_1259,269159,427754,ff_face2face_mayoral_evac_0091,2026-09-27T07:41:12.908614+00:00,1.0,SEMI_SYNTHETIC
edge_842685_765408_1260,842685,765408,dfdc_syn_bridge_collapse_84920,2026-09-27T00:26:32.956677+00:00,1.0,SEMI_SYNTHETIC
edge_665725_760582_1261,665725,760582,humaid_irma_2017_001928,2026-09-27T06:11:10.057835+00:00,1.0,SEMI_SYNTHETIC
edge_338497_230281_1262,338497,230281,humaid_irma_2017_001928,2026-09-27T06:11:34.598734+00:00,1.0,SEMI_SYNTHETIC
edge_67450_960895_1263,67450,960895,humaid_irma_2017_001928,2026-09-27T06:13:57.648595+00:00,1.0,SEMI_SYNTHETIC
edge_319242_105446_1264,319242,105446,ff_face2face_mayoral_evac_0091,2026-09-27T07:41:34.092958+00:00,1.0,SEMI_SYNTHETIC
edge_485436_561356_1265,485436,561356,ff_face2face_mayoral_evac_0091,2026-09-27T07:42:00.384101+00:00,1.0,SEMI_SYNTHETIC
edge_486133_179868_1266,486133,179868,ff_face2face_mayoral_evac_0091,2026-09-27T07:44:39.973589+00:00,1.0,SEMI_SYNTHETIC
edge_958300_265570_1267,958300,265570,crisislex_california_fire_81729,2026-09-27T07:22:44.886238+00:00,1.0,SEMI_SYNTHETIC
edge_264963_391377_1268,264963,391377,crisislex_california_fire_81729,2026-09-27T07:23:38.454875+00:00,1.0,SEMI_SYNTHETIC
edge_693362_791439_1269,693362,791439,humaid_irma_2017_001928,2026-09-27T06:14:17.932096+00:00,1.0,SEMI_SYNTHETIC
edge_502331_105359_1270,502331,105359,crisismmd_harvey_img_49102,2026-09-27T00:05:35.552321+00:00,1.0,SEMI_SYNTHETIC
edge_258918_105359_1271,258918,105359,crisismmd_harvey_img_49102,2026-09-27T00:05:36.350874+00:00,1.0,SEMI_SYNTHETIC
edge_681670_244026_1272,681670,244026,crisislex_california_fire_81729,2026-09-27T07:26:14.434250+00:00,1.0,SEMI_SYNTHETIC
edge_500106_504109_1273,500106,504109,humaid_irma_2017_001928,2026-09-27T06:15:25.995923+00:00,1.0,SEMI_SYNTHETIC
edge_449033_318721_1274,449033,318721,crisismmd_harvey_img_49102,2026-09-27T00:05:38.495695+00:00,1.0,SEMI_SYNTHETIC
edge_240063_219267_1275,240063,219267,humaid_irma_2017_001928,2026-09-27T06:16:53.227279+00:00,1.0,SEMI_SYNTHETIC
edge_514098_950075_1276,514098,950075,dfdc_syn_bridge_collapse_84920,2026-09-27T00:26:43.661765+00:00,1.0,SEMI_SYNTHETIC
edge_876212_312143_1277,876212,312143,crisismmd_harvey_img_49102,2026-09-27T00:05:40.533146+00:00,1.0,SEMI_SYNTHETIC
edge_314691_39751_1278,314691,39751,crisismmd_harvey_img_49102,2026-09-27T00:05:40.656887+00:00,1.0,SEMI_SYNTHETIC
edge_217434_369536_1279,217434,369536,crisislex_california_fire_81729,2026-09-27T07:28:59.594740+00:00,1.0,SEMI_SYNTHETIC
edge_267912_31053_1280,267912,31053,dfdc_syn_bridge_collapse_84920,2026-09-27T00:26:57.057116+00:00,1.0,SEMI_SYNTHETIC
edge_881834_777934_1281,881834,777934,humaid_irma_2017_001928,2026-09-27T06:17:33.160441+00:00,1.0,SEMI_SYNTHETIC
edge_329891_179868_1282,329891,179868,ff_face2face_mayoral_evac_0091,2026-09-27T07:46:41.301353+00:00,1.0,SEMI_SYNTHETIC
edge_134249_229927_1283,134249,229927,crisismmd_harvey_img_49102,2026-09-27T00:05:42.699658+00:00,1.0,SEMI_SYNTHETIC
edge_402435_58205_1284,402435,58205,dfdc_syn_bridge_collapse_84920,2026-09-27T00:27:09.185690+00:00,1.0,SEMI_SYNTHETIC
edge_905940_170422_1285,905940,170422,ff_face2face_mayoral_evac_0091,2026-09-27T07:49:37.388215+00:00,1.0,SEMI_SYNTHETIC
edge_925251_514098_1286,925251,514098,dfdc_syn_bridge_collapse_84920,2026-09-27T00:27:14.773218+00:00,1.0,SEMI_SYNTHETIC
edge_832781_241625_1287,832781,241625,crisislex_california_fire_81729,2026-09-27T07:31:54.220072+00:00,1.0,SEMI_SYNTHETIC
edge_532807_353772_1288,532807,353772,crisislex_california_fire_81729,2026-09-27T07:32:15.248489+00:00,1.0,SEMI_SYNTHETIC
edge_760413_614864_1289,760413,614864,dfdc_syn_bridge_collapse_84920,2026-09-27T00:27:20.278742+00:00,1.0,SEMI_SYNTHETIC
edge_227264_905940_1290,227264,905940,ff_face2face_mayoral_evac_0091,2026-09-27T07:50:33.005243+00:00,1.0,SEMI_SYNTHETIC
edge_455668_118310_1291,455668,118310,dfdc_syn_bridge_collapse_84920,2026-09-27T00:27:27.607863+00:00,1.0,SEMI_SYNTHETIC
edge_150855_930101_1292,150855,930101,crisislex_california_fire_81729,2026-09-27T07:32:51.974076+00:00,1.0,SEMI_SYNTHETIC
edge_547145_998467_1293,547145,998467,crisismmd_harvey_img_49102,2026-09-27T00:05:43.866471+00:00,1.0,SEMI_SYNTHETIC
edge_342420_614223_1294,342420,614223,ff_face2face_mayoral_evac_0091,2026-09-27T07:51:59.700948+00:00,1.0,SEMI_SYNTHETIC
edge_386536_343580_1295,386536,343580,humaid_irma_2017_001928,2026-09-27T06:18:13.686615+00:00,1.0,SEMI_SYNTHETIC
edge_981616_354061_1296,981616,354061,crisismmd_harvey_img_49102,2026-09-27T00:05:45.988719+00:00,1.0,SEMI_SYNTHETIC
edge_216198_763504_1297,216198,763504,humaid_irma_2017_001928,2026-09-27T06:18:35.815890+00:00,1.0,SEMI_SYNTHETIC
edge_749919_637354_1298,749919,637354,crisismmd_harvey_img_49102,2026-09-27T00:05:46.815236+00:00,1.0,SEMI_SYNTHETIC
edge_966702_341192_1299,966702,341192,dfdc_syn_bridge_collapse_84920,2026-09-27T00:27:42.585534+00:00,1.0,SEMI_SYNTHETIC
edge_871784_495964_1300,871784,495964,crisismmd_harvey_img_49102,2026-09-27T00:05:47.591665+00:00,1.0,SEMI_SYNTHETIC
edge_166532_626146_1301,166532,626146,humaid_irma_2017_001928,2026-09-27T06:20:06.056569+00:00,1.0,SEMI_SYNTHETIC
edge_550882_502984_1302,550882,502984,dfdc_syn_bridge_collapse_84920,2026-09-27T00:27:46.762502+00:00,1.0,SEMI_SYNTHETIC
edge_840382_814894_1303,840382,814894,crisislex_california_fire_81729,2026-09-27T07:35:10.769697+00:00,1.0,SEMI_SYNTHETIC
edge_469990_674845_1304,469990,674845,dfdc_syn_bridge_collapse_84920,2026-09-27T00:27:53.765604+00:00,1.0,SEMI_SYNTHETIC
edge_999178_853776_1305,999178,853776,crisislex_california_fire_81729,2026-09-27T07:35:25.887390+00:00,1.0,SEMI_SYNTHETIC
edge_449507_179868_1306,449507,179868,ff_face2face_mayoral_evac_0091,2026-09-27T07:54:27.469183+00:00,1.0,SEMI_SYNTHETIC
edge_625467_981489_1307,625467,981489,ff_face2face_mayoral_evac_0091,2026-09-27T07:56:47.152252+00:00,1.0,SEMI_SYNTHETIC
edge_605791_216198_1308,605791,216198,humaid_irma_2017_001928,2026-09-27T06:22:52.821081+00:00,1.0,SEMI_SYNTHETIC
edge_224124_787048_1309,224124,787048,crisislex_california_fire_81729,2026-09-27T07:38:11.225263+00:00,1.0,SEMI_SYNTHETIC
edge_607179_73491_1310,607179,73491,humaid_irma_2017_001928,2026-09-27T06:24:33.684480+00:00,1.0,SEMI_SYNTHETIC
edge_876621_656081_1311,876621,656081,crisismmd_harvey_img_49102,2026-09-27T00:05:47.915445+00:00,1.0,SEMI_SYNTHETIC
edge_225893_16892_1312,225893,16892,ff_face2face_mayoral_evac_0091,2026-09-27T07:57:01.714798+00:00,1.0,SEMI_SYNTHETIC
edge_190172_130671_1313,190172,130671,crisislex_california_fire_81729,2026-09-27T07:38:33.121767+00:00,1.0,SEMI_SYNTHETIC
edge_448738_989109_1314,448738,989109,ff_face2face_mayoral_evac_0091,2026-09-27T07:58:18.202694+00:00,1.0,SEMI_SYNTHETIC
edge_922732_971800_1315,922732,971800,humaid_irma_2017_001928,2026-09-27T06:25:49.813273+00:00,1.0,SEMI_SYNTHETIC
edge_994774_262673_1316,994774,262673,ff_face2face_mayoral_evac_0091,2026-09-27T08:00:47.245032+00:00,1.0,SEMI_SYNTHETIC
edge_17804_100898_1317,17804,100898,dfdc_syn_bridge_collapse_84920,2026-09-27T00:28:01.800254+00:00,1.0,SEMI_SYNTHETIC
edge_354867_837043_1318,354867,837043,ff_face2face_mayoral_evac_0091,2026-09-27T08:01:08.119939+00:00,1.0,SEMI_SYNTHETIC
edge_687693_747852_1319,687693,747852,ff_face2face_mayoral_evac_0091,2026-09-27T08:02:36.354714+00:00,1.0,SEMI_SYNTHETIC
edge_652805_788476_1320,652805,788476,ff_face2face_mayoral_evac_0091,2026-09-27T08:03:45.307627+00:00,1.0,SEMI_SYNTHETIC
edge_463065_522997_1321,463065,522997,dfdc_syn_bridge_collapse_84920,2026-09-27T00:28:08.610993+00:00,1.0,SEMI_SYNTHETIC
edge_261338_440189_1322,261338,440189,dfdc_syn_bridge_collapse_84920,2026-09-27T00:28:19.390301+00:00,1.0,SEMI_SYNTHETIC
edge_970806_624923_1323,970806,624923,dfdc_syn_bridge_collapse_84920,2026-09-27T00:28:24.223169+00:00,1.0,SEMI_SYNTHETIC
edge_137119_756209_1324,137119,756209,dfdc_syn_bridge_collapse_84920,2026-09-27T00:28:37.945480+00:00,1.0,SEMI_SYNTHETIC
edge_440016_605642_1325,440016,605642,humaid_irma_2017_001928,2026-09-27T06:28:08.230740+00:00,1.0,SEMI_SYNTHETIC
edge_679900_953767_1326,679900,953767,crisismmd_harvey_img_49102,2026-09-27T00:05:48.513138+00:00,1.0,SEMI_SYNTHETIC
edge_49609_82518_1327,49609,82518,ff_face2face_mayoral_evac_0091,2026-09-27T08:05:00.104074+00:00,1.0,SEMI_SYNTHETIC
edge_496796_810962_1328,496796,810962,humaid_irma_2017_001928,2026-09-27T06:30:18.777673+00:00,1.0,SEMI_SYNTHETIC
edge_468986_45253_1329,468986,45253,humaid_irma_2017_001928,2026-09-27T06:30:42.810940+00:00,1.0,SEMI_SYNTHETIC
edge_195846_179430_1330,195846,179430,crisismmd_harvey_img_49102,2026-09-27T00:05:50.632888+00:00,1.0,SEMI_SYNTHETIC
edge_170952_648551_1331,170952,648551,crisislex_california_fire_81729,2026-09-27T07:40:49.167669+00:00,1.0,SEMI_SYNTHETIC
edge_236667_539435_1332,236667,539435,dfdc_syn_bridge_collapse_84920,2026-09-27T00:28:41.978894+00:00,1.0,SEMI_SYNTHETIC
edge_761210_859178_1333,761210,859178,humaid_irma_2017_001928,2026-09-27T06:33:15.016134+00:00,1.0,SEMI_SYNTHETIC
edge_14892_661517_1334,14892,661517,humaid_irma_2017_001928,2026-09-27T06:34:31.421260+00:00,1.0,SEMI_SYNTHETIC
edge_219700_578573_1335,219700,578573,ff_face2face_mayoral_evac_0091,2026-09-27T08:07:20.513495+00:00,1.0,SEMI_SYNTHETIC
edge_241282_524858_1336,241282,524858,ff_face2face_mayoral_evac_0091,2026-09-27T08:07:35.264004+00:00,1.0,SEMI_SYNTHETIC
edge_185161_967918_1337,185161,967918,humaid_irma_2017_001928,2026-09-27T06:36:56.898368+00:00,1.0,SEMI_SYNTHETIC
edge_989713_399933_1338,989713,399933,crisislex_california_fire_81729,2026-09-27T07:41:17.473920+00:00,1.0,SEMI_SYNTHETIC
edge_192055_777979_1339,192055,777979,ff_face2face_mayoral_evac_0091,2026-09-27T08:08:05.800677+00:00,1.0,SEMI_SYNTHETIC
edge_699922_854554_1340,699922,854554,crisismmd_harvey_img_49102,2026-09-27T00:05:50.761643+00:00,1.0,SEMI_SYNTHETIC
edge_326181_827411_1341,326181,827411,crisislex_california_fire_81729,2026-09-27T07:42:30.200513+00:00,1.0,SEMI_SYNTHETIC
edge_189787_210070_1342,189787,210070,ff_face2face_mayoral_evac_0091,2026-09-27T08:11:02.928101+00:00,1.0,SEMI_SYNTHETIC
edge_720830_76175_1343,720830,76175,humaid_irma_2017_001928,2026-09-27T06:38:48.875783+00:00,1.0,SEMI_SYNTHETIC
edge_902919_714181_1344,902919,714181,dfdc_syn_bridge_collapse_84920,2026-09-27T00:28:47.627546+00:00,1.0,SEMI_SYNTHETIC
edge_410945_553899_1345,410945,553899,humaid_irma_2017_001928,2026-09-27T06:39:55.843670+00:00,1.0,SEMI_SYNTHETIC
edge_32243_534902_1346,32243,534902,dfdc_syn_bridge_collapse_84920,2026-09-27T00:28:55.675427+00:00,1.0,SEMI_SYNTHETIC
edge_72833_305192_1347,72833,305192,humaid_irma_2017_001928,2026-09-27T06:40:58.347937+00:00,1.0,SEMI_SYNTHETIC
edge_259628_591868_1348,259628,591868,ff_face2face_mayoral_evac_0091,2026-09-27T08:12:03.352605+00:00,1.0,SEMI_SYNTHETIC
edge_301636_172555_1349,301636,172555,crisislex_california_fire_81729,2026-09-27T07:45:28.254247+00:00,1.0,SEMI_SYNTHETIC
edge_250134_368388_1350,250134,368388,humaid_irma_2017_001928,2026-09-27T06:42:36.896323+00:00,1.0,SEMI_SYNTHETIC
edge_850383_670626_1351,850383,670626,crisismmd_harvey_img_49102,2026-09-27T00:05:51.684191+00:00,1.0,SEMI_SYNTHETIC
edge_473849_73941_1352,473849,73941,dfdc_syn_bridge_collapse_84920,2026-09-27T00:29:05.188312+00:00,1.0,SEMI_SYNTHETIC
edge_675181_827711_1353,675181,827711,humaid_irma_2017_001928,2026-09-27T06:45:14.773669+00:00,1.0,SEMI_SYNTHETIC
edge_843862_731276_1354,843862,731276,dfdc_syn_bridge_collapse_84920,2026-09-27T00:29:07.946166+00:00,1.0,SEMI_SYNTHETIC
edge_182132_976879_1355,182132,976879,dfdc_syn_bridge_collapse_84920,2026-09-27T00:29:16.050110+00:00,1.0,SEMI_SYNTHETIC
edge_614422_16687_1356,614422,16687,dfdc_syn_bridge_collapse_84920,2026-09-27T00:29:22.986345+00:00,1.0,SEMI_SYNTHETIC
edge_427589_726318_1357,427589,726318,dfdc_syn_bridge_collapse_84920,2026-09-27T00:29:27.792396+00:00,1.0,SEMI_SYNTHETIC
edge_869416_431536_1358,869416,431536,ff_face2face_mayoral_evac_0091,2026-09-27T08:13:28.386537+00:00,1.0,SEMI_SYNTHETIC
edge_634094_428098_1359,634094,428098,ff_face2face_mayoral_evac_0091,2026-09-27T08:13:41.754420+00:00,1.0,SEMI_SYNTHETIC
edge_485637_604797_1360,485637,604797,crisislex_california_fire_81729,2026-09-27T07:47:41.784447+00:00,1.0,SEMI_SYNTHETIC
edge_215222_211603_1361,215222,211603,crisislex_california_fire_81729,2026-09-27T07:49:34.808758+00:00,1.0,SEMI_SYNTHETIC
edge_402437_171621_1362,402437,171621,dfdc_syn_bridge_collapse_84920,2026-09-27T00:29:28.850924+00:00,1.0,SEMI_SYNTHETIC
edge_523331_578573_1363,523331,578573,ff_face2face_mayoral_evac_0091,2026-09-27T08:16:31.602867+00:00,1.0,SEMI_SYNTHETIC
edge_987408_107966_1364,987408,107966,crisislex_california_fire_81729,2026-09-27T07:49:56.918599+00:00,1.0,SEMI_SYNTHETIC
edge_767329_598297_1365,767329,598297,dfdc_syn_bridge_collapse_84920,2026-09-27T00:29:40.532236+00:00,1.0,SEMI_SYNTHETIC
edge_981525_557957_1366,981525,557957,ff_face2face_mayoral_evac_0091,2026-09-27T08:18:29.549424+00:00,1.0,SEMI_SYNTHETIC
edge_671601_455668_1367,671601,455668,dfdc_syn_bridge_collapse_84920,2026-09-27T00:29:44.925176+00:00,1.0,SEMI_SYNTHETIC
edge_724149_230800_1368,724149,230800,humaid_irma_2017_001928,2026-09-27T06:47:23.343811+00:00,1.0,SEMI_SYNTHETIC
edge_22936_970806_1369,22936,970806,dfdc_syn_bridge_collapse_84920,2026-09-27T00:29:54.355267+00:00,1.0,SEMI_SYNTHETIC
edge_553725_127369_1370,553725,127369,humaid_irma_2017_001928,2026-09-27T06:49:22.891367+00:00,1.0,SEMI_SYNTHETIC
edge_569102_66415_1371,569102,66415,ff_face2face_mayoral_evac_0091,2026-09-27T08:19:07.739437+00:00,1.0,SEMI_SYNTHETIC
edge_677083_766648_1372,677083,766648,ff_face2face_mayoral_evac_0091,2026-09-27T08:20:57.372998+00:00,1.0,SEMI_SYNTHETIC
edge_742964_411650_1373,742964,411650,crisismmd_harvey_img_49102,2026-09-27T00:05:53.738338+00:00,1.0,SEMI_SYNTHETIC
edge_740140_915997_1374,740140,915997,dfdc_syn_bridge_collapse_84920,2026-09-27T00:30:06.784718+00:00,1.0,SEMI_SYNTHETIC
edge_402850_96702_1375,402850,96702,ff_face2face_mayoral_evac_0091,2026-09-27T08:22:58.641601+00:00,1.0,SEMI_SYNTHETIC
edge_604639_125266_1376,604639,125266,dfdc_syn_bridge_collapse_84920,2026-09-27T00:30:10.557005+00:00,1.0,SEMI_SYNTHETIC
edge_211205_760413_1377,211205,760413,dfdc_syn_bridge_collapse_84920,2026-09-27T00:30:14.370177+00:00,1.0,SEMI_SYNTHETIC
edge_93686_278355_1378,93686,278355,ff_face2face_mayoral_evac_0091,2026-09-27T08:24:23.565777+00:00,1.0,SEMI_SYNTHETIC
edge_256184_130944_1379,256184,130944,ff_face2face_mayoral_evac_0091,2026-09-27T08:24:54.761645+00:00,1.0,SEMI_SYNTHETIC
edge_111546_84441_1380,111546,84441,humaid_irma_2017_001928,2026-09-27T06:49:34.507485+00:00,1.0,SEMI_SYNTHETIC
edge_506219_514605_1381,506219,514605,humaid_irma_2017_001928,2026-09-27T06:50:48.370672+00:00,1.0,SEMI_SYNTHETIC
edge_866526_943654_1382,866526,943654,crisislex_california_fire_81729,2026-09-27T07:51:19.925715+00:00,1.0,SEMI_SYNTHETIC
edge_925488_903140_1383,925488,903140,crisismmd_harvey_img_49102,2026-09-27T00:05:55.434526+00:00,1.0,SEMI_SYNTHETIC
edge_36927_960895_1384,36927,960895,humaid_irma_2017_001928,2026-09-27T06:50:58.895065+00:00,1.0,SEMI_SYNTHETIC
edge_483870_88501_1385,483870,88501,crisislex_california_fire_81729,2026-09-27T07:52:17.435195+00:00,1.0,SEMI_SYNTHETIC
edge_27438_107251_1386,27438,107251,ff_face2face_mayoral_evac_0091,2026-09-27T08:26:32.297025+00:00,1.0,SEMI_SYNTHETIC
edge_646237_268281_1387,646237,268281,humaid_irma_2017_001928,2026-09-27T06:53:53.726653+00:00,1.0,SEMI_SYNTHETIC
edge_779946_532307_1388,779946,532307,crisislex_california_fire_81729,2026-09-27T07:54:42.408459+00:00,1.0,SEMI_SYNTHETIC
edge_832987_694781_1389,832987,694781,crisislex_california_fire_81729,2026-09-27T07:55:25.571541+00:00,1.0,SEMI_SYNTHETIC
edge_882786_636410_1390,882786,636410,crisislex_california_fire_81729,2026-09-27T07:55:40.968318+00:00,1.0,SEMI_SYNTHETIC
edge_515590_68444_1391,515590,68444,crisislex_california_fire_81729,2026-09-27T07:58:38.795651+00:00,1.0,SEMI_SYNTHETIC
edge_103776_682465_1392,103776,682465,dfdc_syn_bridge_collapse_84920,2026-09-27T00:30:18.777161+00:00,1.0,SEMI_SYNTHETIC
edge_241081_234682_1393,241081,234682,humaid_irma_2017_001928,2026-09-27T06:54:30.966650+00:00,1.0,SEMI_SYNTHETIC
edge_674323_210051_1394,674323,210051,ff_face2face_mayoral_evac_0091,2026-09-27T08:29:24.052685+00:00,1.0,SEMI_SYNTHETIC
edge_685268_761678_1395,685268,761678,humaid_irma_2017_001928,2026-09-27T06:56:56.208529+00:00,1.0,SEMI_SYNTHETIC
edge_244410_175722_1396,244410,175722,ff_face2face_mayoral_evac_0091,2026-09-27T08:31:25.219025+00:00,1.0,SEMI_SYNTHETIC
edge_610665_856313_1397,610665,856313,crisismmd_harvey_img_49102,2026-09-27T00:05:55.744959+00:00,1.0,SEMI_SYNTHETIC
edge_74891_3286_1398,74891,3286,crisismmd_harvey_img_49102,2026-09-27T00:05:58.134724+00:00,1.0,SEMI_SYNTHETIC
edge_392755_653937_1399,392755,653937,dfdc_syn_bridge_collapse_84920,2026-09-27T00:30:31.636821+00:00,1.0,SEMI_SYNTHETIC
edge_424515_392746_1400,424515,392746,dfdc_syn_bridge_collapse_84920,2026-09-27T00:30:39.913340+00:00,1.0,SEMI_SYNTHETIC
edge_534112_894027_1401,534112,894027,ff_face2face_mayoral_evac_0091,2026-09-27T08:32:28.926483+00:00,1.0,SEMI_SYNTHETIC
edge_850215_92423_1402,850215,92423,dfdc_syn_bridge_collapse_84920,2026-09-27T00:30:49.333856+00:00,1.0,SEMI_SYNTHETIC
edge_898845_265761_1403,898845,265761,humaid_irma_2017_001928,2026-09-27T06:58:48.018181+00:00,1.0,SEMI_SYNTHETIC
edge_71669_985402_1404,71669,985402,ff_face2face_mayoral_evac_0091,2026-09-27T08:34:26.209585+00:00,1.0,SEMI_SYNTHETIC
edge_978001_330984_1405,978001,330984,crisismmd_harvey_img_49102,2026-09-27T00:05:58.601209+00:00,1.0,SEMI_SYNTHETIC
edge_701274_852127_1406,701274,852127,dfdc_syn_bridge_collapse_84920,2026-09-27T00:31:02.328759+00:00,1.0,SEMI_SYNTHETIC
edge_720828_31053_1407,720828,31053,dfdc_syn_bridge_collapse_84920,2026-09-27T00:31:17.203644+00:00,1.0,SEMI_SYNTHETIC
edge_306080_876621_1408,306080,876621,crisismmd_harvey_img_49102,2026-09-27T00:06:00.519723+00:00,1.0,SEMI_SYNTHETIC
edge_349128_437940_1409,349128,437940,dfdc_syn_bridge_collapse_84920,2026-09-27T00:31:28.019165+00:00,1.0,SEMI_SYNTHETIC
edge_696433_995299_1410,696433,995299,crisislex_california_fire_81729,2026-09-27T08:01:15.991074+00:00,1.0,SEMI_SYNTHETIC
edge_229955_740140_1411,229955,740140,dfdc_syn_bridge_collapse_84920,2026-09-27T00:31:35.205537+00:00,1.0,SEMI_SYNTHETIC
edge_613646_283055_1412,613646,283055,dfdc_syn_bridge_collapse_84920,2026-09-27T00:31:46.500002+00:00,1.0,SEMI_SYNTHETIC
edge_186394_531429_1413,186394,531429,dfdc_syn_bridge_collapse_84920,2026-09-27T00:31:52.771783+00:00,1.0,SEMI_SYNTHETIC
edge_550472_690776_1414,550472,690776,humaid_irma_2017_001928,2026-09-27T06:59:58.467436+00:00,1.0,SEMI_SYNTHETIC
edge_45644_658985_1415,45644,658985,crisislex_california_fire_81729,2026-09-27T08:02:39.740719+00:00,1.0,SEMI_SYNTHETIC
edge_823537_973800_1416,823537,973800,ff_face2face_mayoral_evac_0091,2026-09-27T08:35:59.275987+00:00,1.0,SEMI_SYNTHETIC
edge_673049_760582_1417,673049,760582,humaid_irma_2017_001928,2026-09-27T07:02:20.681674+00:00,1.0,SEMI_SYNTHETIC
edge_682566_607983_1418,682566,607983,crisismmd_harvey_img_49102,2026-09-27T00:06:00.647569+00:00,1.0,SEMI_SYNTHETIC
edge_297021_779946_1419,297021,779946,crisislex_california_fire_81729,2026-09-27T08:03:27.979676+00:00,1.0,SEMI_SYNTHETIC
edge_322856_922732_1420,322856,922732,humaid_irma_2017_001928,2026-09-27T07:04:45.720105+00:00,1.0,SEMI_SYNTHETIC
edge_862353_660403_1421,862353,660403,humaid_irma_2017_001928,2026-09-27T07:05:51.009031+00:00,1.0,SEMI_SYNTHETIC
edge_77037_689068_1422,77037,689068,ff_face2face_mayoral_evac_0091,2026-09-27T08:37:43.806215+00:00,1.0,SEMI_SYNTHETIC
edge_700573_107966_1423,700573,107966,crisislex_california_fire_81729,2026-09-27T08:05:09.606580+00:00,1.0,SEMI_SYNTHETIC
edge_478957_408591_1424,478957,408591,dfdc_syn_bridge_collapse_84920,2026-09-27T00:32:05.839831+00:00,1.0,SEMI_SYNTHETIC
edge_599820_11533_1425,599820,11533,humaid_irma_2017_001928,2026-09-27T07:06:07.663368+00:00,1.0,SEMI_SYNTHETIC
edge_580873_422160_1426,580873,422160,humaid_irma_2017_001928,2026-09-27T07:06:32.047124+00:00,1.0,SEMI_SYNTHETIC
edge_701176_241081_1427,701176,241081,humaid_irma_2017_001928,2026-09-27T07:07:24.264428+00:00,1.0,SEMI_SYNTHETIC
edge_379221_738834_1428,379221,738834,dfdc_syn_bridge_collapse_84920,2026-09-27T00:32:14.918832+00:00,1.0,SEMI_SYNTHETIC
edge_48518_789779_1429,48518,789779,crisislex_california_fire_81729,2026-09-27T08:05:55.279296+00:00,1.0,SEMI_SYNTHETIC
edge_630529_191594_1430,630529,191594,crisismmd_harvey_img_49102,2026-09-27T00:06:02.802173+00:00,1.0,SEMI_SYNTHETIC
edge_283336_731276_1431,283336,731276,dfdc_syn_bridge_collapse_84920,2026-09-27T00:32:26.126294+00:00,1.0,SEMI_SYNTHETIC
edge_456004_878726_1432,456004,878726,dfdc_syn_bridge_collapse_84920,2026-09-27T00:32:32.727125+00:00,1.0,SEMI_SYNTHETIC
edge_673874_98049_1433,673874,98049,dfdc_syn_bridge_collapse_84920,2026-09-27T00:32:41.229785+00:00,1.0,SEMI_SYNTHETIC
edge_546270_300607_1434,546270,300607,dfdc_syn_bridge_collapse_84920,2026-09-27T00:32:52.232015+00:00,1.0,SEMI_SYNTHETIC
edge_37168_558496_1435,37168,558496,ff_face2face_mayoral_evac_0091,2026-09-27T08:40:13.472742+00:00,1.0,SEMI_SYNTHETIC
edge_585006_125266_1436,585006,125266,dfdc_syn_bridge_collapse_84920,2026-09-27T00:32:54.317359+00:00,1.0,SEMI_SYNTHETIC
edge_163437_572203_1437,163437,572203,crisismmd_harvey_img_49102,2026-09-27T00:06:04.438599+00:00,1.0,SEMI_SYNTHETIC
edge_407024_585006_1438,407024,585006,dfdc_syn_bridge_collapse_84920,2026-09-27T00:32:59.148414+00:00,1.0,SEMI_SYNTHETIC
edge_110181_571916_1439,110181,571916,humaid_irma_2017_001928,2026-09-27T07:08:04.138761+00:00,1.0,SEMI_SYNTHETIC
edge_189041_913625_1440,189041,913625,crisislex_california_fire_81729,2026-09-27T08:08:32.397015+00:00,1.0,SEMI_SYNTHETIC
edge_633501_143997_1441,633501,143997,ff_face2face_mayoral_evac_0091,2026-09-27T08:40:54.187064+00:00,1.0,SEMI_SYNTHETIC
edge_757868_590099_1442,757868,590099,ff_face2face_mayoral_evac_0091,2026-09-27T08:42:25.253582+00:00,1.0,SEMI_SYNTHETIC
edge_973055_233788_1443,973055,233788,dfdc_syn_bridge_collapse_84920,2026-09-27T00:33:02.145796+00:00,1.0,SEMI_SYNTHETIC
edge_201999_134357_1444,201999,134357,crisismmd_harvey_img_49102,2026-09-27T00:06:06.236605+00:00,1.0,SEMI_SYNTHETIC
edge_555883_443301_1445,555883,443301,crisismmd_harvey_img_49102,2026-09-27T00:06:08.252930+00:00,1.0,SEMI_SYNTHETIC
edge_436261_478957_1446,436261,478957,dfdc_syn_bridge_collapse_84920,2026-09-27T00:33:07.418420+00:00,1.0,SEMI_SYNTHETIC
edge_183133_233530_1447,183133,233530,humaid_irma_2017_001928,2026-09-27T07:10:02.033797+00:00,1.0,SEMI_SYNTHETIC
edge_454579_14892_1448,454579,14892,humaid_irma_2017_001928,2026-09-27T07:12:18.413405+00:00,1.0,SEMI_SYNTHETIC
edge_568271_531429_1449,568271,531429,dfdc_syn_bridge_collapse_84920,2026-09-27T00:33:15.133603+00:00,1.0,SEMI_SYNTHETIC
edge_746720_287746_1450,746720,287746,ff_face2face_mayoral_evac_0091,2026-09-27T08:42:37.616627+00:00,1.0,SEMI_SYNTHETIC
edge_646877_876621_1451,646877,876621,crisismmd_harvey_img_49102,2026-09-27T00:06:08.939073+00:00,1.0,SEMI_SYNTHETIC
edge_246001_257678_1452,246001,257678,dfdc_syn_bridge_collapse_84920,2026-09-27T00:33:25.576913+00:00,1.0,SEMI_SYNTHETIC
edge_529577_916924_1453,529577,916924,crisismmd_harvey_img_49102,2026-09-27T00:06:11.053654+00:00,1.0,SEMI_SYNTHETIC
edge_902104_320833_1454,902104,320833,crisismmd_harvey_img_49102,2026-09-27T00:06:13.481002+00:00,1.0,SEMI_SYNTHETIC
edge_12342_368521_1455,12342,368521,humaid_irma_2017_001928,2026-09-27T07:13:17.724411+00:00,1.0,SEMI_SYNTHETIC
edge_990853_797017_1456,990853,797017,crisislex_california_fire_81729,2026-09-27T08:09:49.312666+00:00,1.0,SEMI_SYNTHETIC
edge_354511_871722_1457,354511,871722,crisislex_california_fire_81729,2026-09-27T08:12:23.532469+00:00,1.0,SEMI_SYNTHETIC
edge_381754_884625_1458,381754,884625,humaid_irma_2017_001928,2026-09-27T07:13:28.600661+00:00,1.0,SEMI_SYNTHETIC
edge_440670_284516_1459,440670,284516,ff_face2face_mayoral_evac_0091,2026-09-27T08:44:11.264467+00:00,1.0,SEMI_SYNTHETIC
edge_503563_168471_1460,503563,168471,ff_face2face_mayoral_evac_0091,2026-09-27T08:44:22.439244+00:00,1.0,SEMI_SYNTHETIC
edge_123974_850383_1461,123974,850383,crisismmd_harvey_img_49102,2026-09-27T00:06:14.455792+00:00,1.0,SEMI_SYNTHETIC
edge_386687_558496_1462,386687,558496,ff_face2face_mayoral_evac_0091,2026-09-27T08:44:59.951075+00:00,1.0,SEMI_SYNTHETIC
edge_451508_344165_1463,451508,344165,dfdc_syn_bridge_collapse_84920,2026-09-27T00:33:28.126232+00:00,1.0,SEMI_SYNTHETIC
edge_134562_605791_1464,134562,605791,humaid_irma_2017_001928,2026-09-27T07:14:05.853786+00:00,1.0,SEMI_SYNTHETIC
edge_797574_853776_1465,797574,853776,crisislex_california_fire_81729,2026-09-27T08:13:57.778960+00:00,1.0,SEMI_SYNTHETIC
edge_125063_232652_1466,125063,232652,ff_face2face_mayoral_evac_0091,2026-09-27T08:46:35.267034+00:00,1.0,SEMI_SYNTHETIC
edge_64567_135710_1467,64567,135710,humaid_irma_2017_001928,2026-09-27T07:14:37.294794+00:00,1.0,SEMI_SYNTHETIC
edge_513518_522340_1468,513518,522340,crisismmd_harvey_img_49102,2026-09-27T00:06:15.586988+00:00,1.0,SEMI_SYNTHETIC
edge_774672_634094_1469,774672,634094,ff_face2face_mayoral_evac_0091,2026-09-27T08:46:59.311566+00:00,1.0,SEMI_SYNTHETIC
edge_745005_732040_1470,745005,732040,dfdc_syn_bridge_collapse_84920,2026-09-27T00:33:33.062176+00:00,1.0,SEMI_SYNTHETIC
edge_650785_98425_1471,650785,98425,ff_face2face_mayoral_evac_0091,2026-09-27T08:47:43.041684+00:00,1.0,SEMI_SYNTHETIC
edge_430775_141414_1472,430775,141414,crisislex_california_fire_81729,2026-09-27T08:15:54.693304+00:00,1.0,SEMI_SYNTHETIC
edge_916336_206059_1473,916336,206059,dfdc_syn_bridge_collapse_84920,2026-09-27T00:33:47.069553+00:00,1.0,SEMI_SYNTHETIC
edge_362508_381136_1474,362508,381136,ff_face2face_mayoral_evac_0091,2026-09-27T08:49:22.286785+00:00,1.0,SEMI_SYNTHETIC
edge_292324_848403_1475,292324,848403,humaid_irma_2017_001928,2026-09-27T07:16:13.971622+00:00,1.0,SEMI_SYNTHETIC
edge_52875_105674_1476,52875,105674,crisismmd_harvey_img_49102,2026-09-27T00:06:17.394793+00:00,1.0,SEMI_SYNTHETIC
edge_203818_446802_1477,203818,446802,crisismmd_harvey_img_49102,2026-09-27T00:06:18.003539+00:00,1.0,SEMI_SYNTHETIC
edge_726137_895506_1478,726137,895506,ff_face2face_mayoral_evac_0091,2026-09-27T08:50:34.095596+00:00,1.0,SEMI_SYNTHETIC
edge_259825_283055_1479,259825,283055,dfdc_syn_bridge_collapse_84920,2026-09-27T00:33:52.706517+00:00,1.0,SEMI_SYNTHETIC
edge_670140_950075_1480,670140,950075,dfdc_syn_bridge_collapse_84920,2026-09-27T00:34:01.887098+00:00,1.0,SEMI_SYNTHETIC
edge_748889_477773_1481,748889,477773,humaid_irma_2017_001928,2026-09-27T07:16:30.948241+00:00,1.0,SEMI_SYNTHETIC
edge_770585_604798_1482,770585,604798,humaid_irma_2017_001928,2026-09-27T07:16:53.677773+00:00,1.0,SEMI_SYNTHETIC
edge_448527_878726_1483,448527,878726,dfdc_syn_bridge_collapse_84920,2026-09-27T00:34:10.356904+00:00,1.0,SEMI_SYNTHETIC
edge_948384_646877_1484,948384,646877,crisismmd_harvey_img_49102,2026-09-27T00:06:20.243347+00:00,1.0,SEMI_SYNTHETIC
edge_986572_514487_1485,986572,514487,humaid_irma_2017_001928,2026-09-27T07:19:38.522134+00:00,1.0,SEMI_SYNTHETIC
edge_57652_973308_1486,57652,973308,humaid_irma_2017_001928,2026-09-27T07:20:16.901106+00:00,1.0,SEMI_SYNTHETIC
edge_727953_127369_1487,727953,127369,humaid_irma_2017_001928,2026-09-27T07:22:41.947471+00:00,1.0,SEMI_SYNTHETIC
edge_599822_353772_1488,599822,353772,crisislex_california_fire_81729,2026-09-27T08:18:49.854835+00:00,1.0,SEMI_SYNTHETIC
edge_609678_107251_1489,609678,107251,ff_face2face_mayoral_evac_0091,2026-09-27T08:52:27.322720+00:00,1.0,SEMI_SYNTHETIC
edge_752133_933798_1490,752133,933798,humaid_irma_2017_001928,2026-09-27T07:25:21.403824+00:00,1.0,SEMI_SYNTHETIC
edge_134888_695428_1491,134888,695428,crisismmd_harvey_img_49102,2026-09-27T00:06:21.071531+00:00,1.0,SEMI_SYNTHETIC
edge_982289_84268_1492,982289,84268,humaid_irma_2017_001928,2026-09-27T07:27:02.110009+00:00,1.0,SEMI_SYNTHETIC
edge_131828_166389_1493,131828,166389,humaid_irma_2017_001928,2026-09-27T07:29:01.320240+00:00,1.0,SEMI_SYNTHETIC
edge_749730_817069_1494,749730,817069,crisismmd_harvey_img_49102,2026-09-27T00:06:22.689970+00:00,1.0,SEMI_SYNTHETIC
edge_70045_409581_1495,70045,409581,crisismmd_harvey_img_49102,2026-09-27T00:06:24.522961+00:00,1.0,SEMI_SYNTHETIC
edge_278422_785959_1496,278422,785959,humaid_irma_2017_001928,2026-09-27T07:31:31.388644+00:00,1.0,SEMI_SYNTHETIC
edge_767703_45644_1497,767703,45644,crisislex_california_fire_81729,2026-09-27T08:20:51.598826+00:00,1.0,SEMI_SYNTHETIC
edge_643698_677083_1498,643698,677083,ff_face2face_mayoral_evac_0091,2026-09-27T08:55:18.084292+00:00,1.0,SEMI_SYNTHETIC
edge_856969_329891_1499,856969,329891,ff_face2face_mayoral_evac_0091,2026-09-27T08:56:05.592928+00:00,1.0,SEMI_SYNTHETIC
edge_165539_558496_1500,165539,558496,ff_face2face_mayoral_evac_0091,2026-09-27T08:56:42.051979+00:00,1.0,SEMI_SYNTHETIC
edge_607329_462275_1501,607329,462275,humaid_irma_2017_001928,2026-09-27T07:33:05.702044+00:00,1.0,SEMI_SYNTHETIC
edge_867210_613656_1502,867210,613656,dfdc_syn_bridge_collapse_84920,2026-09-27T00:34:20.422804+00:00,1.0,SEMI_SYNTHETIC
edge_487127_33643_1503,487127,33643,crisislex_california_fire_81729,2026-09-27T08:21:33.532989+00:00,1.0,SEMI_SYNTHETIC
edge_114574_505631_1504,114574,505631,ff_face2face_mayoral_evac_0091,2026-09-27T08:57:09.091725+00:00,1.0,SEMI_SYNTHETIC
edge_270406_88463_1505,270406,88463,humaid_irma_2017_001928,2026-09-27T07:33:34.408082+00:00,1.0,SEMI_SYNTHETIC
edge_840116_245612_1506,840116,245612,crisismmd_harvey_img_49102,2026-09-27T00:06:24.965286+00:00,1.0,SEMI_SYNTHETIC
edge_806573_650632_1507,806573,650632,crisismmd_harvey_img_49102,2026-09-27T00:06:27.111815+00:00,1.0,SEMI_SYNTHETIC
edge_265652_525530_1508,265652,525530,ff_face2face_mayoral_evac_0091,2026-09-27T08:59:37.720762+00:00,1.0,SEMI_SYNTHETIC
edge_581098_625643_1509,581098,625643,crisismmd_harvey_img_49102,2026-09-27T00:06:28.717781+00:00,1.0,SEMI_SYNTHETIC
edge_35166_7912_1510,35166,7912,crisislex_california_fire_81729,2026-09-27T08:24:14.230657+00:00,1.0,SEMI_SYNTHETIC
edge_730126_295166_1511,730126,295166,ff_face2face_mayoral_evac_0091,2026-09-27T09:00:12.774769+00:00,1.0,SEMI_SYNTHETIC
edge_305503_761678_1512,305503,761678,humaid_irma_2017_001928,2026-09-27T07:35:08.017580+00:00,1.0,SEMI_SYNTHETIC
edge_643870_326282_1513,643870,326282,crisislex_california_fire_81729,2026-09-27T08:25:20.963871+00:00,1.0,SEMI_SYNTHETIC
edge_167517_114574_1514,167517,114574,ff_face2face_mayoral_evac_0091,2026-09-27T09:01:52.956478+00:00,1.0,SEMI_SYNTHETIC
edge_970741_497192_1515,970741,497192,crisismmd_harvey_img_49102,2026-09-27T00:06:30.317201+00:00,1.0,SEMI_SYNTHETIC
edge_913572_603830_1516,913572,603830,crisismmd_harvey_img_49102,2026-09-27T00:06:32.656117+00:00,1.0,SEMI_SYNTHETIC
edge_478394_530526_1517,478394,530526,dfdc_syn_bridge_collapse_84920,2026-09-27T00:34:32.311781+00:00,1.0,SEMI_SYNTHETIC
edge_161695_816731_1518,161695,816731,ff_face2face_mayoral_evac_0091,2026-09-27T09:04:21.446937+00:00,1.0,SEMI_SYNTHETIC
edge_454420_179662_1519,454420,179662,dfdc_syn_bridge_collapse_84920,2026-09-27T00:34:35.857994+00:00,1.0,SEMI_SYNTHETIC
edge_976372_553878_1520,976372,553878,ff_face2face_mayoral_evac_0091,2026-09-27T09:06:13.743267+00:00,1.0,SEMI_SYNTHETIC
edge_572259_813702_1521,572259,813702,ff_face2face_mayoral_evac_0091,2026-09-27T09:07:57.130941+00:00,1.0,SEMI_SYNTHETIC
edge_824316_31508_1522,824316,31508,ff_face2face_mayoral_evac_0091,2026-09-27T09:08:21.345954+00:00,1.0,SEMI_SYNTHETIC
edge_901913_408591_1523,901913,408591,dfdc_syn_bridge_collapse_84920,2026-09-27T00:34:46.701300+00:00,1.0,SEMI_SYNTHETIC
edge_965632_440816_1524,965632,440816,crisislex_california_fire_81729,2026-09-27T08:26:51.531351+00:00,1.0,SEMI_SYNTHETIC
edge_230974_970806_1525,230974,970806,dfdc_syn_bridge_collapse_84920,2026-09-27T00:34:51.827062+00:00,1.0,SEMI_SYNTHETIC
edge_778691_140272_1526,778691,140272,humaid_irma_2017_001928,2026-09-27T07:37:25.006791+00:00,1.0,SEMI_SYNTHETIC
edge_87353_774672_1527,87353,774672,ff_face2face_mayoral_evac_0091,2026-09-27T09:09:34.532273+00:00,1.0,SEMI_SYNTHETIC
edge_92830_580977_1528,92830,580977,crisislex_california_fire_81729,2026-09-27T08:29:29.512437+00:00,1.0,SEMI_SYNTHETIC
edge_502584_933783_1529,502584,933783,humaid_irma_2017_001928,2026-09-27T07:39:11.767927+00:00,1.0,SEMI_SYNTHETIC
edge_475540_964208_1530,475540,964208,crisislex_california_fire_81729,2026-09-27T08:31:38.268304+00:00,1.0,SEMI_SYNTHETIC
edge_537743_706212_1531,537743,706212,humaid_irma_2017_001928,2026-09-27T07:40:10.518669+00:00,1.0,SEMI_SYNTHETIC
edge_755964_709282_1532,755964,709282,ff_face2face_mayoral_evac_0091,2026-09-27T09:12:06.087889+00:00,1.0,SEMI_SYNTHETIC
edge_295031_736515_1533,295031,736515,crisislex_california_fire_81729,2026-09-27T08:33:13.586618+00:00,1.0,SEMI_SYNTHETIC
edge_659114_571527_1534,659114,571527,crisislex_california_fire_81729,2026-09-27T08:34:27.771866+00:00,1.0,SEMI_SYNTHETIC
edge_892600_105446_1535,892600,105446,ff_face2face_mayoral_evac_0091,2026-09-27T09:12:47.315830+00:00,1.0,SEMI_SYNTHETIC
edge_182830_332998_1536,182830,332998,ff_face2face_mayoral_evac_0091,2026-09-27T09:14:18.476595+00:00,1.0,SEMI_SYNTHETIC
edge_91588_713787_1537,91588,713787,crisismmd_harvey_img_49102,2026-09-27T00:06:34.308070+00:00,1.0,SEMI_SYNTHETIC
edge_78492_610665_1538,78492,610665,crisismmd_harvey_img_49102,2026-09-27T00:06:34.475387+00:00,1.0,SEMI_SYNTHETIC
edge_679399_292324_1539,679399,292324,humaid_irma_2017_001928,2026-09-27T07:42:29.127314+00:00,1.0,SEMI_SYNTHETIC
edge_57899_426716_1540,57899,426716,dfdc_syn_bridge_collapse_84920,2026-09-27T00:34:56.595414+00:00,1.0,SEMI_SYNTHETIC
edge_427476_45253_1541,427476,45253,humaid_irma_2017_001928,2026-09-27T07:45:19.523868+00:00,1.0,SEMI_SYNTHETIC
edge_357412_845457_1542,357412,845457,crisismmd_harvey_img_49102,2026-09-27T00:06:36.379808+00:00,1.0,SEMI_SYNTHETIC
edge_625698_573356_1543,625698,573356,crisislex_california_fire_81729,2026-09-27T08:34:54.942356+00:00,1.0,SEMI_SYNTHETIC
edge_168898_112170_1544,168898,112170,ff_face2face_mayoral_evac_0091,2026-09-27T09:16:08.157490+00:00,1.0,SEMI_SYNTHETIC
edge_856699_43875_1545,856699,43875,humaid_irma_2017_001928,2026-09-27T07:48:00.008526+00:00,1.0,SEMI_SYNTHETIC
edge_774118_916336_1546,774118,916336,dfdc_syn_bridge_collapse_84920,2026-09-27T00:35:08.358974+00:00,1.0,SEMI_SYNTHETIC
edge_314969_554559_1547,314969,554559,crisislex_california_fire_81729,2026-09-27T08:37:43.080981+00:00,1.0,SEMI_SYNTHETIC
edge_260725_730126_1548,260725,730126,ff_face2face_mayoral_evac_0091,2026-09-27T09:16:24.959683+00:00,1.0,SEMI_SYNTHETIC
edge_112137_987408_1549,112137,987408,crisislex_california_fire_81729,2026-09-27T08:39:36.250079+00:00,1.0,SEMI_SYNTHETIC
edge_108685_412206_1550,108685,412206,dfdc_syn_bridge_collapse_84920,2026-09-27T00:35:20.087416+00:00,1.0,SEMI_SYNTHETIC
edge_380533_754321_1551,380533,754321,dfdc_syn_bridge_collapse_84920,2026-09-27T00:35:34.164200+00:00,1.0,SEMI_SYNTHETIC
edge_810216_478957_1552,810216,478957,dfdc_syn_bridge_collapse_84920,2026-09-27T00:35:45.113370+00:00,1.0,SEMI_SYNTHETIC
edge_391128_407024_1553,391128,407024,dfdc_syn_bridge_collapse_84920,2026-09-27T00:35:59.270983+00:00,1.0,SEMI_SYNTHETIC
edge_472241_265652_1554,472241,265652,ff_face2face_mayoral_evac_0091,2026-09-27T09:17:44.495332+00:00,1.0,SEMI_SYNTHETIC
edge_481955_155129_1555,481955,155129,crisislex_california_fire_81729,2026-09-27T08:42:28.097722+00:00,1.0,SEMI_SYNTHETIC
edge_18328_416945_1556,18328,416945,humaid_irma_2017_001928,2026-09-27T07:49:55.512859+00:00,1.0,SEMI_SYNTHETIC
edge_243886_589577_1557,243886,589577,humaid_irma_2017_001928,2026-09-27T07:50:54.925161+00:00,1.0,SEMI_SYNTHETIC
edge_571109_315831_1558,571109,315831,ff_face2face_mayoral_evac_0091,2026-09-27T09:19:48.250928+00:00,1.0,SEMI_SYNTHETIC
edge_815533_278355_1559,815533,278355,ff_face2face_mayoral_evac_0091,2026-09-27T09:20:16.801167+00:00,1.0,SEMI_SYNTHETIC
edge_232964_49609_1560,232964,49609,ff_face2face_mayoral_evac_0091,2026-09-27T09:21:22.683675+00:00,1.0,SEMI_SYNTHETIC
edge_502796_885365_1561,502796,885365,ff_face2face_mayoral_evac_0091,2026-09-27T09:21:52.119169+00:00,1.0,SEMI_SYNTHETIC
edge_991949_546526_1562,991949,546526,dfdc_syn_bridge_collapse_84920,2026-09-27T00:36:04.753596+00:00,1.0,SEMI_SYNTHETIC
edge_805466_720029_1563,805466,720029,ff_face2face_mayoral_evac_0091,2026-09-27T09:24:48.474509+00:00,1.0,SEMI_SYNTHETIC
edge_297210_695436_1564,297210,695436,crisismmd_harvey_img_49102,2026-09-27T00:06:37.084779+00:00,1.0,SEMI_SYNTHETIC
edge_234505_134357_1565,234505,134357,crisismmd_harvey_img_49102,2026-09-27T00:06:39.281841+00:00,1.0,SEMI_SYNTHETIC
edge_799762_256019_1566,799762,256019,crisismmd_harvey_img_49102,2026-09-27T00:06:39.823629+00:00,1.0,SEMI_SYNTHETIC
edge_740532_379221_1567,740532,379221,dfdc_syn_bridge_collapse_84920,2026-09-27T00:36:10.643464+00:00,1.0,SEMI_SYNTHETIC
edge_91588_797574_1568,91588,797574,crisislex_california_fire_81729,2026-09-27T08:43:44.251176+00:00,1.0,SEMI_SYNTHETIC
edge_167817_853797_1569,167817,853797,crisislex_california_fire_81729,2026-09-27T08:45:39.058280+00:00,1.0,SEMI_SYNTHETIC
edge_555984_455668_1570,555984,455668,dfdc_syn_bridge_collapse_84920,2026-09-27T00:36:18.635703+00:00,1.0,SEMI_SYNTHETIC
edge_679952_27438_1571,679952,27438,ff_face2face_mayoral_evac_0091,2026-09-27T09:27:38.839546+00:00,1.0,SEMI_SYNTHETIC
edge_740276_932047_1572,740276,932047,humaid_irma_2017_001928,2026-09-27T07:51:11.127776+00:00,1.0,SEMI_SYNTHETIC
edge_722641_519462_1573,722641,519462,dfdc_syn_bridge_collapse_84920,2026-09-27T00:36:28.048910+00:00,1.0,SEMI_SYNTHETIC
edge_536474_503687_1574,536474,503687,humaid_irma_2017_001928,2026-09-27T07:52:24.071367+00:00,1.0,SEMI_SYNTHETIC
edge_440321_933798_1575,440321,933798,humaid_irma_2017_001928,2026-09-27T07:54:32.955282+00:00,1.0,SEMI_SYNTHETIC
edge_981347_484379_1576,981347,484379,crisislex_california_fire_81729,2026-09-27T08:47:01.452643+00:00,1.0,SEMI_SYNTHETIC
edge_467049_969579_1577,467049,969579,ff_face2face_mayoral_evac_0091,2026-09-27T09:28:52.270199+00:00,1.0,SEMI_SYNTHETIC
edge_855089_792033_1578,855089,792033,ff_face2face_mayoral_evac_0091,2026-09-27T09:30:50.068429+00:00,1.0,SEMI_SYNTHETIC
edge_530518_497227_1579,530518,497227,humaid_irma_2017_001928,2026-09-27T07:56:33.391462+00:00,1.0,SEMI_SYNTHETIC
edge_619467_391377_1580,619467,391377,crisislex_california_fire_81729,2026-09-27T08:49:49.081558+00:00,1.0,SEMI_SYNTHETIC
edge_409591_608097_1581,409591,608097,crisismmd_harvey_img_49102,2026-09-27T00:06:41.967722+00:00,1.0,SEMI_SYNTHETIC
edge_962100_227877_1582,962100,227877,ff_face2face_mayoral_evac_0091,2026-09-27T09:33:41.662183+00:00,1.0,SEMI_SYNTHETIC
edge_307380_902247_1583,307380,902247,ff_face2face_mayoral_evac_0091,2026-09-27T09:33:52.955056+00:00,1.0,SEMI_SYNTHETIC
edge_14359_117392_1584,14359,117392,crisismmd_harvey_img_49102,2026-09-27T00:06:42.805474+00:00,1.0,SEMI_SYNTHETIC
edge_869868_578573_1585,869868,578573,ff_face2face_mayoral_evac_0091,2026-09-27T09:34:08.509740+00:00,1.0,SEMI_SYNTHETIC
edge_592735_184721_1586,592735,184721,crisismmd_harvey_img_49102,2026-09-27T00:06:43.709690+00:00,1.0,SEMI_SYNTHETIC
edge_145130_236441_1587,145130,236441,dfdc_syn_bridge_collapse_84920,2026-09-27T00:36:37.676661+00:00,1.0,SEMI_SYNTHETIC
edge_176140_911347_1588,176140,911347,ff_face2face_mayoral_evac_0091,2026-09-27T09:37:04.660198+00:00,1.0,SEMI_SYNTHETIC
edge_832378_700077_1589,832378,700077,humaid_irma_2017_001928,2026-09-27T07:58:44.095689+00:00,1.0,SEMI_SYNTHETIC
edge_107784_508969_1590,107784,508969,crisismmd_harvey_img_49102,2026-09-27T00:06:45.819301+00:00,1.0,SEMI_SYNTHETIC
edge_658124_873355_1591,658124,873355,ff_face2face_mayoral_evac_0091,2026-09-27T09:37:16.621679+00:00,1.0,SEMI_SYNTHETIC
edge_675282_973308_1592,675282,973308,humaid_irma_2017_001928,2026-09-27T08:00:31.300641+00:00,1.0,SEMI_SYNTHETIC
edge_213244_47034_1593,213244,47034,crisismmd_harvey_img_49102,2026-09-27T00:06:46.367033+00:00,1.0,SEMI_SYNTHETIC
edge_701281_903796_1594,701281,903796,dfdc_syn_bridge_collapse_84920,2026-09-27T00:36:48.845038+00:00,1.0,SEMI_SYNTHETIC
edge_126320_502584_1595,126320,502584,humaid_irma_2017_001928,2026-09-27T08:03:20.246543+00:00,1.0,SEMI_SYNTHETIC
edge_107283_230256_1596,107283,230256,crisislex_california_fire_81729,2026-09-27T08:50:19.937893+00:00,1.0,SEMI_SYNTHETIC
edge_844080_446802_1597,844080,446802,crisismmd_harvey_img_49102,2026-09-27T00:06:48.657559+00:00,1.0,SEMI_SYNTHETIC
edge_403482_166389_1598,403482,166389,humaid_irma_2017_001928,2026-09-27T08:04:52.954483+00:00,1.0,SEMI_SYNTHETIC
edge_701710_428373_1599,701710,428373,ff_face2face_mayoral_evac_0091,2026-09-27T09:39:44.075018+00:00,1.0,SEMI_SYNTHETIC
edge_517417_943654_1600,517417,943654,crisislex_california_fire_81729,2026-09-27T08:52:55.255411+00:00,1.0,SEMI_SYNTHETIC
edge_212212_930101_1601,212212,930101,crisislex_california_fire_81729,2026-09-27T08:54:38.157482+00:00,1.0,SEMI_SYNTHETIC
edge_918983_786513_1602,918983,786513,crisislex_california_fire_81729,2026-09-27T08:54:52.073972+00:00,1.0,SEMI_SYNTHETIC
edge_290589_765638_1603,290589,765638,dfdc_syn_bridge_collapse_84920,2026-09-27T00:36:50.258005+00:00,1.0,SEMI_SYNTHETIC
edge_791393_129876_1604,791393,129876,dfdc_syn_bridge_collapse_84920,2026-09-27T00:37:04.603216+00:00,1.0,SEMI_SYNTHETIC
edge_191361_524858_1605,191361,524858,ff_face2face_mayoral_evac_0091,2026-09-27T09:41:21.226631+00:00,1.0,SEMI_SYNTHETIC
edge_183699_970741_1606,183699,970741,crisismmd_harvey_img_49102,2026-09-27T00:06:51.066050+00:00,1.0,SEMI_SYNTHETIC
edge_865524_994774_1607,865524,994774,ff_face2face_mayoral_evac_0091,2026-09-27T09:42:44.916815+00:00,1.0,SEMI_SYNTHETIC
edge_402125_131828_1608,402125,131828,humaid_irma_2017_001928,2026-09-27T08:06:46.194744+00:00,1.0,SEMI_SYNTHETIC
edge_625377_111546_1609,625377,111546,humaid_irma_2017_001928,2026-09-27T08:08:12.593319+00:00,1.0,SEMI_SYNTHETIC
edge_427654_59246_1610,427654,59246,crisislex_california_fire_81729,2026-09-27T08:57:22.610663+00:00,1.0,SEMI_SYNTHETIC
edge_267234_657703_1611,267234,657703,dfdc_syn_bridge_collapse_84920,2026-09-27T00:37:16.929783+00:00,1.0,SEMI_SYNTHETIC
edge_344064_607983_1612,344064,607983,crisismmd_harvey_img_49102,2026-09-27T00:06:52.058764+00:00,1.0,SEMI_SYNTHETIC
edge_598922_922037_1613,598922,922037,crisismmd_harvey_img_49102,2026-09-27T00:06:52.671818+00:00,1.0,SEMI_SYNTHETIC
edge_301554_371551_1614,301554,371551,crisismmd_harvey_img_49102,2026-09-27T00:06:54.216143+00:00,1.0,SEMI_SYNTHETIC
edge_862905_365446_1615,862905,365446,humaid_irma_2017_001928,2026-09-27T08:10:00.164547+00:00,1.0,SEMI_SYNTHETIC
edge_451699_111913_1616,451699,111913,dfdc_syn_bridge_collapse_84920,2026-09-27T00:37:18.625019+00:00,1.0,SEMI_SYNTHETIC
edge_614413_237408_1617,614413,237408,ff_face2face_mayoral_evac_0091,2026-09-27T09:43:24.010569+00:00,1.0,SEMI_SYNTHETIC
edge_308179_126970_1618,308179,126970,humaid_irma_2017_001928,2026-09-27T08:11:59.587870+00:00,1.0,SEMI_SYNTHETIC
edge_363778_386485_1619,363778,386485,ff_face2face_mayoral_evac_0091,2026-09-27T09:43:40.301962+00:00,1.0,SEMI_SYNTHETIC
edge_298016_769268_1620,298016,769268,humaid_irma_2017_001928,2026-09-27T08:13:29.469740+00:00,1.0,SEMI_SYNTHETIC
edge_652064_647967_1621,652064,647967,crisismmd_harvey_img_49102,2026-09-27T00:06:55.276969+00:00,1.0,SEMI_SYNTHETIC
edge_993253_607983_1622,993253,607983,crisismmd_harvey_img_49102,2026-09-27T00:06:57.048466+00:00,1.0,SEMI_SYNTHETIC
edge_348542_550659_1623,348542,550659,humaid_irma_2017_001928,2026-09-27T08:14:17.552181+00:00,1.0,SEMI_SYNTHETIC
edge_865792_962100_1624,865792,962100,ff_face2face_mayoral_evac_0091,2026-09-27T09:44:28.779976+00:00,1.0,SEMI_SYNTHETIC
edge_126185_828213_1625,126185,828213,humaid_irma_2017_001928,2026-09-27T08:17:06.350942+00:00,1.0,SEMI_SYNTHETIC
edge_293023_844080_1626,293023,844080,crisismmd_harvey_img_49102,2026-09-27T00:06:57.328567+00:00,1.0,SEMI_SYNTHETIC
edge_799614_179662_1627,799614,179662,dfdc_syn_bridge_collapse_84920,2026-09-27T00:37:27.793364+00:00,1.0,SEMI_SYNTHETIC
edge_262207_55976_1628,262207,55976,ff_face2face_mayoral_evac_0091,2026-09-27T09:46:27.053596+00:00,1.0,SEMI_SYNTHETIC
edge_246800_658124_1629,246800,658124,ff_face2face_mayoral_evac_0091,2026-09-27T09:49:23.033003+00:00,1.0,SEMI_SYNTHETIC
edge_738723_823848_1630,738723,823848,crisismmd_harvey_img_49102,2026-09-27T00:06:59.135882+00:00,1.0,SEMI_SYNTHETIC
edge_868271_708435_1631,868271,708435,ff_face2face_mayoral_evac_0091,2026-09-27T09:49:43.278381+00:00,1.0,SEMI_SYNTHETIC
edge_548891_625467_1632,548891,625467,ff_face2face_mayoral_evac_0091,2026-09-27T09:50:11.049283+00:00,1.0,SEMI_SYNTHETIC
edge_968529_968417_1633,968529,968417,crisismmd_harvey_img_49102,2026-09-27T00:07:00.936312+00:00,1.0,SEMI_SYNTHETIC
edge_222882_301554_1634,222882,301554,crisismmd_harvey_img_49102,2026-09-27T00:07:01.961694+00:00,1.0,SEMI_SYNTHETIC
edge_164444_323388_1635,164444,323388,dfdc_syn_bridge_collapse_84920,2026-09-27T00:37:29.754314+00:00,1.0,SEMI_SYNTHETIC
edge_289714_665725_1636,289714,665725,humaid_irma_2017_001928,2026-09-27T08:19:23.005361+00:00,1.0,SEMI_SYNTHETIC
edge_381643_999178_1637,381643,999178,crisislex_california_fire_81729,2026-09-27T08:58:49.559619+00:00,1.0,SEMI_SYNTHETIC
edge_472779_92423_1638,472779,92423,dfdc_syn_bridge_collapse_84920,2026-09-27T00:37:36.311306+00:00,1.0,SEMI_SYNTHETIC
edge_318287_489341_1639,318287,489341,humaid_irma_2017_001928,2026-09-27T08:19:41.358209+00:00,1.0,SEMI_SYNTHETIC
edge_464626_568271_1640,464626,568271,dfdc_syn_bridge_collapse_84920,2026-09-27T00:37:45.627994+00:00,1.0,SEMI_SYNTHETIC
edge_65718_876028_1641,65718,876028,humaid_irma_2017_001928,2026-09-27T08:21:41.236835+00:00,1.0,SEMI_SYNTHETIC
edge_247465_341495_1642,247465,341495,crisislex_california_fire_81729,2026-09-27T08:59:44.809921+00:00,1.0,SEMI_SYNTHETIC
edge_291298_701710_1643,291298,701710,ff_face2face_mayoral_evac_0091,2026-09-27T09:51:27.673658+00:00,1.0,SEMI_SYNTHETIC
edge_779531_977609_1644,779531,977609,dfdc_syn_bridge_collapse_84920,2026-09-27T00:37:57.628181+00:00,1.0,SEMI_SYNTHETIC
edge_903978_283336_1645,903978,283336,dfdc_syn_bridge_collapse_84920,2026-09-27T00:38:05.673543+00:00,1.0,SEMI_SYNTHETIC
edge_358290_765408_1646,358290,765408,dfdc_syn_bridge_collapse_84920,2026-09-27T00:38:09.056799+00:00,1.0,SEMI_SYNTHETIC
edge_31838_32243_1647,31838,32243,dfdc_syn_bridge_collapse_84920,2026-09-27T00:38:23.528201+00:00,1.0,SEMI_SYNTHETIC
edge_379249_522340_1648,379249,522340,crisismmd_harvey_img_49102,2026-09-27T00:07:04.176712+00:00,1.0,SEMI_SYNTHETIC
edge_57371_65807_1649,57371,65807,crisislex_california_fire_81729,2026-09-27T08:59:54.981021+00:00,1.0,SEMI_SYNTHETIC
edge_537587_729656_1650,537587,729656,crisislex_california_fire_81729,2026-09-27T09:02:00.588885+00:00,1.0,SEMI_SYNTHETIC
edge_524496_617913_1651,524496,617913,dfdc_syn_bridge_collapse_84920,2026-09-27T00:38:35.381793+00:00,1.0,SEMI_SYNTHETIC
edge_24219_351699_1652,24219,351699,crisislex_california_fire_81729,2026-09-27T09:02:54.336602+00:00,1.0,SEMI_SYNTHETIC
edge_128238_297210_1653,128238,297210,crisismmd_harvey_img_49102,2026-09-27T00:07:05.981089+00:00,1.0,SEMI_SYNTHETIC
edge_701396_964208_1654,701396,964208,crisislex_california_fire_81729,2026-09-27T09:05:08.133244+00:00,1.0,SEMI_SYNTHETIC
edge_226329_184721_1655,226329,184721,crisismmd_harvey_img_49102,2026-09-27T00:07:07.275886+00:00,1.0,SEMI_SYNTHETIC
edge_929752_118310_1656,929752,118310,dfdc_syn_bridge_collapse_84920,2026-09-27T00:38:49.270855+00:00,1.0,SEMI_SYNTHETIC
edge_288196_527795_1657,288196,527795,crisislex_california_fire_81729,2026-09-27T09:07:51.000879+00:00,1.0,SEMI_SYNTHETIC
edge_334348_558532_1658,334348,558532,crisismmd_harvey_img_49102,2026-09-27T00:07:09.507074+00:00,1.0,SEMI_SYNTHETIC
edge_464515_92830_1659,464515,92830,crisislex_california_fire_81729,2026-09-27T09:09:29.414094+00:00,1.0,SEMI_SYNTHETIC
edge_18739_93927_1660,18739,93927,crisislex_california_fire_81729,2026-09-27T09:12:24.000110+00:00,1.0,SEMI_SYNTHETIC
edge_706590_202259_1661,706590,202259,dfdc_syn_bridge_collapse_84920,2026-09-27T00:38:56.799300+00:00,1.0,SEMI_SYNTHETIC
edge_52942_461989_1662,52942,461989,ff_face2face_mayoral_evac_0091,2026-09-27T09:52:26.677850+00:00,1.0,SEMI_SYNTHETIC
edge_379366_980342_1663,379366,980342,crisislex_california_fire_81729,2026-09-27T09:12:54.984190+00:00,1.0,SEMI_SYNTHETIC
edge_707644_30005_1664,707644,30005,humaid_irma_2017_001928,2026-09-27T08:21:59.720183+00:00,1.0,SEMI_SYNTHETIC
edge_778661_545205_1665,778661,545205,crisislex_california_fire_81729,2026-09-27T09:13:31.340483+00:00,1.0,SEMI_SYNTHETIC
edge_988253_936004_1666,988253,936004,crisislex_california_fire_81729,2026-09-27T09:16:17.444655+00:00,1.0,SEMI_SYNTHETIC
edge_974893_792033_1667,974893,792033,ff_face2face_mayoral_evac_0091,2026-09-27T09:53:48.513609+00:00,1.0,SEMI_SYNTHETIC
edge_155936_508969_1668,155936,508969,crisismmd_harvey_img_49102,2026-09-27T00:07:10.022999+00:00,1.0,SEMI_SYNTHETIC
edge_329811_206059_1669,329811,206059,dfdc_syn_bridge_collapse_84920,2026-09-27T00:39:01.299586+00:00,1.0,SEMI_SYNTHETIC
edge_830411_928371_1670,830411,928371,crisislex_california_fire_81729,2026-09-27T09:19:05.054825+00:00,1.0,SEMI_SYNTHETIC
edge_538288_87353_1671,538288,87353,ff_face2face_mayoral_evac_0091,2026-09-27T09:54:14.840800+00:00,1.0,SEMI_SYNTHETIC
edge_493691_113479_1672,493691,113479,crisismmd_harvey_img_49102,2026-09-27T00:07:11.247108+00:00,1.0,SEMI_SYNTHETIC
edge_655092_683918_1673,655092,683918,crisislex_california_fire_81729,2026-09-27T09:19:19.546585+00:00,1.0,SEMI_SYNTHETIC
edge_930445_791393_1674,930445,791393,dfdc_syn_bridge_collapse_84920,2026-09-27T00:39:10.424100+00:00,1.0,SEMI_SYNTHETIC
edge_492576_951331_1675,492576,951331,ff_face2face_mayoral_evac_0091,2026-09-27T09:54:46.249893+00:00,1.0,SEMI_SYNTHETIC
edge_633210_311036_1676,633210,311036,humaid_irma_2017_001928,2026-09-27T08:22:19.017951+00:00,1.0,SEMI_SYNTHETIC
edge_786442_18491_1677,786442,18491,crisismmd_harvey_img_49102,2026-09-27T00:07:12.704172+00:00,1.0,SEMI_SYNTHETIC
edge_161154_997678_1678,161154,997678,crisislex_california_fire_81729,2026-09-27T09:21:35.238367+00:00,1.0,SEMI_SYNTHETIC
edge_325508_534112_1679,325508,534112,ff_face2face_mayoral_evac_0091,2026-09-27T09:55:19.438361+00:00,1.0,SEMI_SYNTHETIC
edge_80403_635339_1680,80403,635339,humaid_irma_2017_001928,2026-09-27T08:24:45.972815+00:00,1.0,SEMI_SYNTHETIC
edge_118639_372544_1681,118639,372544,crisislex_california_fire_81729,2026-09-27T09:24:14.821208+00:00,1.0,SEMI_SYNTHETIC
edge_434209_463633_1682,434209,463633,crisislex_california_fire_81729,2026-09-27T09:25:40.269907+00:00,1.0,SEMI_SYNTHETIC
edge_871600_267234_1683,871600,267234,dfdc_syn_bridge_collapse_84920,2026-09-27T00:39:22.907893+00:00,1.0,SEMI_SYNTHETIC
edge_677101_431536_1684,677101,431536,ff_face2face_mayoral_evac_0091,2026-09-27T09:57:55.521722+00:00,1.0,SEMI_SYNTHETIC
edge_787691_357177_1685,787691,357177,dfdc_syn_bridge_collapse_84920,2026-09-27T00:39:35.367594+00:00,1.0,SEMI_SYNTHETIC
edge_395183_488160_1686,395183,488160,dfdc_syn_bridge_collapse_84920,2026-09-27T00:39:43.033812+00:00,1.0,SEMI_SYNTHETIC
edge_863009_227877_1687,863009,227877,ff_face2face_mayoral_evac_0091,2026-09-27T09:59:11.111256+00:00,1.0,SEMI_SYNTHETIC
edge_618738_605642_1688,618738,605642,humaid_irma_2017_001928,2026-09-27T08:25:44.154592+00:00,1.0,SEMI_SYNTHETIC
edge_500636_396473_1689,500636,396473,crisislex_california_fire_81729,2026-09-27T09:27:05.831402+00:00,1.0,SEMI_SYNTHETIC
edge_907412_73648_1690,907412,73648,ff_face2face_mayoral_evac_0091,2026-09-27T10:00:08.184943+00:00,1.0,SEMI_SYNTHETIC
edge_75814_534741_1691,75814,534741,dfdc_syn_bridge_collapse_84920,2026-09-27T00:39:48.917489+00:00,1.0,SEMI_SYNTHETIC
edge_759923_531429_1692,759923,531429,dfdc_syn_bridge_collapse_84920,2026-09-27T00:39:54.843627+00:00,1.0,SEMI_SYNTHETIC
edge_81523_615822_1693,81523,615822,dfdc_syn_bridge_collapse_84920,2026-09-27T00:39:59.740389+00:00,1.0,SEMI_SYNTHETIC
edge_614020_386687_1694,614020,386687,ff_face2face_mayoral_evac_0091,2026-09-27T10:01:22.193808+00:00,1.0,SEMI_SYNTHETIC
edge_627456_401326_1695,627456,401326,crisislex_california_fire_81729,2026-09-27T09:29:27.649062+00:00,1.0,SEMI_SYNTHETIC
edge_40955_123609_1696,40955,123609,crisismmd_harvey_img_49102,2026-09-27T00:07:14.206956+00:00,1.0,SEMI_SYNTHETIC
edge_349381_745005_1697,349381,745005,dfdc_syn_bridge_collapse_84920,2026-09-27T00:40:03.984249+00:00,1.0,SEMI_SYNTHETIC
edge_977181_903719_1698,977181,903719,dfdc_syn_bridge_collapse_84920,2026-09-27T00:40:06.460294+00:00,1.0,SEMI_SYNTHETIC
edge_810432_47642_1699,810432,47642,crisislex_california_fire_81729,2026-09-27T09:30:20.231316+00:00,1.0,SEMI_SYNTHETIC
edge_149687_19818_1700,149687,19818,humaid_irma_2017_001928,2026-09-27T08:28:31.158236+00:00,1.0,SEMI_SYNTHETIC
edge_721824_384387_1701,721824,384387,crisislex_california_fire_81729,2026-09-27T09:32:04.830913+00:00,1.0,SEMI_SYNTHETIC
edge_100196_391128_1702,100196,391128,dfdc_syn_bridge_collapse_84920,2026-09-27T00:40:17.850449+00:00,1.0,SEMI_SYNTHETIC
edge_822002_126970_1703,822002,126970,humaid_irma_2017_001928,2026-09-27T08:29:15.759970+00:00,1.0,SEMI_SYNTHETIC
edge_563810_810432_1704,563810,810432,crisislex_california_fire_81729,2026-09-27T09:34:41.794410+00:00,1.0,SEMI_SYNTHETIC
edge_658522_672021_1705,658522,672021,dfdc_syn_bridge_collapse_84920,2026-09-27T00:40:26.835630+00:00,1.0,SEMI_SYNTHETIC
edge_606799_364140_1706,606799,364140,dfdc_syn_bridge_collapse_84920,2026-09-27T00:40:39.057972+00:00,1.0,SEMI_SYNTHETIC
edge_640707_361936_1707,640707,361936,crisislex_california_fire_81729,2026-09-27T09:35:42.492997+00:00,1.0,SEMI_SYNTHETIC
edge_747435_873245_1708,747435,873245,humaid_irma_2017_001928,2026-09-27T08:30:03.843578+00:00,1.0,SEMI_SYNTHETIC
edge_904640_871600_1709,904640,871600,dfdc_syn_bridge_collapse_84920,2026-09-27T00:40:53.611579+00:00,1.0,SEMI_SYNTHETIC
edge_741400_63872_1710,741400,63872,crisislex_california_fire_81729,2026-09-27T09:37:17.500988+00:00,1.0,SEMI_SYNTHETIC
edge_41434_230256_1711,41434,230256,crisislex_california_fire_81729,2026-09-27T09:38:47.567368+00:00,1.0,SEMI_SYNTHETIC
edge_156054_677101_1712,156054,677101,ff_face2face_mayoral_evac_0091,2026-09-27T10:02:16.543596+00:00,1.0,SEMI_SYNTHETIC
edge_527530_18491_1713,527530,18491,crisismmd_harvey_img_49102,2026-09-27T00:07:16.524974+00:00,1.0,SEMI_SYNTHETIC
edge_84200_462248_1714,84200,462248,crisislex_california_fire_81729,2026-09-27T09:41:31.302425+00:00,1.0,SEMI_SYNTHETIC
edge_145753_224124_1715,145753,224124,crisislex_california_fire_81729,2026-09-27T09:43:46.981622+00:00,1.0,SEMI_SYNTHETIC
edge_462476_819652_1716,462476,819652,humaid_irma_2017_001928,2026-09-27T08:30:31.533985+00:00,1.0,SEMI_SYNTHETIC
edge_647679_853890_1717,647679,853890,dfdc_syn_bridge_collapse_84920,2026-09-27T00:40:54.911785+00:00,1.0,SEMI_SYNTHETIC
edge_460592_215888_1718,460592,215888,humaid_irma_2017_001928,2026-09-27T08:32:15.458298+00:00,1.0,SEMI_SYNTHETIC
edge_378877_295031_1719,378877,295031,crisislex_california_fire_81729,2026-09-27T09:44:20.402595+00:00,1.0,SEMI_SYNTHETIC
edge_20537_460137_1720,20537,460137,ff_face2face_mayoral_evac_0091,2026-09-27T10:05:02.615256+00:00,1.0,SEMI_SYNTHETIC
edge_862095_257861_1721,862095,257861,crisislex_california_fire_81729,2026-09-27T09:46:06.970859+00:00,1.0,SEMI_SYNTHETIC
edge_376652_88463_1722,376652,88463,humaid_irma_2017_001928,2026-09-27T08:32:47+00:00,1.0,SEMI_SYNTHETIC
edge_699525_514098_1723,699525,514098,dfdc_syn_bridge_collapse_84920,2026-09-27T00:41:09.885028+00:00,1.0,SEMI_SYNTHETIC
edge_749513_293091_1724,749513,293091,humaid_irma_2017_001928,2026-09-27T08:33:09.984238+00:00,1.0,SEMI_SYNTHETIC
edge_997157_892348_1725,997157,892348,crisismmd_harvey_img_49102,2026-09-27T00:07:18.779310+00:00,1.0,SEMI_SYNTHETIC
edge_344347_527795_1726,344347,527795,crisislex_california_fire_81729,2026-09-27T09:47:06.727039+00:00,1.0,SEMI_SYNTHETIC
edge_519825_964208_1727,519825,964208,crisislex_california_fire_81729,2026-09-27T09:47:34.471328+00:00,1.0,SEMI_SYNTHETIC
edge_329751_774118_1728,329751,774118,dfdc_syn_bridge_collapse_84920,2026-09-27T00:41:23.653717+00:00,1.0,SEMI_SYNTHETIC
edge_256525_640193_1729,256525,640193,dfdc_syn_bridge_collapse_84920,2026-09-27T00:41:26.372190+00:00,1.0,SEMI_SYNTHETIC
edge_301469_700855_1730,301469,700855,ff_face2face_mayoral_evac_0091,2026-09-27T10:07:54.632900+00:00,1.0,SEMI_SYNTHETIC
edge_412586_624549_1731,412586,624549,crisismmd_harvey_img_49102,2026-09-27T00:07:20.864539+00:00,1.0,SEMI_SYNTHETIC
edge_203385_96686_1732,203385,96686,ff_face2face_mayoral_evac_0091,2026-09-27T10:09:10.025652+00:00,1.0,SEMI_SYNTHETIC
edge_992750_832781_1733,992750,832781,crisislex_california_fire_81729,2026-09-27T09:47:53.355469+00:00,1.0,SEMI_SYNTHETIC
edge_237062_230256_1734,237062,230256,crisislex_california_fire_81729,2026-09-27T09:50:11.616742+00:00,1.0,SEMI_SYNTHETIC
edge_856616_394208_1735,856616,394208,crisismmd_harvey_img_49102,2026-09-27T00:07:22.706426+00:00,1.0,SEMI_SYNTHETIC
edge_496017_850183_1736,496017,850183,ff_face2face_mayoral_evac_0091,2026-09-27T10:12:01.946163+00:00,1.0,SEMI_SYNTHETIC
edge_791853_972636_1737,791853,972636,crisislex_california_fire_81729,2026-09-27T09:52:32.348842+00:00,1.0,SEMI_SYNTHETIC
edge_272073_731276_1738,272073,731276,dfdc_syn_bridge_collapse_84920,2026-09-27T00:41:29.218408+00:00,1.0,SEMI_SYNTHETIC
edge_389264_344064_1739,389264,344064,crisismmd_harvey_img_49102,2026-09-27T00:07:23.616504+00:00,1.0,SEMI_SYNTHETIC
edge_140344_107784_1740,140344,107784,crisismmd_harvey_img_49102,2026-09-27T00:07:25.594327+00:00,1.0,SEMI_SYNTHETIC
edge_28105_892348_1741,28105,892348,crisismmd_harvey_img_49102,2026-09-27T00:07:27.700727+00:00,1.0,SEMI_SYNTHETIC
edge_238424_244410_1742,238424,244410,ff_face2face_mayoral_evac_0091,2026-09-27T10:12:18.236803+00:00,1.0,SEMI_SYNTHETIC
edge_339280_965632_1743,339280,965632,crisislex_california_fire_81729,2026-09-27T09:55:21.950666+00:00,1.0,SEMI_SYNTHETIC
edge_921270_386701_1744,921270,386701,ff_face2face_mayoral_evac_0091,2026-09-27T10:12:58.803468+00:00,1.0,SEMI_SYNTHETIC
edge_130005_704963_1745,130005,704963,dfdc_syn_bridge_collapse_84920,2026-09-27T00:41:39.043142+00:00,1.0,SEMI_SYNTHETIC
edge_53993_395183_1746,53993,395183,dfdc_syn_bridge_collapse_84920,2026-09-27T00:41:49.625321+00:00,1.0,SEMI_SYNTHETIC
edge_26901_785507_1747,26901,785507,dfdc_syn_bridge_collapse_84920,2026-09-27T00:41:51.476701+00:00,1.0,SEMI_SYNTHETIC
edge_124466_220647_1748,124466,220647,crisismmd_harvey_img_49102,2026-09-27T00:07:29.097786+00:00,1.0,SEMI_SYNTHETIC
edge_608071_591868_1749,608071,591868,ff_face2face_mayoral_evac_0091,2026-09-27T10:13:28.044504+00:00,1.0,SEMI_SYNTHETIC
edge_35894_864551_1750,35894,864551,ff_face2face_mayoral_evac_0091,2026-09-27T10:13:50.181344+00:00,1.0,SEMI_SYNTHETIC
edge_503549_997157_1751,503549,997157,crisismmd_harvey_img_49102,2026-09-27T00:07:30.001752+00:00,1.0,SEMI_SYNTHETIC
edge_985499_625643_1752,985499,625643,crisismmd_harvey_img_49102,2026-09-27T00:07:31.594351+00:00,1.0,SEMI_SYNTHETIC
edge_760537_916222_1753,760537,916222,crisislex_california_fire_81729,2026-09-27T09:55:36.291665+00:00,1.0,SEMI_SYNTHETIC
edge_881080_165398_1754,881080,165398,crisislex_california_fire_81729,2026-09-27T09:57:59.481080+00:00,1.0,SEMI_SYNTHETIC
edge_990961_761759_1755,990961,761759,dfdc_syn_bridge_collapse_84920,2026-09-27T00:41:57.811956+00:00,1.0,SEMI_SYNTHETIC
edge_575148_840382_1756,575148,840382,crisislex_california_fire_81729,2026-09-27T09:59:35.075381+00:00,1.0,SEMI_SYNTHETIC
edge_555611_464515_1757,555611,464515,crisislex_california_fire_81729,2026-09-27T10:02:00.770324+00:00,1.0,SEMI_SYNTHETIC
edge_264880_823848_1758,264880,823848,crisismmd_harvey_img_49102,2026-09-27T00:07:32.162408+00:00,1.0,SEMI_SYNTHETIC
edge_476624_598933_1759,476624,598933,crisismmd_harvey_img_49102,2026-09-27T00:07:32.816546+00:00,1.0,SEMI_SYNTHETIC
edge_969064_508306_1760,969064,508306,ff_face2face_mayoral_evac_0091,2026-09-27T10:15:01.701141+00:00,1.0,SEMI_SYNTHETIC
edge_606998_255011_1761,606998,255011,ff_face2face_mayoral_evac_0091,2026-09-27T10:16:54.588300+00:00,1.0,SEMI_SYNTHETIC
edge_708249_455668_1762,708249,455668,dfdc_syn_bridge_collapse_84920,2026-09-27T00:42:11.771993+00:00,1.0,SEMI_SYNTHETIC
edge_438346_532987_1763,438346,532987,crisismmd_harvey_img_49102,2026-09-27T00:07:34.826600+00:00,1.0,SEMI_SYNTHETIC
edge_928977_131011_1764,928977,131011,dfdc_syn_bridge_collapse_84920,2026-09-27T00:42:20.836158+00:00,1.0,SEMI_SYNTHETIC
edge_788938_472779_1765,788938,472779,dfdc_syn_bridge_collapse_84920,2026-09-27T00:42:23.527202+00:00,1.0,SEMI_SYNTHETIC
edge_148808_880708_1766,148808,880708,humaid_irma_2017_001928,2026-09-27T08:35:41.740193+00:00,1.0,SEMI_SYNTHETIC
edge_431860_396473_1767,431860,396473,crisislex_california_fire_81729,2026-09-27T10:04:46.936235+00:00,1.0,SEMI_SYNTHETIC
edge_648328_539435_1768,648328,539435,dfdc_syn_bridge_collapse_84920,2026-09-27T00:42:34.494971+00:00,1.0,SEMI_SYNTHETIC
edge_671475_191965_1769,671475,191965,humaid_irma_2017_001928,2026-09-27T08:36:04.278125+00:00,1.0,SEMI_SYNTHETIC
edge_202362_150440_1770,202362,150440,ff_face2face_mayoral_evac_0091,2026-09-27T10:17:53.767794+00:00,1.0,SEMI_SYNTHETIC
edge_949103_142040_1771,949103,142040,crisislex_california_fire_81729,2026-09-27T10:07:32.714349+00:00,1.0,SEMI_SYNTHETIC
edge_469891_443007_1772,469891,443007,crisislex_california_fire_81729,2026-09-27T10:08:45.592913+00:00,1.0,SEMI_SYNTHETIC
edge_527255_361936_1773,527255,361936,crisislex_california_fire_81729,2026-09-27T10:09:43.073843+00:00,1.0,SEMI_SYNTHETIC
edge_309113_353772_1774,309113,353772,crisislex_california_fire_81729,2026-09-27T10:11:21.079042+00:00,1.0,SEMI_SYNTHETIC
edge_461451_998467_1775,461451,998467,crisismmd_harvey_img_49102,2026-09-27T00:07:36.744121+00:00,1.0,SEMI_SYNTHETIC
edge_183636_635329_1776,183636,635329,crisislex_california_fire_81729,2026-09-27T10:14:00.608278+00:00,1.0,SEMI_SYNTHETIC
edge_994827_975264_1777,994827,975264,crisismmd_harvey_img_49102,2026-09-27T00:07:38.012047+00:00,1.0,SEMI_SYNTHETIC
edge_157852_988253_1778,157852,988253,crisislex_california_fire_81729,2026-09-27T10:16:18.697975+00:00,1.0,SEMI_SYNTHETIC
edge_956383_131035_1779,956383,131035,crisislex_california_fire_81729,2026-09-27T10:18:51.292274+00:00,1.0,SEMI_SYNTHETIC
edge_397491_936074_1780,397491,936074,crisislex_california_fire_81729,2026-09-27T10:20:32.737981+00:00,1.0,SEMI_SYNTHETIC
edge_319268_532230_1781,319268,532230,crisislex_california_fire_81729,2026-09-27T10:21:55.243416+00:00,1.0,SEMI_SYNTHETIC
edge_916496_37645_1782,916496,37645,humaid_irma_2017_001928,2026-09-27T08:37:29.826986+00:00,1.0,SEMI_SYNTHETIC
edge_790431_133365_1783,790431,133365,crisismmd_harvey_img_49102,2026-09-27T00:07:39.867968+00:00,1.0,SEMI_SYNTHETIC
edge_671257_104458_1784,671257,104458,humaid_irma_2017_001928,2026-09-27T08:38:35.436658+00:00,1.0,SEMI_SYNTHETIC
edge_115317_12805_1785,115317,12805,humaid_irma_2017_001928,2026-09-27T08:40:45.594324+00:00,1.0,SEMI_SYNTHETIC
edge_47367_18739_1786,47367,18739,crisislex_california_fire_81729,2026-09-27T10:22:59.223040+00:00,1.0,SEMI_SYNTHETIC
edge_288172_876028_1787,288172,876028,humaid_irma_2017_001928,2026-09-27T08:41:37.399658+00:00,1.0,SEMI_SYNTHETIC
edge_218218_864551_1788,218218,864551,ff_face2face_mayoral_evac_0091,2026-09-27T10:20:22.125499+00:00,1.0,SEMI_SYNTHETIC
edge_465416_414452_1789,465416,414452,humaid_irma_2017_001928,2026-09-27T08:44:29.041227+00:00,1.0,SEMI_SYNTHETIC
edge_731401_715477_1790,731401,715477,crisislex_california_fire_81729,2026-09-27T10:24:53.129962+00:00,1.0,SEMI_SYNTHETIC
edge_566228_30337_1791,566228,30337,ff_face2face_mayoral_evac_0091,2026-09-27T10:22:19.399984+00:00,1.0,SEMI_SYNTHETIC
edge_524034_367264_1792,524034,367264,dfdc_syn_bridge_collapse_84920,2026-09-27T00:42:47.785426+00:00,1.0,SEMI_SYNTHETIC
edge_239565_894027_1793,239565,894027,ff_face2face_mayoral_evac_0091,2026-09-27T10:24:11.033142+00:00,1.0,SEMI_SYNTHETIC
edge_455503_894096_1794,455503,894096,crisismmd_harvey_img_49102,2026-09-27T00:07:40.974994+00:00,1.0,SEMI_SYNTHETIC
edge_427426_665698_1795,427426,665698,ff_face2face_mayoral_evac_0091,2026-09-27T10:27:03.606782+00:00,1.0,SEMI_SYNTHETIC
edge_730604_687693_1796,730604,687693,ff_face2face_mayoral_evac_0091,2026-09-27T10:29:36.427323+00:00,1.0,SEMI_SYNTHETIC
edge_599569_619908_1797,599569,619908,crisismmd_harvey_img_49102,2026-09-27T00:07:41.718011+00:00,1.0,SEMI_SYNTHETIC
edge_428045_790097_1798,428045,790097,crisismmd_harvey_img_49102,2026-09-27T00:07:43.437985+00:00,1.0,SEMI_SYNTHETIC
edge_868285_950061_1799,868285,950061,humaid_irma_2017_001928,2026-09-27T08:45:24.655157+00:00,1.0,SEMI_SYNTHETIC
edge_226217_559395_1800,226217,559395,ff_face2face_mayoral_evac_0091,2026-09-27T10:30:56.095285+00:00,1.0,SEMI_SYNTHETIC
edge_644347_652818_1801,644347,652818,humaid_irma_2017_001928,2026-09-27T08:48:15.794382+00:00,1.0,SEMI_SYNTHETIC
edge_814092_679078_1802,814092,679078,humaid_irma_2017_001928,2026-09-27T08:50:42.204571+00:00,1.0,SEMI_SYNTHETIC
edge_218079_393329_1803,218079,393329,humaid_irma_2017_001928,2026-09-27T08:52:43.542940+00:00,1.0,SEMI_SYNTHETIC
edge_964889_742377_1804,964889,742377,crisislex_california_fire_81729,2026-09-27T10:26:10.369431+00:00,1.0,SEMI_SYNTHETIC
edge_896552_505631_1805,896552,505631,ff_face2face_mayoral_evac_0091,2026-09-27T10:31:42.749852+00:00,1.0,SEMI_SYNTHETIC
edge_174569_521177_1806,174569,521177,crisislex_california_fire_81729,2026-09-27T10:26:37.797955+00:00,1.0,SEMI_SYNTHETIC
edge_295693_107716_1807,295693,107716,humaid_irma_2017_001928,2026-09-27T08:53:32.643831+00:00,1.0,SEMI_SYNTHETIC
edge_913855_363778_1808,913855,363778,ff_face2face_mayoral_evac_0091,2026-09-27T10:33:44.146765+00:00,1.0,SEMI_SYNTHETIC
edge_25457_769268_1809,25457,769268,humaid_irma_2017_001928,2026-09-27T08:55:08.410474+00:00,1.0,SEMI_SYNTHETIC
edge_841122_956383_1810,841122,956383,crisislex_california_fire_81729,2026-09-27T10:28:30.626171+00:00,1.0,SEMI_SYNTHETIC
edge_789598_127771_1811,789598,127771,crisislex_california_fire_81729,2026-09-27T10:31:06.707691+00:00,1.0,SEMI_SYNTHETIC
edge_504299_856616_1812,504299,856616,crisismmd_harvey_img_49102,2026-09-27T00:07:44.639359+00:00,1.0,SEMI_SYNTHETIC
edge_516828_261262_1813,516828,261262,ff_face2face_mayoral_evac_0091,2026-09-27T10:34:09.967372+00:00,1.0,SEMI_SYNTHETIC
edge_422766_744831_1814,422766,744831,crisislex_california_fire_81729,2026-09-27T10:32:42.828587+00:00,1.0,SEMI_SYNTHETIC
edge_426650_882786_1815,426650,882786,crisislex_california_fire_81729,2026-09-27T10:34:54.306972+00:00,1.0,SEMI_SYNTHETIC
edge_358583_823537_1816,358583,823537,ff_face2face_mayoral_evac_0091,2026-09-27T10:35:22.837049+00:00,1.0,SEMI_SYNTHETIC
edge_272111_468986_1817,272111,468986,humaid_irma_2017_001928,2026-09-27T08:55:34.626610+00:00,1.0,SEMI_SYNTHETIC
edge_807527_962100_1818,807527,962100,ff_face2face_mayoral_evac_0091,2026-09-27T10:37:17.640089+00:00,1.0,SEMI_SYNTHETIC
edge_48283_856952_1819,48283,856952,ff_face2face_mayoral_evac_0091,2026-09-27T10:38:10.484143+00:00,1.0,SEMI_SYNTHETIC
edge_229387_960328_1820,229387,960328,crisislex_california_fire_81729,2026-09-27T10:36:46.091087+00:00,1.0,SEMI_SYNTHETIC
edge_347471_757868_1821,347471,757868,ff_face2face_mayoral_evac_0091,2026-09-27T10:39:53.234228+00:00,1.0,SEMI_SYNTHETIC
edge_975980_701710_1822,975980,701710,ff_face2face_mayoral_evac_0091,2026-09-27T10:41:30.687518+00:00,1.0,SEMI_SYNTHETIC
edge_794490_11533_1823,794490,11533,humaid_irma_2017_001928,2026-09-27T08:56:48.493239+00:00,1.0,SEMI_SYNTHETIC
edge_529238_465052_1824,529238,465052,dfdc_syn_bridge_collapse_84920,2026-09-27T00:42:54.911844+00:00,1.0,SEMI_SYNTHETIC
edge_428807_840382_1825,428807,840382,crisislex_california_fire_81729,2026-09-27T10:38:18.913961+00:00,1.0,SEMI_SYNTHETIC
edge_557860_794490_1826,557860,794490,humaid_irma_2017_001928,2026-09-27T08:58:12.524737+00:00,1.0,SEMI_SYNTHETIC
edge_728299_609166_1827,728299,609166,crisismmd_harvey_img_49102,2026-09-27T00:07:46.092504+00:00,1.0,SEMI_SYNTHETIC
edge_505043_487127_1828,505043,487127,crisislex_california_fire_81729,2026-09-27T10:41:10.753173+00:00,1.0,SEMI_SYNTHETIC
edge_559850_749142_1829,559850,749142,crisismmd_harvey_img_49102,2026-09-27T00:07:48.417495+00:00,1.0,SEMI_SYNTHETIC
edge_80304_488987_1830,80304,488987,ff_face2face_mayoral_evac_0091,2026-09-27T10:41:42.357120+00:00,1.0,SEMI_SYNTHETIC
edge_490870_512351_1831,490870,512351,humaid_irma_2017_001928,2026-09-27T08:59:15.537624+00:00,1.0,SEMI_SYNTHETIC
edge_677254_481579_1832,677254,481579,humaid_irma_2017_001928,2026-09-27T09:01:11.782994+00:00,1.0,SEMI_SYNTHETIC
edge_307992_123000_1833,307992,123000,dfdc_syn_bridge_collapse_84920,2026-09-27T00:43:00.741248+00:00,1.0,SEMI_SYNTHETIC
edge_432857_569102_1834,432857,569102,ff_face2face_mayoral_evac_0091,2026-09-27T10:43:31.716745+00:00,1.0,SEMI_SYNTHETIC
edge_169825_896365_1835,169825,896365,crisislex_california_fire_81729,2026-09-27T10:42:52.726062+00:00,1.0,SEMI_SYNTHETIC
edge_845593_843551_1836,845593,843551,dfdc_syn_bridge_collapse_84920,2026-09-27T00:43:05.661045+00:00,1.0,SEMI_SYNTHETIC
edge_300704_225893_1837,300704,225893,ff_face2face_mayoral_evac_0091,2026-09-27T10:44:37.843977+00:00,1.0,SEMI_SYNTHETIC
edge_831417_296604_1838,831417,296604,crisislex_california_fire_81729,2026-09-27T10:44:56.370537+00:00,1.0,SEMI_SYNTHETIC
edge_182824_530526_1839,182824,530526,dfdc_syn_bridge_collapse_84920,2026-09-27T00:43:07.939781+00:00,1.0,SEMI_SYNTHETIC
edge_546561_690776_1840,546561,690776,humaid_irma_2017_001928,2026-09-27T09:02:16.750433+00:00,1.0,SEMI_SYNTHETIC
edge_132994_391969_1841,132994,391969,ff_face2face_mayoral_evac_0091,2026-09-27T10:46:40.867156+00:00,1.0,SEMI_SYNTHETIC
edge_336905_52581_1842,336905,52581,ff_face2face_mayoral_evac_0091,2026-09-27T10:47:55.009780+00:00,1.0,SEMI_SYNTHETIC
edge_674555_539663_1843,674555,539663,crisismmd_harvey_img_49102,2026-09-27T00:07:49.791140+00:00,1.0,SEMI_SYNTHETIC
edge_728660_973055_1844,728660,973055,dfdc_syn_bridge_collapse_84920,2026-09-27T00:43:20.698046+00:00,1.0,SEMI_SYNTHETIC
edge_818184_271993_1845,818184,271993,ff_face2face_mayoral_evac_0091,2026-09-27T10:49:55.865441+00:00,1.0,SEMI_SYNTHETIC
edge_402383_360996_1846,402383,360996,ff_face2face_mayoral_evac_0091,2026-09-27T10:50:42.208034+00:00,1.0,SEMI_SYNTHETIC
edge_624663_849767_1847,624663,849767,humaid_irma_2017_001928,2026-09-27T09:03:00.042568+00:00,1.0,SEMI_SYNTHETIC
edge_646249_250134_1848,646249,250134,humaid_irma_2017_001928,2026-09-27T09:05:44.919496+00:00,1.0,SEMI_SYNTHETIC
edge_665643_53802_1849,665643,53802,crisismmd_harvey_img_49102,2026-09-27T00:07:51.431158+00:00,1.0,SEMI_SYNTHETIC
edge_672951_65807_1850,672951,65807,crisislex_california_fire_81729,2026-09-27T10:47:26.335907+00:00,1.0,SEMI_SYNTHETIC
edge_50048_267234_1851,50048,267234,dfdc_syn_bridge_collapse_84920,2026-09-27T00:43:28.326324+00:00,1.0,SEMI_SYNTHETIC
edge_923218_956383_1852,923218,956383,crisislex_california_fire_81729,2026-09-27T10:50:08.360980+00:00,1.0,SEMI_SYNTHETIC
edge_678444_627457_1853,678444,627457,humaid_irma_2017_001928,2026-09-27T09:07:06.246835+00:00,1.0,SEMI_SYNTHETIC
edge_653829_869926_1854,653829,869926,crisismmd_harvey_img_49102,2026-09-27T00:07:51.765099+00:00,1.0,SEMI_SYNTHETIC
edge_959721_172230_1855,959721,172230,crisismmd_harvey_img_49102,2026-09-27T00:07:53.874555+00:00,1.0,SEMI_SYNTHETIC
edge_888409_495964_1856,888409,495964,crisismmd_harvey_img_49102,2026-09-27T00:07:55.213772+00:00,1.0,SEMI_SYNTHETIC
edge_774366_72833_1857,774366,72833,humaid_irma_2017_001928,2026-09-27T09:07:27.289168+00:00,1.0,SEMI_SYNTHETIC
edge_439131_131011_1858,439131,131011,dfdc_syn_bridge_collapse_84920,2026-09-27T00:43:35.533908+00:00,1.0,SEMI_SYNTHETIC
edge_498900_700077_1859,498900,700077,humaid_irma_2017_001928,2026-09-27T09:08:30.187137+00:00,1.0,SEMI_SYNTHETIC
edge_201366_108042_1860,201366,108042,humaid_irma_2017_001928,2026-09-27T09:10:16.439316+00:00,1.0,SEMI_SYNTHETIC
edge_837050_353254_1861,837050,353254,dfdc_syn_bridge_collapse_84920,2026-09-27T00:43:40.978926+00:00,1.0,SEMI_SYNTHETIC
edge_887981_894096_1862,887981,894096,crisismmd_harvey_img_49102,2026-09-27T00:07:56.418610+00:00,1.0,SEMI_SYNTHETIC
edge_407735_522997_1863,407735,522997,dfdc_syn_bridge_collapse_84920,2026-09-27T00:43:52.442644+00:00,1.0,SEMI_SYNTHETIC
edge_885849_469990_1864,885849,469990,dfdc_syn_bridge_collapse_84920,2026-09-27T00:43:57.348132+00:00,1.0,SEMI_SYNTHETIC
edge_106901_402437_1865,106901,402437,dfdc_syn_bridge_collapse_84920,2026-09-27T00:44:00.827701+00:00,1.0,SEMI_SYNTHETIC
edge_879793_880840_1866,879793,880840,crisislex_california_fire_81729,2026-09-27T10:51:20.175224+00:00,1.0,SEMI_SYNTHETIC
edge_574080_598297_1867,574080,598297,dfdc_syn_bridge_collapse_84920,2026-09-27T00:44:02.341936+00:00,1.0,SEMI_SYNTHETIC
edge_227523_218218_1868,227523,218218,ff_face2face_mayoral_evac_0091,2026-09-27T10:51:51.184694+00:00,1.0,SEMI_SYNTHETIC
edge_548205_960328_1869,548205,960328,crisislex_california_fire_81729,2026-09-27T10:53:03.949129+00:00,1.0,SEMI_SYNTHETIC
edge_700311_598933_1870,700311,598933,crisismmd_harvey_img_49102,2026-09-27T00:07:57.042422+00:00,1.0,SEMI_SYNTHETIC
edge_406267_957778_1871,406267,957778,ff_face2face_mayoral_evac_0091,2026-09-27T10:52:24.953292+00:00,1.0,SEMI_SYNTHETIC
edge_176461_149158_1872,176461,149158,humaid_irma_2017_001928,2026-09-27T09:11:21.242564+00:00,1.0,SEMI_SYNTHETIC
edge_331153_745901_1873,331153,745901,crisismmd_harvey_img_49102,2026-09-27T00:07:57.950434+00:00,1.0,SEMI_SYNTHETIC
edge_632408_295031_1874,632408,295031,crisislex_california_fire_81729,2026-09-27T10:53:45.596453+00:00,1.0,SEMI_SYNTHETIC
edge_768510_737250_1875,768510,737250,ff_face2face_mayoral_evac_0091,2026-09-27T10:54:39.215618+00:00,1.0,SEMI_SYNTHETIC
edge_810244_263080_1876,810244,263080,crisismmd_harvey_img_49102,2026-09-27T00:07:59.208572+00:00,1.0,SEMI_SYNTHETIC
edge_430216_960328_1877,430216,960328,crisislex_california_fire_81729,2026-09-27T10:54:13.931857+00:00,1.0,SEMI_SYNTHETIC
edge_218102_904640_1878,218102,904640,dfdc_syn_bridge_collapse_84920,2026-09-27T00:44:10.512797+00:00,1.0,SEMI_SYNTHETIC
edge_104789_664280_1879,104789,664280,crisislex_california_fire_81729,2026-09-27T10:56:31.746373+00:00,1.0,SEMI_SYNTHETIC
edge_10884_478325_1880,10884,478325,dfdc_syn_bridge_collapse_84920,2026-09-27T00:44:22.733652+00:00,1.0,SEMI_SYNTHETIC
edge_257656_272778_1881,257656,272778,dfdc_syn_bridge_collapse_84920,2026-09-27T00:44:36.095018+00:00,1.0,SEMI_SYNTHETIC
edge_896747_167517_1882,896747,167517,ff_face2face_mayoral_evac_0091,2026-09-27T10:55:04.543990+00:00,1.0,SEMI_SYNTHETIC
edge_730147_881834_1883,730147,881834,humaid_irma_2017_001928,2026-09-27T09:12:52.391059+00:00,1.0,SEMI_SYNTHETIC
edge_810122_720828_1884,810122,720828,dfdc_syn_bridge_collapse_84920,2026-09-27T00:44:49.874681+00:00,1.0,SEMI_SYNTHETIC
edge_820822_150440_1885,820822,150440,ff_face2face_mayoral_evac_0091,2026-09-27T10:55:36.389397+00:00,1.0,SEMI_SYNTHETIC
edge_422982_337637_1886,422982,337637,crisismmd_harvey_img_49102,2026-09-27T00:08:01.276071+00:00,1.0,SEMI_SYNTHETIC
edge_242463_970741_1887,242463,970741,crisismmd_harvey_img_49102,2026-09-27T00:08:02.548013+00:00,1.0,SEMI_SYNTHETIC
edge_873227_721047_1888,873227,721047,dfdc_syn_bridge_collapse_84920,2026-09-27T00:45:01.624496+00:00,1.0,SEMI_SYNTHETIC
edge_154787_381643_1889,154787,381643,crisislex_california_fire_81729,2026-09-27T10:58:49.532731+00:00,1.0,SEMI_SYNTHETIC
edge_695815_950061_1890,695815,950061,humaid_irma_2017_001928,2026-09-27T09:13:38.300557+00:00,1.0,SEMI_SYNTHETIC
edge_283698_673874_1891,283698,673874,dfdc_syn_bridge_collapse_84920,2026-09-27T00:45:06.613994+00:00,1.0,SEMI_SYNTHETIC
edge_121600_20821_1892,121600,20821,ff_face2face_mayoral_evac_0091,2026-09-27T10:56:16.907449+00:00,1.0,SEMI_SYNTHETIC
edge_852583_671257_1893,852583,671257,humaid_irma_2017_001928,2026-09-27T09:14:47.169325+00:00,1.0,SEMI_SYNTHETIC
edge_22151_903719_1894,22151,903719,dfdc_syn_bridge_collapse_84920,2026-09-27T00:45:12.080355+00:00,1.0,SEMI_SYNTHETIC
edge_788111_627322_1895,788111,627322,ff_face2face_mayoral_evac_0091,2026-09-27T10:57:38.725150+00:00,1.0,SEMI_SYNTHETIC
edge_828941_943567_1896,828941,943567,crisislex_california_fire_81729,2026-09-27T11:01:16.743996+00:00,1.0,SEMI_SYNTHETIC
edge_454664_309449_1897,454664,309449,crisismmd_harvey_img_49102,2026-09-27T00:08:04.674017+00:00,1.0,SEMI_SYNTHETIC
edge_989555_287746_1898,989555,287746,ff_face2face_mayoral_evac_0091,2026-09-27T11:00:16.678581+00:00,1.0,SEMI_SYNTHETIC
edge_60901_608097_1899,60901,608097,crisismmd_harvey_img_49102,2026-09-27T00:08:05.248288+00:00,1.0,SEMI_SYNTHETIC
edge_942358_979022_1900,942358,979022,humaid_irma_2017_001928,2026-09-27T09:15:17.833071+00:00,1.0,SEMI_SYNTHETIC
edge_579113_294424_1901,579113,294424,crisismmd_harvey_img_49102,2026-09-27T00:08:05.953872+00:00,1.0,SEMI_SYNTHETIC
edge_676876_817069_1902,676876,817069,crisismmd_harvey_img_49102,2026-09-27T00:08:06.910397+00:00,1.0,SEMI_SYNTHETIC
edge_193745_911339_1903,193745,911339,humaid_irma_2017_001928,2026-09-27T09:16:28.564633+00:00,1.0,SEMI_SYNTHETIC
edge_946081_14892_1904,946081,14892,humaid_irma_2017_001928,2026-09-27T09:16:59.993920+00:00,1.0,SEMI_SYNTHETIC
edge_987552_432857_1905,987552,432857,ff_face2face_mayoral_evac_0091,2026-09-27T11:02:23.807214+00:00,1.0,SEMI_SYNTHETIC
edge_50147_595472_1906,50147,595472,crisislex_california_fire_81729,2026-09-27T11:03:03.485603+00:00,1.0,SEMI_SYNTHETIC
edge_982491_641894_1907,982491,641894,humaid_irma_2017_001928,2026-09-27T09:18:14.919129+00:00,1.0,SEMI_SYNTHETIC
edge_788761_685990_1908,788761,685990,crisismmd_harvey_img_49102,2026-09-27T00:08:08.024469+00:00,1.0,SEMI_SYNTHETIC
edge_327929_360964_1909,327929,360964,ff_face2face_mayoral_evac_0091,2026-09-27T11:05:17.884423+00:00,1.0,SEMI_SYNTHETIC
edge_611186_516983_1910,611186,516983,crisislex_california_fire_81729,2026-09-27T11:05:38.707023+00:00,1.0,SEMI_SYNTHETIC
edge_535927_273926_1911,535927,273926,ff_face2face_mayoral_evac_0091,2026-09-27T11:06:14.598171+00:00,1.0,SEMI_SYNTHETIC
edge_15296_276105_1912,15296,276105,crisislex_california_fire_81729,2026-09-27T11:06:56.481031+00:00,1.0,SEMI_SYNTHETIC
edge_494904_741663_1913,494904,741663,humaid_irma_2017_001928,2026-09-27T09:20:37.867727+00:00,1.0,SEMI_SYNTHETIC
edge_241795_422982_1914,241795,422982,crisismmd_harvey_img_49102,2026-09-27T00:08:08.357623+00:00,1.0,SEMI_SYNTHETIC
edge_451203_810771_1915,451203,810771,crisismmd_harvey_img_49102,2026-09-27T00:08:10.205217+00:00,1.0,SEMI_SYNTHETIC
edge_369609_555883_1916,369609,555883,crisismmd_harvey_img_49102,2026-09-27T00:08:11.604716+00:00,1.0,SEMI_SYNTHETIC
edge_568094_351092_1917,568094,351092,crisismmd_harvey_img_49102,2026-09-27T00:08:13.679025+00:00,1.0,SEMI_SYNTHETIC
edge_92427_987552_1918,92427,987552,ff_face2face_mayoral_evac_0091,2026-09-27T11:07:08.065912+00:00,1.0,SEMI_SYNTHETIC
edge_397125_174569_1919,397125,174569,crisislex_california_fire_81729,2026-09-27T11:09:53.922055+00:00,1.0,SEMI_SYNTHETIC
edge_623350_27007_1920,623350,27007,crisismmd_harvey_img_49102,2026-09-27T00:08:14.862623+00:00,1.0,SEMI_SYNTHETIC
edge_593469_123668_1921,593469,123668,crisismmd_harvey_img_49102,2026-09-27T00:08:16.318365+00:00,1.0,SEMI_SYNTHETIC
edge_900941_903796_1922,900941,903796,dfdc_syn_bridge_collapse_84920,2026-09-27T00:45:18.334336+00:00,1.0,SEMI_SYNTHETIC
edge_197299_360964_1923,197299,360964,ff_face2face_mayoral_evac_0091,2026-09-27T11:07:55.177827+00:00,1.0,SEMI_SYNTHETIC
edge_954199_294434_1924,954199,294434,ff_face2face_mayoral_evac_0091,2026-09-27T11:09:38.689788+00:00,1.0,SEMI_SYNTHETIC
edge_673877_503549_1925,673877,503549,crisismmd_harvey_img_49102,2026-09-27T00:08:18.267564+00:00,1.0,SEMI_SYNTHETIC
edge_528870_330984_1926,528870,330984,crisismmd_harvey_img_49102,2026-09-27T00:08:19.573095+00:00,1.0,SEMI_SYNTHETIC
edge_312417_656081_1927,312417,656081,crisismmd_harvey_img_49102,2026-09-27T00:08:21.655827+00:00,1.0,SEMI_SYNTHETIC
edge_411975_599569_1928,411975,599569,crisismmd_harvey_img_49102,2026-09-27T00:08:23.586871+00:00,1.0,SEMI_SYNTHETIC
edge_658938_674323_1929,658938,674323,ff_face2face_mayoral_evac_0091,2026-09-27T11:12:34.311845+00:00,1.0,SEMI_SYNTHETIC
edge_777712_430775_1930,777712,430775,crisislex_california_fire_81729,2026-09-27T11:11:49.308505+00:00,1.0,SEMI_SYNTHETIC
edge_504837_278422_1931,504837,278422,humaid_irma_2017_001928,2026-09-27T09:21:43.121180+00:00,1.0,SEMI_SYNTHETIC
edge_588874_412586_1932,588874,412586,crisismmd_harvey_img_49102,2026-09-27T00:08:23.741398+00:00,1.0,SEMI_SYNTHETIC
edge_193722_100275_1933,193722,100275,dfdc_syn_bridge_collapse_84920,2026-09-27T00:45:31.238662+00:00,1.0,SEMI_SYNTHETIC
edge_615659_795339_1934,615659,795339,dfdc_syn_bridge_collapse_84920,2026-09-27T00:45:36.756801+00:00,1.0,SEMI_SYNTHETIC
edge_493819_508357_1935,493819,508357,dfdc_syn_bridge_collapse_84920,2026-09-27T00:45:47.328196+00:00,1.0,SEMI_SYNTHETIC
edge_494664_821102_1936,494664,821102,humaid_irma_2017_001928,2026-09-27T09:24:09.747965+00:00,1.0,SEMI_SYNTHETIC
edge_919181_794490_1937,919181,794490,humaid_irma_2017_001928,2026-09-27T09:24:20.918128+00:00,1.0,SEMI_SYNTHETIC
edge_936266_98501_1938,936266,98501,ff_face2face_mayoral_evac_0091,2026-09-27T11:15:10.880570+00:00,1.0,SEMI_SYNTHETIC
edge_34872_580873_1939,34872,580873,humaid_irma_2017_001928,2026-09-27T09:26:32.603253+00:00,1.0,SEMI_SYNTHETIC
edge_428832_206694_1940,428832,206694,humaid_irma_2017_001928,2026-09-27T09:27:32.406975+00:00,1.0,SEMI_SYNTHETIC
edge_118656_15296_1941,118656,15296,crisislex_california_fire_81729,2026-09-27T11:13:46.284098+00:00,1.0,SEMI_SYNTHETIC
edge_187160_309449_1942,187160,309449,crisismmd_harvey_img_49102,2026-09-27T00:08:25.660455+00:00,1.0,SEMI_SYNTHETIC
edge_287356_565378_1943,287356,565378,crisismmd_harvey_img_49102,2026-09-27T00:08:26.101135+00:00,1.0,SEMI_SYNTHETIC
edge_369077_416945_1944,369077,416945,humaid_irma_2017_001928,2026-09-27T09:29:00.308119+00:00,1.0,SEMI_SYNTHETIC
edge_298671_325076_1945,298671,325076,ff_face2face_mayoral_evac_0091,2026-09-27T11:16:17.092976+00:00,1.0,SEMI_SYNTHETIC
edge_600913_721521_1946,600913,721521,dfdc_syn_bridge_collapse_84920,2026-09-27T00:45:50.400532+00:00,1.0,SEMI_SYNTHETIC
edge_329544_513518_1947,329544,513518,crisismmd_harvey_img_49102,2026-09-27T00:08:26.937126+00:00,1.0,SEMI_SYNTHETIC
edge_144797_226217_1948,144797,226217,ff_face2face_mayoral_evac_0091,2026-09-27T11:18:21.550357+00:00,1.0,SEMI_SYNTHETIC
edge_902253_926602_1949,902253,926602,crisismmd_harvey_img_49102,2026-09-27T00:08:29.099080+00:00,1.0,SEMI_SYNTHETIC
edge_543296_267143_1950,543296,267143,crisismmd_harvey_img_49102,2026-09-27T00:08:29.555152+00:00,1.0,SEMI_SYNTHETIC
edge_685127_339445_1951,685127,339445,crisislex_california_fire_81729,2026-09-27T11:15:05.277686+00:00,1.0,SEMI_SYNTHETIC
edge_187336_521177_1952,187336,521177,crisislex_california_fire_81729,2026-09-27T11:16:08.708046+00:00,1.0,SEMI_SYNTHETIC
edge_77898_461989_1953,77898,461989,ff_face2face_mayoral_evac_0091,2026-09-27T11:19:01.366208+00:00,1.0,SEMI_SYNTHETIC
edge_837614_107784_1954,837614,107784,crisismmd_harvey_img_49102,2026-09-27T00:08:30.150582+00:00,1.0,SEMI_SYNTHETIC
edge_890779_439131_1955,890779,439131,dfdc_syn_bridge_collapse_84920,2026-09-27T00:45:56.391552+00:00,1.0,SEMI_SYNTHETIC
edge_44435_351699_1956,44435,351699,crisislex_california_fire_81729,2026-09-27T11:18:51.390940+00:00,1.0,SEMI_SYNTHETIC
edge_570730_111836_1957,570730,111836,humaid_irma_2017_001928,2026-09-27T09:31:52.152925+00:00,1.0,SEMI_SYNTHETIC
edge_604230_883074_1958,604230,883074,crisislex_california_fire_81729,2026-09-27T11:21:29.735594+00:00,1.0,SEMI_SYNTHETIC
edge_249431_10884_1959,249431,10884,dfdc_syn_bridge_collapse_84920,2026-09-27T00:46:00.976561+00:00,1.0,SEMI_SYNTHETIC
edge_300955_326822_1960,300955,326822,ff_face2face_mayoral_evac_0091,2026-09-27T11:19:41.529423+00:00,1.0,SEMI_SYNTHETIC
edge_327467_732040_1961,327467,732040,dfdc_syn_bridge_collapse_84920,2026-09-27T00:46:12.243283+00:00,1.0,SEMI_SYNTHETIC
edge_113043_283336_1962,113043,283336,dfdc_syn_bridge_collapse_84920,2026-09-27T00:46:16.658451+00:00,1.0,SEMI_SYNTHETIC
edge_132060_675320_1963,132060,675320,humaid_irma_2017_001928,2026-09-27T09:32:56.358843+00:00,1.0,SEMI_SYNTHETIC
edge_520898_708435_1964,520898,708435,ff_face2face_mayoral_evac_0091,2026-09-27T11:20:25.086784+00:00,1.0,SEMI_SYNTHETIC
edge_939580_926057_1965,939580,926057,humaid_irma_2017_001928,2026-09-27T09:34:45.250146+00:00,1.0,SEMI_SYNTHETIC
edge_273976_392755_1966,273976,392755,dfdc_syn_bridge_collapse_84920,2026-09-27T00:46:25.903577+00:00,1.0,SEMI_SYNTHETIC
edge_516755_172555_1967,516755,172555,crisislex_california_fire_81729,2026-09-27T11:22:25.761938+00:00,1.0,SEMI_SYNTHETIC
edge_720769_888721_1968,720769,888721,crisismmd_harvey_img_49102,2026-09-27T00:08:30.884662+00:00,1.0,SEMI_SYNTHETIC
edge_521265_720769_1969,521265,720769,crisismmd_harvey_img_49102,2026-09-27T00:08:32.486874+00:00,1.0,SEMI_SYNTHETIC
edge_463000_290028_1970,463000,290028,crisislex_california_fire_81729,2026-09-27T11:23:55.748014+00:00,1.0,SEMI_SYNTHETIC
edge_574752_822002_1971,574752,822002,humaid_irma_2017_001928,2026-09-27T09:37:32.550353+00:00,1.0,SEMI_SYNTHETIC
edge_536154_777562_1972,536154,777562,dfdc_syn_bridge_collapse_84920,2026-09-27T00:46:37.806662+00:00,1.0,SEMI_SYNTHETIC
edge_608745_965632_1973,608745,965632,crisislex_california_fire_81729,2026-09-27T11:25:25.966873+00:00,1.0,SEMI_SYNTHETIC
edge_649760_900429_1974,649760,900429,crisismmd_harvey_img_49102,2026-09-27T00:08:32.962205+00:00,1.0,SEMI_SYNTHETIC
edge_837062_412586_1975,837062,412586,crisismmd_harvey_img_49102,2026-09-27T00:08:35.358302+00:00,1.0,SEMI_SYNTHETIC
edge_162029_382787_1976,162029,382787,crisismmd_harvey_img_49102,2026-09-27T00:08:36.007239+00:00,1.0,SEMI_SYNTHETIC
edge_600648_779295_1977,600648,779295,crisismmd_harvey_img_49102,2026-09-27T00:08:38.097394+00:00,1.0,SEMI_SYNTHETIC
edge_380789_615050_1978,380789,615050,ff_face2face_mayoral_evac_0091,2026-09-27T11:20:36.051114+00:00,1.0,SEMI_SYNTHETIC
edge_228742_98025_1979,228742,98025,dfdc_syn_bridge_collapse_84920,2026-09-27T00:46:52.456463+00:00,1.0,SEMI_SYNTHETIC
edge_839339_922037_1980,839339,922037,crisismmd_harvey_img_49102,2026-09-27T00:08:38.904907+00:00,1.0,SEMI_SYNTHETIC
edge_537374_165398_1981,537374,165398,crisislex_california_fire_81729,2026-09-27T11:27:11.162158+00:00,1.0,SEMI_SYNTHETIC
edge_512983_817069_1982,512983,817069,crisismmd_harvey_img_49102,2026-09-27T00:08:39.261310+00:00,1.0,SEMI_SYNTHETIC
edge_701450_170227_1983,701450,170227,crisislex_california_fire_81729,2026-09-27T11:28:41.040357+00:00,1.0,SEMI_SYNTHETIC
edge_72198_342420_1984,72198,342420,ff_face2face_mayoral_evac_0091,2026-09-27T11:21:28.524955+00:00,1.0,SEMI_SYNTHETIC
edge_504761_380711_1985,504761,380711,crisismmd_harvey_img_49102,2026-09-27T00:08:40.023821+00:00,1.0,SEMI_SYNTHETIC
edge_926403_893855_1986,926403,893855,humaid_irma_2017_001928,2026-09-27T09:38:37.723091+00:00,1.0,SEMI_SYNTHETIC
edge_353767_714299_1987,353767,714299,crisismmd_harvey_img_49102,2026-09-27T00:08:41.501632+00:00,1.0,SEMI_SYNTHETIC
edge_157290_559850_1988,157290,559850,crisismmd_harvey_img_49102,2026-09-27T00:08:42.937651+00:00,1.0,SEMI_SYNTHETIC
edge_959069_63190_1989,959069,63190,humaid_irma_2017_001928,2026-09-27T09:41:15.746396+00:00,1.0,SEMI_SYNTHETIC
edge_359188_850215_1990,359188,850215,dfdc_syn_bridge_collapse_84920,2026-09-27T00:46:56.034423+00:00,1.0,SEMI_SYNTHETIC
edge_134980_123668_1991,134980,123668,crisismmd_harvey_img_49102,2026-09-27T00:08:43.650510+00:00,1.0,SEMI_SYNTHETIC
edge_564064_528317_1992,564064,528317,ff_face2face_mayoral_evac_0091,2026-09-27T11:22:45.897312+00:00,1.0,SEMI_SYNTHETIC
edge_925491_936004_1993,925491,936004,crisislex_california_fire_81729,2026-09-27T11:29:54.530998+00:00,1.0,SEMI_SYNTHETIC
edge_780109_619467_1994,780109,619467,crisislex_california_fire_81729,2026-09-27T11:31:28.172608+00:00,1.0,SEMI_SYNTHETIC
edge_847383_599820_1995,847383,599820,humaid_irma_2017_001928,2026-09-27T09:44:11.365077+00:00,1.0,SEMI_SYNTHETIC
edge_798432_148808_1996,798432,148808,humaid_irma_2017_001928,2026-09-27T09:45:58.932368+00:00,1.0,SEMI_SYNTHETIC
edge_169598_72198_1997,169598,72198,ff_face2face_mayoral_evac_0091,2026-09-27T11:25:14.915793+00:00,1.0,SEMI_SYNTHETIC
edge_829056_229242_1998,829056,229242,humaid_irma_2017_001928,2026-09-27T09:46:39.816918+00:00,1.0,SEMI_SYNTHETIC
edge_663986_14548_1999,663986,14548,ff_face2face_mayoral_evac_0091,2026-09-27T11:27:56.113280+00:00,1.0,SEMI_SYNTHETIC
edge_907135_912628_2000,907135,912628,humaid_irma_2017_001928,2026-09-27T09:46:51.268362+00:00,1.0,SEMI_SYNTHETIC
edge_871431_747623_2001,871431,747623,crisismmd_harvey_img_49102,2026-09-27T00:08:45.028184+00:00,1.0,SEMI_SYNTHETIC
edge_208020_749730_2002,208020,749730,crisismmd_harvey_img_49102,2026-09-27T00:08:47.271968+00:00,1.0,SEMI_SYNTHETIC
edge_895730_555984_2003,895730,555984,dfdc_syn_bridge_collapse_84920,2026-09-27T00:47:01.353166+00:00,1.0,SEMI_SYNTHETIC
edge_983566_326208_2004,983566,326208,dfdc_syn_bridge_collapse_84920,2026-09-27T00:47:09.914234+00:00,1.0,SEMI_SYNTHETIC
edge_991784_328083_2005,991784,328083,dfdc_syn_bridge_collapse_84920,2026-09-27T00:47:13.738054+00:00,1.0,SEMI_SYNTHETIC
edge_884677_820749_2006,884677,820749,crisismmd_harvey_img_49102,2026-09-27T00:08:47.437479+00:00,1.0,SEMI_SYNTHETIC
edge_408895_847383_2007,408895,847383,humaid_irma_2017_001928,2026-09-27T09:48:16.740281+00:00,1.0,SEMI_SYNTHETIC
edge_864064_935419_2008,864064,935419,ff_face2face_mayoral_evac_0091,2026-09-27T11:29:13.973574+00:00,1.0,SEMI_SYNTHETIC
edge_180795_230974_2009,180795,230974,dfdc_syn_bridge_collapse_84920,2026-09-27T00:47:21.831901+00:00,1.0,SEMI_SYNTHETIC
edge_445293_149158_2010,445293,149158,humaid_irma_2017_001928,2026-09-27T09:51:06.658561+00:00,1.0,SEMI_SYNTHETIC
edge_127432_771411_2011,127432,771411,humaid_irma_2017_001928,2026-09-27T09:53:32.623067+00:00,1.0,SEMI_SYNTHETIC
edge_381910_589577_2012,381910,589577,humaid_irma_2017_001928,2026-09-27T09:53:43.856518+00:00,1.0,SEMI_SYNTHETIC
edge_250500_997157_2013,250500,997157,crisismmd_harvey_img_49102,2026-09-27T00:08:49.545162+00:00,1.0,SEMI_SYNTHETIC
edge_298060_881834_2014,298060,881834,humaid_irma_2017_001928,2026-09-27T09:55:44.430067+00:00,1.0,SEMI_SYNTHETIC
edge_19724_656081_2015,19724,656081,crisismmd_harvey_img_49102,2026-09-27T00:08:49.754049+00:00,1.0,SEMI_SYNTHETIC
edge_635165_465052_2016,635165,465052,dfdc_syn_bridge_collapse_84920,2026-09-27T00:47:24.794986+00:00,1.0,SEMI_SYNTHETIC
edge_190795_324546_2017,190795,324546,crisismmd_harvey_img_49102,2026-09-27T00:08:50.746139+00:00,1.0,SEMI_SYNTHETIC
edge_200436_537374_2018,200436,537374,crisislex_california_fire_81729,2026-09-27T11:34:22.273640+00:00,1.0,SEMI_SYNTHETIC
edge_433262_733255_2019,433262,733255,humaid_irma_2017_001928,2026-09-27T09:58:08.144720+00:00,1.0,SEMI_SYNTHETIC
edge_39881_953767_2020,39881,953767,crisismmd_harvey_img_49102,2026-09-27T00:08:52.338732+00:00,1.0,SEMI_SYNTHETIC
edge_575680_383838_2021,575680,383838,humaid_irma_2017_001928,2026-09-27T10:00:23.086363+00:00,1.0,SEMI_SYNTHETIC
edge_375603_341495_2022,375603,341495,crisislex_california_fire_81729,2026-09-27T11:36:35.102502+00:00,1.0,SEMI_SYNTHETIC
edge_445239_216198_2023,445239,216198,humaid_irma_2017_001928,2026-09-27T10:01:44.466452+00:00,1.0,SEMI_SYNTHETIC
edge_10756_537374_2024,10756,537374,crisislex_california_fire_81729,2026-09-27T11:37:59.973193+00:00,1.0,SEMI_SYNTHETIC
edge_576216_557923_2025,576216,557923,ff_face2face_mayoral_evac_0091,2026-09-27T11:31:56.896903+00:00,1.0,SEMI_SYNTHETIC
edge_881460_366855_2026,881460,366855,crisislex_california_fire_81729,2026-09-27T11:40:03.606625+00:00,1.0,SEMI_SYNTHETIC
edge_701231_563948_2027,701231,563948,dfdc_syn_bridge_collapse_84920,2026-09-27T00:47:27.556648+00:00,1.0,SEMI_SYNTHETIC
edge_271912_308179_2028,271912,308179,humaid_irma_2017_001928,2026-09-27T10:03:56.402023+00:00,1.0,SEMI_SYNTHETIC
edge_629482_701274_2029,629482,701274,dfdc_syn_bridge_collapse_84920,2026-09-27T00:47:38.777072+00:00,1.0,SEMI_SYNTHETIC
edge_452521_554559_2030,452521,554559,crisislex_california_fire_81729,2026-09-27T11:43:01.505923+00:00,1.0,SEMI_SYNTHETIC
edge_672574_915997_2031,672574,915997,dfdc_syn_bridge_collapse_84920,2026-09-27T00:47:47.888232+00:00,1.0,SEMI_SYNTHETIC
edge_885958_728660_2032,885958,728660,dfdc_syn_bridge_collapse_84920,2026-09-27T00:48:02.601661+00:00,1.0,SEMI_SYNTHETIC
edge_909343_673874_2033,909343,673874,dfdc_syn_bridge_collapse_84920,2026-09-27T00:48:09.156351+00:00,1.0,SEMI_SYNTHETIC
edge_285570_109335_2034,285570,109335,crisislex_california_fire_81729,2026-09-27T11:44:20.467588+00:00,1.0,SEMI_SYNTHETIC
edge_363637_36927_2035,363637,36927,humaid_irma_2017_001928,2026-09-27T10:06:13.045296+00:00,1.0,SEMI_SYNTHETIC
edge_488482_407024_2036,488482,407024,dfdc_syn_bridge_collapse_84920,2026-09-27T00:48:13.730333+00:00,1.0,SEMI_SYNTHETIC
edge_457232_208020_2037,457232,208020,crisismmd_harvey_img_49102,2026-09-27T00:08:54.270578+00:00,1.0,SEMI_SYNTHETIC
edge_136120_822767_2038,136120,822767,crisislex_california_fire_81729,2026-09-27T11:44:51.926377+00:00,1.0,SEMI_SYNTHETIC
edge_590175_682758_2039,590175,682758,crisismmd_harvey_img_49102,2026-09-27T00:08:54.673696+00:00,1.0,SEMI_SYNTHETIC
edge_869860_803202_2040,869860,803202,humaid_irma_2017_001928,2026-09-27T10:09:07.315030+00:00,1.0,SEMI_SYNTHETIC
edge_27531_894247_2041,27531,894247,crisislex_california_fire_81729,2026-09-27T11:45:35.055634+00:00,1.0,SEMI_SYNTHETIC
edge_560549_902104_2042,560549,902104,crisismmd_harvey_img_49102,2026-09-27T00:08:56.035075+00:00,1.0,SEMI_SYNTHETIC
edge_402662_59246_2043,402662,59246,crisislex_california_fire_81729,2026-09-27T11:46:46.707180+00:00,1.0,SEMI_SYNTHETIC
edge_577092_849756_2044,577092,849756,dfdc_syn_bridge_collapse_84920,2026-09-27T00:48:23.619036+00:00,1.0,SEMI_SYNTHETIC
edge_320899_516983_2045,320899,516983,crisislex_california_fire_81729,2026-09-27T11:48:08.789857+00:00,1.0,SEMI_SYNTHETIC
edge_152732_359031_2046,152732,359031,crisislex_california_fire_81729,2026-09-27T11:51:04.031364+00:00,1.0,SEMI_SYNTHETIC
edge_336741_201999_2047,336741,201999,crisismmd_harvey_img_49102,2026-09-27T00:08:56.135924+00:00,1.0,SEMI_SYNTHETIC
edge_157118_426650_2048,157118,426650,crisislex_california_fire_81729,2026-09-27T11:52:55.008802+00:00,1.0,SEMI_SYNTHETIC
edge_834508_105841_2049,834508,105841,dfdc_syn_bridge_collapse_84920,2026-09-27T00:48:35.323337+00:00,1.0,SEMI_SYNTHETIC
edge_83957_402383_2050,83957,402383,ff_face2face_mayoral_evac_0091,2026-09-27T11:33:13.366846+00:00,1.0,SEMI_SYNTHETIC
edge_624391_451203_2051,624391,451203,crisismmd_harvey_img_49102,2026-09-27T00:08:56.572981+00:00,1.0,SEMI_SYNTHETIC
edge_21292_490921_2052,21292,490921,dfdc_syn_bridge_collapse_84920,2026-09-27T00:48:39.204972+00:00,1.0,SEMI_SYNTHETIC
edge_503993_91588_2053,503993,91588,crisislex_california_fire_81729,2026-09-27T11:53:57.906102+00:00,1.0,SEMI_SYNTHETIC
edge_486438_865792_2054,486438,865792,ff_face2face_mayoral_evac_0091,2026-09-27T11:34:14.166623+00:00,1.0,SEMI_SYNTHETIC
edge_888683_263080_2055,888683,263080,crisismmd_harvey_img_49102,2026-09-27T00:08:58.773546+00:00,1.0,SEMI_SYNTHETIC
edge_735024_858611_2056,735024,858611,humaid_irma_2017_001928,2026-09-27T10:11:03.887747+00:00,1.0,SEMI_SYNTHETIC
edge_777305_98425_2057,777305,98425,ff_face2face_mayoral_evac_0091,2026-09-27T11:36:33.104744+00:00,1.0,SEMI_SYNTHETIC
edge_887353_778661_2058,887353,778661,crisislex_california_fire_81729,2026-09-27T11:56:34.970564+00:00,1.0,SEMI_SYNTHETIC
edge_303814_658938_2059,303814,658938,ff_face2face_mayoral_evac_0091,2026-09-27T11:37:54.789344+00:00,1.0,SEMI_SYNTHETIC
edge_709377_497546_2060,709377,497546,crisismmd_harvey_img_49102,2026-09-27T00:09:01.044901+00:00,1.0,SEMI_SYNTHETIC
edge_264535_709377_2061,264535,709377,crisismmd_harvey_img_49102,2026-09-27T00:09:01.344325+00:00,1.0,SEMI_SYNTHETIC
edge_521560_294263_2062,521560,294263,dfdc_syn_bridge_collapse_84920,2026-09-27T00:48:48.480154+00:00,1.0,SEMI_SYNTHETIC
edge_54146_988253_2063,54146,988253,crisislex_california_fire_81729,2026-09-27T11:57:48.860362+00:00,1.0,SEMI_SYNTHETIC
edge_109524_913625_2064,109524,913625,crisislex_california_fire_81729,2026-09-27T12:00:21.355322+00:00,1.0,SEMI_SYNTHETIC
edge_864886_256525_2065,864886,256525,dfdc_syn_bridge_collapse_84920,2026-09-27T00:48:54.529966+00:00,1.0,SEMI_SYNTHETIC
edge_915352_665725_2066,915352,665725,humaid_irma_2017_001928,2026-09-27T10:12:12.929504+00:00,1.0,SEMI_SYNTHETIC
edge_711569_203385_2067,711569,203385,ff_face2face_mayoral_evac_0091,2026-09-27T11:40:23.026658+00:00,1.0,SEMI_SYNTHETIC
edge_316474_682465_2068,316474,682465,dfdc_syn_bridge_collapse_84920,2026-09-27T00:49:03.466986+00:00,1.0,SEMI_SYNTHETIC
edge_868121_21230_2069,868121,21230,humaid_irma_2017_001928,2026-09-27T10:14:26.869256+00:00,1.0,SEMI_SYNTHETIC
edge_60121_257864_2070,60121,257864,crisismmd_harvey_img_49102,2026-09-27T00:09:03.780916+00:00,1.0,SEMI_SYNTHETIC
edge_915427_555883_2071,915427,555883,crisismmd_harvey_img_49102,2026-09-27T00:09:05.725583+00:00,1.0,SEMI_SYNTHETIC
edge_895752_871431_2072,895752,871431,crisismmd_harvey_img_49102,2026-09-27T00:09:07.603274+00:00,1.0,SEMI_SYNTHETIC
edge_341910_847383_2073,341910,847383,humaid_irma_2017_001928,2026-09-27T10:15:33.609011+00:00,1.0,SEMI_SYNTHETIC
edge_662004_750255_2074,662004,750255,humaid_irma_2017_001928,2026-09-27T10:18:19.018134+00:00,1.0,SEMI_SYNTHETIC
edge_377624_488482_2075,377624,488482,dfdc_syn_bridge_collapse_84920,2026-09-27T00:49:15.058889+00:00,1.0,SEMI_SYNTHETIC
edge_26701_559857_2076,26701,559857,ff_face2face_mayoral_evac_0091,2026-09-27T11:43:05.309297+00:00,1.0,SEMI_SYNTHETIC
edge_320592_918983_2077,320592,918983,crisislex_california_fire_81729,2026-09-27T12:01:24.145011+00:00,1.0,SEMI_SYNTHETIC
edge_107898_277729_2078,107898,277729,crisislex_california_fire_81729,2026-09-27T12:02:04.389389+00:00,1.0,SEMI_SYNTHETIC
edge_760663_230256_2079,760663,230256,crisislex_california_fire_81729,2026-09-27T12:04:49.887931+00:00,1.0,SEMI_SYNTHETIC
edge_864141_497192_2080,864141,497192,crisismmd_harvey_img_49102,2026-09-27T00:09:08.655490+00:00,1.0,SEMI_SYNTHETIC
edge_474032_508969_2081,474032,508969,crisismmd_harvey_img_49102,2026-09-27T00:09:10.227698+00:00,1.0,SEMI_SYNTHETIC
edge_528513_731276_2082,528513,731276,dfdc_syn_bridge_collapse_84920,2026-09-27T00:49:23.730710+00:00,1.0,SEMI_SYNTHETIC
edge_162438_574080_2083,162438,574080,dfdc_syn_bridge_collapse_84920,2026-09-27T00:49:28.165634+00:00,1.0,SEMI_SYNTHETIC
edge_444661_546270_2084,444661,546270,dfdc_syn_bridge_collapse_84920,2026-09-27T00:49:42.669901+00:00,1.0,SEMI_SYNTHETIC
edge_429028_130671_2085,429028,130671,crisislex_california_fire_81729,2026-09-27T12:05:32.568579+00:00,1.0,SEMI_SYNTHETIC
edge_850669_27094_2086,850669,27094,ff_face2face_mayoral_evac_0091,2026-09-27T11:45:22.264070+00:00,1.0,SEMI_SYNTHETIC
edge_576618_220647_2087,576618,220647,crisismmd_harvey_img_49102,2026-09-27T00:09:11.202533+00:00,1.0,SEMI_SYNTHETIC
edge_844202_672574_2088,844202,672574,dfdc_syn_bridge_collapse_84920,2026-09-27T00:49:48.173177+00:00,1.0,SEMI_SYNTHETIC
edge_508847_448527_2089,508847,448527,dfdc_syn_bridge_collapse_84920,2026-09-27T00:49:50.525877+00:00,1.0,SEMI_SYNTHETIC
edge_762420_919181_2090,762420,919181,humaid_irma_2017_001928,2026-09-27T10:20:46.251241+00:00,1.0,SEMI_SYNTHETIC
edge_887252_960328_2091,887252,960328,crisislex_california_fire_81729,2026-09-27T12:08:02.151760+00:00,1.0,SEMI_SYNTHETIC
edge_33189_290028_2092,33189,290028,crisislex_california_fire_81729,2026-09-27T12:09:26.589822+00:00,1.0,SEMI_SYNTHETIC
edge_165063_653687_2093,165063,653687,crisislex_california_fire_81729,2026-09-27T12:11:27.137009+00:00,1.0,SEMI_SYNTHETIC
edge_950078_52875_2094,950078,52875,crisismmd_harvey_img_49102,2026-09-27T00:09:11.459524+00:00,1.0,SEMI_SYNTHETIC
edge_235657_422042_2095,235657,422042,crisislex_california_fire_81729,2026-09-27T12:13:00.574678+00:00,1.0,SEMI_SYNTHETIC
edge_607538_37470_2096,607538,37470,crisismmd_harvey_img_49102,2026-09-27T00:09:12.851674+00:00,1.0,SEMI_SYNTHETIC
edge_625380_217434_2097,625380,217434,crisislex_california_fire_81729,2026-09-27T12:15:51.440202+00:00,1.0,SEMI_SYNTHETIC
edge_625983_298060_2098,625983,298060,humaid_irma_2017_001928,2026-09-27T10:23:41.302290+00:00,1.0,SEMI_SYNTHETIC
edge_778140_132060_2099,778140,132060,humaid_irma_2017_001928,2026-09-27T10:25:35.656868+00:00,1.0,SEMI_SYNTHETIC
edge_40919_320899_2100,40919,320899,crisislex_california_fire_81729,2026-09-27T12:18:12.975016+00:00,1.0,SEMI_SYNTHETIC
edge_611885_850247_2101,611885,850247,ff_face2face_mayoral_evac_0091,2026-09-27T11:47:36.137480+00:00,1.0,SEMI_SYNTHETIC
edge_898422_52581_2102,898422,52581,ff_face2face_mayoral_evac_0091,2026-09-27T11:50:02.972851+00:00,1.0,SEMI_SYNTHETIC
edge_533954_672288_2103,533954,672288,humaid_irma_2017_001928,2026-09-27T10:26:38.560083+00:00,1.0,SEMI_SYNTHETIC
edge_95530_40955_2104,95530,40955,crisismmd_harvey_img_49102,2026-09-27T00:09:13.915101+00:00,1.0,SEMI_SYNTHETIC
edge_594191_403482_2105,594191,403482,humaid_irma_2017_001928,2026-09-27T10:28:17.617520+00:00,1.0,SEMI_SYNTHETIC
edge_14887_876621_2106,14887,876621,crisismmd_harvey_img_49102,2026-09-27T00:09:14.244278+00:00,1.0,SEMI_SYNTHETIC
edge_911102_902104_2107,911102,902104,crisismmd_harvey_img_49102,2026-09-27T00:09:14.410647+00:00,1.0,SEMI_SYNTHETIC
edge_238981_249513_2108,238981,249513,dfdc_syn_bridge_collapse_84920,2026-09-27T00:49:54.164626+00:00,1.0,SEMI_SYNTHETIC
edge_611866_832378_2109,611866,832378,humaid_irma_2017_001928,2026-09-27T10:30:55.874026+00:00,1.0,SEMI_SYNTHETIC
edge_166080_204760_2110,166080,204760,ff_face2face_mayoral_evac_0091,2026-09-27T11:52:13.055337+00:00,1.0,SEMI_SYNTHETIC
edge_842199_956251_2111,842199,956251,ff_face2face_mayoral_evac_0091,2026-09-27T11:52:28.213420+00:00,1.0,SEMI_SYNTHETIC
edge_628771_599569_2112,628771,599569,crisismmd_harvey_img_49102,2026-09-27T00:09:16.754725+00:00,1.0,SEMI_SYNTHETIC
edge_993373_862905_2113,993373,862905,humaid_irma_2017_001928,2026-09-27T10:32:30.474704+00:00,1.0,SEMI_SYNTHETIC
edge_591395_48399_2114,591395,48399,crisislex_california_fire_81729,2026-09-27T12:20:44.375937+00:00,1.0,SEMI_SYNTHETIC
edge_842625_436261_2115,842625,436261,dfdc_syn_bridge_collapse_84920,2026-09-27T00:50:00.284335+00:00,1.0,SEMI_SYNTHETIC
edge_894580_540471_2116,894580,540471,crisismmd_harvey_img_49102,2026-09-27T00:09:16.995423+00:00,1.0,SEMI_SYNTHETIC
edge_346124_379366_2117,346124,379366,crisislex_california_fire_81729,2026-09-27T12:21:11.168600+00:00,1.0,SEMI_SYNTHETIC
edge_582922_190616_2118,582922,190616,crisislex_california_fire_81729,2026-09-27T12:22:58.933355+00:00,1.0,SEMI_SYNTHETIC
edge_666764_71437_2119,666764,71437,crisismmd_harvey_img_49102,2026-09-27T00:09:17.864182+00:00,1.0,SEMI_SYNTHETIC
edge_347132_590684_2120,347132,590684,ff_face2face_mayoral_evac_0091,2026-09-27T11:53:42.314801+00:00,1.0,SEMI_SYNTHETIC
edge_311144_611186_2121,311144,611186,crisislex_california_fire_81729,2026-09-27T12:24:15.030826+00:00,1.0,SEMI_SYNTHETIC
edge_945426_179834_2122,945426,179834,humaid_irma_2017_001928,2026-09-27T10:34:10.158226+00:00,1.0,SEMI_SYNTHETIC
edge_570245_319268_2123,570245,319268,crisislex_california_fire_81729,2026-09-27T12:25:57.304621+00:00,1.0,SEMI_SYNTHETIC
edge_873760_742964_2124,873760,742964,crisismmd_harvey_img_49102,2026-09-27T00:09:18.887945+00:00,1.0,SEMI_SYNTHETIC
edge_398837_96023_2125,398837,96023,ff_face2face_mayoral_evac_0091,2026-09-27T11:55:57.866616+00:00,1.0,SEMI_SYNTHETIC
edge_757016_884625_2126,757016,884625,humaid_irma_2017_001928,2026-09-27T10:36:54.970783+00:00,1.0,SEMI_SYNTHETIC
edge_57431_26901_2127,57431,26901,dfdc_syn_bridge_collapse_84920,2026-09-27T00:50:08.218188+00:00,1.0,SEMI_SYNTHETIC
edge_958327_202259_2128,958327,202259,dfdc_syn_bridge_collapse_84920,2026-09-27T00:50:21.822678+00:00,1.0,SEMI_SYNTHETIC
edge_399843_14887_2129,399843,14887,crisismmd_harvey_img_49102,2026-09-27T00:09:21.350510+00:00,1.0,SEMI_SYNTHETIC
edge_711007_837043_2130,711007,837043,ff_face2face_mayoral_evac_0091,2026-09-27T11:56:15.475270+00:00,1.0,SEMI_SYNTHETIC
edge_334785_26701_2131,334785,26701,ff_face2face_mayoral_evac_0091,2026-09-27T11:58:21.142542+00:00,1.0,SEMI_SYNTHETIC
edge_405451_607538_2132,405451,607538,crisismmd_harvey_img_49102,2026-09-27T00:09:22.432598+00:00,1.0,SEMI_SYNTHETIC
edge_666971_699525_2133,666971,699525,dfdc_syn_bridge_collapse_84920,2026-09-27T00:50:34.256823+00:00,1.0,SEMI_SYNTHETIC
edge_243805_868285_2134,243805,868285,humaid_irma_2017_001928,2026-09-27T10:39:03.291083+00:00,1.0,SEMI_SYNTHETIC
edge_202265_468986_2135,202265,468986,humaid_irma_2017_001928,2026-09-27T10:39:32.888411+00:00,1.0,SEMI_SYNTHETIC
edge_985825_273976_2136,985825,273976,dfdc_syn_bridge_collapse_84920,2026-09-27T00:50:48.465867+00:00,1.0,SEMI_SYNTHETIC
edge_123762_52875_2137,123762,52875,crisismmd_harvey_img_49102,2026-09-27T00:09:23.819622+00:00,1.0,SEMI_SYNTHETIC
edge_897571_311601_2138,897571,311601,ff_face2face_mayoral_evac_0091,2026-09-27T12:00:51.031714+00:00,1.0,SEMI_SYNTHETIC
edge_126818_456004_2139,126818,456004,dfdc_syn_bridge_collapse_84920,2026-09-27T00:50:56.721025+00:00,1.0,SEMI_SYNTHETIC
edge_263495_226217_2140,263495,226217,ff_face2face_mayoral_evac_0091,2026-09-27T12:01:32.393030+00:00,1.0,SEMI_SYNTHETIC
edge_53046_297210_2141,53046,297210,crisismmd_harvey_img_49102,2026-09-27T00:09:24.971083+00:00,1.0,SEMI_SYNTHETIC
edge_343364_241625_2142,343364,241625,crisislex_california_fire_81729,2026-09-27T12:28:17.658952+00:00,1.0,SEMI_SYNTHETIC
edge_377124_873245_2143,377124,873245,humaid_irma_2017_001928,2026-09-27T10:42:24.148612+00:00,1.0,SEMI_SYNTHETIC
edge_76741_553899_2144,76741,553899,humaid_irma_2017_001928,2026-09-27T10:43:40.671629+00:00,1.0,SEMI_SYNTHETIC
edge_82753_303243_2145,82753,303243,dfdc_syn_bridge_collapse_84920,2026-09-27T00:51:02.423466+00:00,1.0,SEMI_SYNTHETIC
edge_342979_692139_2146,342979,692139,crisislex_california_fire_81729,2026-09-27T12:29:57.513574+00:00,1.0,SEMI_SYNTHETIC
edge_188169_348542_2147,188169,348542,humaid_irma_2017_001928,2026-09-27T10:45:00.358738+00:00,1.0,SEMI_SYNTHETIC
edge_255012_497192_2148,255012,497192,crisismmd_harvey_img_49102,2026-09-27T00:09:25.959976+00:00,1.0,SEMI_SYNTHETIC
edge_135453_735024_2149,135453,735024,humaid_irma_2017_001928,2026-09-27T10:46:46.019720+00:00,1.0,SEMI_SYNTHETIC
edge_992736_148808_2150,992736,148808,humaid_irma_2017_001928,2026-09-27T10:48:31.838309+00:00,1.0,SEMI_SYNTHETIC
edge_794407_748094_2151,794407,748094,ff_face2face_mayoral_evac_0091,2026-09-27T12:02:30.412667+00:00,1.0,SEMI_SYNTHETIC
edge_512403_674323_2152,512403,674323,ff_face2face_mayoral_evac_0091,2026-09-27T12:04:24.556112+00:00,1.0,SEMI_SYNTHETIC
edge_310798_572146_2153,310798,572146,dfdc_syn_bridge_collapse_84920,2026-09-27T00:51:09.782591+00:00,1.0,SEMI_SYNTHETIC
edge_395957_85124_2154,395957,85124,dfdc_syn_bridge_collapse_84920,2026-09-27T00:51:24.265147+00:00,1.0,SEMI_SYNTHETIC
edge_755208_475798_2155,755208,475798,ff_face2face_mayoral_evac_0091,2026-09-27T12:06:51.482693+00:00,1.0,SEMI_SYNTHETIC
edge_228209_529238_2156,228209,529238,dfdc_syn_bridge_collapse_84920,2026-09-27T00:51:39.089998+00:00,1.0,SEMI_SYNTHETIC
edge_417311_317410_2157,417311,317410,ff_face2face_mayoral_evac_0091,2026-09-27T12:09:31.698398+00:00,1.0,SEMI_SYNTHETIC
edge_225917_241795_2158,225917,241795,crisismmd_harvey_img_49102,2026-09-27T00:09:26.842402+00:00,1.0,SEMI_SYNTHETIC
edge_832215_844202_2159,832215,844202,dfdc_syn_bridge_collapse_84920,2026-09-27T00:51:48.047410+00:00,1.0,SEMI_SYNTHETIC
edge_685282_855091_2160,685282,855091,ff_face2face_mayoral_evac_0091,2026-09-27T12:11:14.893336+00:00,1.0,SEMI_SYNTHETIC
edge_324908_757868_2161,324908,757868,ff_face2face_mayoral_evac_0091,2026-09-27T12:11:48.919689+00:00,1.0,SEMI_SYNTHETIC
edge_943153_66757_2162,943153,66757,crisislex_california_fire_81729,2026-09-27T12:31:17.573608+00:00,1.0,SEMI_SYNTHETIC
edge_737679_213586_2163,737679,213586,ff_face2face_mayoral_evac_0091,2026-09-27T12:14:38.230425+00:00,1.0,SEMI_SYNTHETIC
edge_600729_964889_2164,600729,964889,crisislex_california_fire_81729,2026-09-27T12:33:20.962509+00:00,1.0,SEMI_SYNTHETIC
edge_341864_94148_2165,341864,94148,ff_face2face_mayoral_evac_0091,2026-09-27T12:16:25.992179+00:00,1.0,SEMI_SYNTHETIC
edge_566361_53993_2166,566361,53993,dfdc_syn_bridge_collapse_84920,2026-09-27T00:51:59.724094+00:00,1.0,SEMI_SYNTHETIC
edge_19089_756385_2167,19089,756385,humaid_irma_2017_001928,2026-09-27T10:50:36.790508+00:00,1.0,SEMI_SYNTHETIC
edge_789704_45253_2168,789704,45253,humaid_irma_2017_001928,2026-09-27T10:51:43.146976+00:00,1.0,SEMI_SYNTHETIC
edge_621790_524034_2169,621790,524034,dfdc_syn_bridge_collapse_84920,2026-09-27T00:52:05.029960+00:00,1.0,SEMI_SYNTHETIC
edge_116429_112170_2170,116429,112170,ff_face2face_mayoral_evac_0091,2026-09-27T12:17:56.757025+00:00,1.0,SEMI_SYNTHETIC
edge_568162_17804_2171,568162,17804,dfdc_syn_bridge_collapse_84920,2026-09-27T00:52:18.641399+00:00,1.0,SEMI_SYNTHETIC
edge_304895_28223_2172,304895,28223,ff_face2face_mayoral_evac_0091,2026-09-27T12:18:33.664697+00:00,1.0,SEMI_SYNTHETIC
edge_111784_530526_2173,111784,530526,dfdc_syn_bridge_collapse_84920,2026-09-27T00:52:33.307145+00:00,1.0,SEMI_SYNTHETIC
edge_814402_283336_2174,814402,283336,dfdc_syn_bridge_collapse_84920,2026-09-27T00:52:46.630390+00:00,1.0,SEMI_SYNTHETIC
edge_947414_947589_2175,947414,947589,crisismmd_harvey_img_49102,2026-09-27T00:09:29.176663+00:00,1.0,SEMI_SYNTHETIC
edge_99139_663986_2176,99139,663986,ff_face2face_mayoral_evac_0091,2026-09-27T12:21:24.587390+00:00,1.0,SEMI_SYNTHETIC
edge_971296_794490_2177,971296,794490,humaid_irma_2017_001928,2026-09-27T10:52:23.277006+00:00,1.0,SEMI_SYNTHETIC
edge_381942_834508_2178,381942,834508,dfdc_syn_bridge_collapse_84920,2026-09-27T00:53:01.092442+00:00,1.0,SEMI_SYNTHETIC
edge_392956_98501_2179,392956,98501,ff_face2face_mayoral_evac_0091,2026-09-27T12:21:37.299831+00:00,1.0,SEMI_SYNTHETIC
edge_344042_303243_2180,344042,303243,dfdc_syn_bridge_collapse_84920,2026-09-27T00:53:09.280361+00:00,1.0,SEMI_SYNTHETIC
edge_463980_37645_2181,463980,37645,humaid_irma_2017_001928,2026-09-27T10:54:23.675876+00:00,1.0,SEMI_SYNTHETIC
edge_94142_981733_2182,94142,981733,crisismmd_harvey_img_49102,2026-09-27T00:09:31.076657+00:00,1.0,SEMI_SYNTHETIC
edge_780327_318287_2183,780327,318287,humaid_irma_2017_001928,2026-09-27T10:54:55.886352+00:00,1.0,SEMI_SYNTHETIC
edge_47731_688506_2184,47731,688506,crisismmd_harvey_img_49102,2026-09-27T00:09:32.090268+00:00,1.0,SEMI_SYNTHETIC
edge_905092_888683_2185,905092,888683,crisismmd_harvey_img_49102,2026-09-27T00:09:33.862723+00:00,1.0,SEMI_SYNTHETIC
edge_764048_304895_2186,764048,304895,ff_face2face_mayoral_evac_0091,2026-09-27T12:22:56.522987+00:00,1.0,SEMI_SYNTHETIC
edge_98914_604639_2187,98914,604639,dfdc_syn_bridge_collapse_84920,2026-09-27T00:53:17.123987+00:00,1.0,SEMI_SYNTHETIC
edge_144769_123668_2188,144769,123668,crisismmd_harvey_img_49102,2026-09-27T00:09:36.030273+00:00,1.0,SEMI_SYNTHETIC
edge_609689_379038_2189,609689,379038,humaid_irma_2017_001928,2026-09-27T10:55:47.189727+00:00,1.0,SEMI_SYNTHETIC
edge_856186_135710_2190,856186,135710,humaid_irma_2017_001928,2026-09-27T10:58:24.017095+00:00,1.0,SEMI_SYNTHETIC
edge_671654_582922_2191,671654,582922,crisislex_california_fire_81729,2026-09-27T12:33:42.927581+00:00,1.0,SEMI_SYNTHETIC
edge_972595_550659_2192,972595,550659,humaid_irma_2017_001928,2026-09-27T11:00:18.153176+00:00,1.0,SEMI_SYNTHETIC
edge_464001_615693_2193,464001,615693,humaid_irma_2017_001928,2026-09-27T11:00:59.700893+00:00,1.0,SEMI_SYNTHETIC
edge_665833_98759_2194,665833,98759,dfdc_syn_bridge_collapse_84920,2026-09-27T00:53:21.067054+00:00,1.0,SEMI_SYNTHETIC
edge_750581_341889_2195,750581,341889,ff_face2face_mayoral_evac_0091,2026-09-27T12:25:25.506645+00:00,1.0,SEMI_SYNTHETIC
edge_203910_18491_2196,203910,18491,crisismmd_harvey_img_49102,2026-09-27T00:09:37.886028+00:00,1.0,SEMI_SYNTHETIC
edge_613386_140272_2197,613386,140272,humaid_irma_2017_001928,2026-09-27T11:01:39.595548+00:00,1.0,SEMI_SYNTHETIC
edge_803023_884625_2198,803023,884625,humaid_irma_2017_001928,2026-09-27T11:03:49.083124+00:00,1.0,SEMI_SYNTHETIC
edge_442308_655474_2199,442308,655474,dfdc_syn_bridge_collapse_84920,2026-09-27T00:53:27.592406+00:00,1.0,SEMI_SYNTHETIC
edge_262466_651784_2200,262466,651784,crisismmd_harvey_img_49102,2026-09-27T00:09:38.509848+00:00,1.0,SEMI_SYNTHETIC
edge_527915_18491_2201,527915,18491,crisismmd_harvey_img_49102,2026-09-27T00:09:39.285326+00:00,1.0,SEMI_SYNTHETIC
edge_811566_641894_2202,811566,641894,humaid_irma_2017_001928,2026-09-27T11:05:44.456840+00:00,1.0,SEMI_SYNTHETIC
edge_626708_766648_2203,626708,766648,ff_face2face_mayoral_evac_0091,2026-09-27T12:25:37.546465+00:00,1.0,SEMI_SYNTHETIC
edge_285185_968449_2204,285185,968449,crisismmd_harvey_img_49102,2026-09-27T00:09:41.060708+00:00,1.0,SEMI_SYNTHETIC
edge_533968_540471_2205,533968,540471,crisismmd_harvey_img_49102,2026-09-27T00:09:42.242597+00:00,1.0,SEMI_SYNTHETIC
edge_625754_360996_2206,625754,360996,ff_face2face_mayoral_evac_0091,2026-09-27T12:26:40.837160+00:00,1.0,SEMI_SYNTHETIC
edge_897600_817069_2207,897600,817069,crisismmd_harvey_img_49102,2026-09-27T00:09:43.325955+00:00,1.0,SEMI_SYNTHETIC
edge_158984_317410_2208,158984,317410,ff_face2face_mayoral_evac_0091,2026-09-27T12:28:09.653216+00:00,1.0,SEMI_SYNTHETIC
edge_342108_137794_2209,342108,137794,ff_face2face_mayoral_evac_0091,2026-09-27T12:29:30.984734+00:00,1.0,SEMI_SYNTHETIC
edge_168375_22151_2210,168375,22151,dfdc_syn_bridge_collapse_84920,2026-09-27T00:53:34.184262+00:00,1.0,SEMI_SYNTHETIC
edge_294048_186394_2211,294048,186394,dfdc_syn_bridge_collapse_84920,2026-09-27T00:53:38.222175+00:00,1.0,SEMI_SYNTHETIC
edge_301157_803023_2212,301157,803023,humaid_irma_2017_001928,2026-09-27T11:07:19.001654+00:00,1.0,SEMI_SYNTHETIC
edge_902964_558496_2213,902964,558496,ff_face2face_mayoral_evac_0091,2026-09-27T12:31:24.144984+00:00,1.0,SEMI_SYNTHETIC
edge_509856_343580_2214,509856,343580,humaid_irma_2017_001928,2026-09-27T11:08:29.074453+00:00,1.0,SEMI_SYNTHETIC
edge_524333_841161_2215,524333,841161,dfdc_syn_bridge_collapse_84920,2026-09-27T00:53:42.514309+00:00,1.0,SEMI_SYNTHETIC
edge_658523_985396_2216,658523,985396,crisismmd_harvey_img_49102,2026-09-27T00:09:44.941576+00:00,1.0,SEMI_SYNTHETIC
edge_401490_744061_2217,401490,744061,humaid_irma_2017_001928,2026-09-27T11:10:20.924142+00:00,1.0,SEMI_SYNTHETIC
edge_478795_704083_2218,478795,704083,dfdc_syn_bridge_collapse_84920,2026-09-27T00:53:48.688255+00:00,1.0,SEMI_SYNTHETIC
edge_674662_976879_2219,674662,976879,dfdc_syn_bridge_collapse_84920,2026-09-27T00:53:52.620639+00:00,1.0,SEMI_SYNTHETIC
edge_357142_485436_2220,357142,485436,ff_face2face_mayoral_evac_0091,2026-09-27T12:33:47.902028+00:00,1.0,SEMI_SYNTHETIC
edge_752501_930445_2221,752501,930445,dfdc_syn_bridge_collapse_84920,2026-09-27T00:54:07.137274+00:00,1.0,SEMI_SYNTHETIC
edge_943816_31838_2222,943816,31838,dfdc_syn_bridge_collapse_84920,2026-09-27T00:54:19.523781+00:00,1.0,SEMI_SYNTHETIC
edge_347279_276817_2223,347279,276817,crisislex_california_fire_81729,2026-09-27T12:36:22.651369+00:00,1.0,SEMI_SYNTHETIC
edge_773181_392956_2224,773181,392956,ff_face2face_mayoral_evac_0091,2026-09-27T12:35:16.559203+00:00,1.0,SEMI_SYNTHETIC
edge_756489_614020_2225,756489,614020,ff_face2face_mayoral_evac_0091,2026-09-27T12:36:32.787204+00:00,1.0,SEMI_SYNTHETIC
edge_383470_760800_2226,383470,760800,humaid_irma_2017_001928,2026-09-27T11:11:51.461121+00:00,1.0,SEMI_SYNTHETIC
edge_518242_158984_2227,518242,158984,ff_face2face_mayoral_evac_0091,2026-09-27T12:38:18.306447+00:00,1.0,SEMI_SYNTHETIC
edge_207336_701450_2228,207336,701450,crisislex_california_fire_81729,2026-09-27T12:39:02.797664+00:00,1.0,SEMI_SYNTHETIC
edge_937750_306451_2229,937750,306451,crisislex_california_fire_81729,2026-09-27T12:40:55.661504+00:00,1.0,SEMI_SYNTHETIC
edge_868350_736515_2230,868350,736515,crisislex_california_fire_81729,2026-09-27T12:41:53.679068+00:00,1.0,SEMI_SYNTHETIC
edge_693288_131263_2231,693288,131263,crisismmd_harvey_img_49102,2026-09-27T00:09:45.667947+00:00,1.0,SEMI_SYNTHETIC
edge_478383_166080_2232,478383,166080,ff_face2face_mayoral_evac_0091,2026-09-27T12:38:41.687091+00:00,1.0,SEMI_SYNTHETIC
edge_992413_916222_2233,992413,916222,crisislex_california_fire_81729,2026-09-27T12:42:30.365399+00:00,1.0,SEMI_SYNTHETIC
edge_624969_380711_2234,624969,380711,crisismmd_harvey_img_49102,2026-09-27T00:09:46.242621+00:00,1.0,SEMI_SYNTHETIC
edge_396737_292324_2235,396737,292324,humaid_irma_2017_001928,2026-09-27T11:12:22.526661+00:00,1.0,SEMI_SYNTHETIC
edge_424751_77037_2236,424751,77037,ff_face2face_mayoral_evac_0091,2026-09-27T12:40:25.208701+00:00,1.0,SEMI_SYNTHETIC
edge_603092_250633_2237,603092,250633,crisislex_california_fire_81729,2026-09-27T12:45:02.497864+00:00,1.0,SEMI_SYNTHETIC
edge_148272_494664_2238,148272,494664,humaid_irma_2017_001928,2026-09-27T11:15:02.680795+00:00,1.0,SEMI_SYNTHETIC
edge_256429_630647_2239,256429,630647,humaid_irma_2017_001928,2026-09-27T11:15:36.465739+00:00,1.0,SEMI_SYNTHETIC
edge_797324_23524_2240,797324,23524,crisismmd_harvey_img_49102,2026-09-27T00:09:48.676188+00:00,1.0,SEMI_SYNTHETIC
edge_425225_71669_2241,425225,71669,ff_face2face_mayoral_evac_0091,2026-09-27T12:42:07.877636+00:00,1.0,SEMI_SYNTHETIC
edge_130847_112078_2242,130847,112078,crisislex_california_fire_81729,2026-09-27T12:47:32.381676+00:00,1.0,SEMI_SYNTHETIC
edge_35401_599569_2243,35401,599569,crisismmd_harvey_img_49102,2026-09-27T00:09:49.321939+00:00,1.0,SEMI_SYNTHETIC
edge_170044_621790_2244,170044,621790,dfdc_syn_bridge_collapse_84920,2026-09-27T00:54:27.225486+00:00,1.0,SEMI_SYNTHETIC
edge_712821_566361_2245,712821,566361,dfdc_syn_bridge_collapse_84920,2026-09-27T00:54:35.233660+00:00,1.0,SEMI_SYNTHETIC
edge_740988_830411_2246,740988,830411,crisislex_california_fire_81729,2026-09-27T12:49:52.522911+00:00,1.0,SEMI_SYNTHETIC
edge_621046_825749_2247,621046,825749,humaid_irma_2017_001928,2026-09-27T11:15:53.287843+00:00,1.0,SEMI_SYNTHETIC
edge_952228_185645_2248,952228,185645,crisismmd_harvey_img_49102,2026-09-27T00:09:51.106317+00:00,1.0,SEMI_SYNTHETIC
edge_790406_398837_2249,790406,398837,ff_face2face_mayoral_evac_0091,2026-09-27T12:42:54.049952+00:00,1.0,SEMI_SYNTHETIC
edge_221378_983995_2250,221378,983995,crisismmd_harvey_img_49102,2026-09-27T00:09:52.541348+00:00,1.0,SEMI_SYNTHETIC
edge_134956_910426_2251,134956,910426,crisismmd_harvey_img_49102,2026-09-27T00:09:53.444114+00:00,1.0,SEMI_SYNTHETIC
edge_546666_757868_2252,546666,757868,ff_face2face_mayoral_evac_0091,2026-09-27T12:43:08.948923+00:00,1.0,SEMI_SYNTHETIC
edge_988409_950075_2253,988409,950075,dfdc_syn_bridge_collapse_84920,2026-09-27T00:54:38.821309+00:00,1.0,SEMI_SYNTHETIC
edge_716956_842932_2254,716956,842932,dfdc_syn_bridge_collapse_84920,2026-09-27T00:54:50.457939+00:00,1.0,SEMI_SYNTHETIC
edge_666531_784483_2255,666531,784483,crisislex_california_fire_81729,2026-09-27T12:52:21.559161+00:00,1.0,SEMI_SYNTHETIC
edge_879885_245612_2256,879885,245612,crisismmd_harvey_img_49102,2026-09-27T00:09:54.064449+00:00,1.0,SEMI_SYNTHETIC
edge_353260_826814_2257,353260,826814,crisismmd_harvey_img_49102,2026-09-27T00:09:54.659695+00:00,1.0,SEMI_SYNTHETIC
edge_598072_590684_2258,598072,590684,ff_face2face_mayoral_evac_0091,2026-09-27T12:45:01.257129+00:00,1.0,SEMI_SYNTHETIC
edge_659358_5012_2259,659358,5012,dfdc_syn_bridge_collapse_84920,2026-09-27T00:54:52.545377+00:00,1.0,SEMI_SYNTHETIC
edge_409948_848403_2260,409948,848403,humaid_irma_2017_001928,2026-09-27T11:18:44.241652+00:00,1.0,SEMI_SYNTHETIC
edge_453721_106901_2261,453721,106901,dfdc_syn_bridge_collapse_84920,2026-09-27T00:54:54.906634+00:00,1.0,SEMI_SYNTHETIC
edge_817868_123668_2262,817868,123668,crisismmd_harvey_img_49102,2026-09-27T00:09:54.942334+00:00,1.0,SEMI_SYNTHETIC
edge_136169_377124_2263,136169,377124,humaid_irma_2017_001928,2026-09-27T11:19:45.590172+00:00,1.0,SEMI_SYNTHETIC
edge_128055_777541_2264,128055,777541,humaid_irma_2017_001928,2026-09-27T11:22:25.239568+00:00,1.0,SEMI_SYNTHETIC
edge_296402_180795_2265,296402,180795,dfdc_syn_bridge_collapse_84920,2026-09-27T00:55:02.280058+00:00,1.0,SEMI_SYNTHETIC
edge_78322_786513_2266,78322,786513,crisislex_california_fire_81729,2026-09-27T12:53:53.112410+00:00,1.0,SEMI_SYNTHETIC
edge_442458_336905_2267,442458,336905,ff_face2face_mayoral_evac_0091,2026-09-27T12:45:16.339809+00:00,1.0,SEMI_SYNTHETIC
edge_928946_444303_2268,928946,444303,humaid_irma_2017_001928,2026-09-27T11:24:13.288885+00:00,1.0,SEMI_SYNTHETIC
edge_713848_287198_2269,713848,287198,crisismmd_harvey_img_49102,2026-09-27T00:09:56.767624+00:00,1.0,SEMI_SYNTHETIC
edge_56266_5012_2270,56266,5012,dfdc_syn_bridge_collapse_84920,2026-09-27T00:55:06.567517+00:00,1.0,SEMI_SYNTHETIC
edge_760328_606998_2271,760328,606998,ff_face2face_mayoral_evac_0091,2026-09-27T12:47:01.360356+00:00,1.0,SEMI_SYNTHETIC
edge_870581_982880_2272,870581,982880,humaid_irma_2017_001928,2026-09-27T11:25:11.996793+00:00,1.0,SEMI_SYNTHETIC
edge_577035_162438_2273,577035,162438,dfdc_syn_bridge_collapse_84920,2026-09-27T00:55:12.793261+00:00,1.0,SEMI_SYNTHETIC
edge_374314_185741_2274,374314,185741,crisismmd_harvey_img_49102,2026-09-27T00:09:57.844428+00:00,1.0,SEMI_SYNTHETIC
edge_578609_246001_2275,578609,246001,dfdc_syn_bridge_collapse_84920,2026-09-27T00:55:25.192446+00:00,1.0,SEMI_SYNTHETIC
edge_979638_553878_2276,979638,553878,ff_face2face_mayoral_evac_0091,2026-09-27T12:47:26.056101+00:00,1.0,SEMI_SYNTHETIC
edge_942960_265652_2277,942960,265652,ff_face2face_mayoral_evac_0091,2026-09-27T12:48:52.686788+00:00,1.0,SEMI_SYNTHETIC
edge_368245_682464_2278,368245,682464,crisislex_california_fire_81729,2026-09-27T12:56:39.223186+00:00,1.0,SEMI_SYNTHETIC
edge_874745_712821_2279,874745,712821,dfdc_syn_bridge_collapse_84920,2026-09-27T00:55:38.107816+00:00,1.0,SEMI_SYNTHETIC
edge_54017_72833_2280,54017,72833,humaid_irma_2017_001928,2026-09-27T11:27:41.982166+00:00,1.0,SEMI_SYNTHETIC
edge_785643_778661_2281,785643,778661,crisislex_california_fire_81729,2026-09-27T12:56:49.910070+00:00,1.0,SEMI_SYNTHETIC
edge_401456_873760_2282,401456,873760,crisismmd_harvey_img_49102,2026-09-27T00:09:59.118460+00:00,1.0,SEMI_SYNTHETIC
edge_378191_565550_2283,378191,565550,ff_face2face_mayoral_evac_0091,2026-09-27T12:50:31.617363+00:00,1.0,SEMI_SYNTHETIC
edge_737651_786764_2284,737651,786764,humaid_irma_2017_001928,2026-09-27T11:28:30.370685+00:00,1.0,SEMI_SYNTHETIC
edge_123037_670140_2285,123037,670140,dfdc_syn_bridge_collapse_84920,2026-09-27T00:55:49.134642+00:00,1.0,SEMI_SYNTHETIC
edge_327569_298060_2286,327569,298060,humaid_irma_2017_001928,2026-09-27T11:30:38.510042+00:00,1.0,SEMI_SYNTHETIC
edge_27007_399933_2287,27007,399933,crisislex_california_fire_81729,2026-09-27T12:58:48.412335+00:00,1.0,SEMI_SYNTHETIC
edge_80277_490870_2288,80277,490870,humaid_irma_2017_001928,2026-09-27T11:31:23.714900+00:00,1.0,SEMI_SYNTHETIC
edge_741715_388108_2289,741715,388108,humaid_irma_2017_001928,2026-09-27T11:32:45.440880+00:00,1.0,SEMI_SYNTHETIC
edge_628335_256019_2290,628335,256019,crisismmd_harvey_img_49102,2026-09-27T00:10:00.149054+00:00,1.0,SEMI_SYNTHETIC
edge_345158_936004_2291,345158,936004,crisislex_california_fire_81729,2026-09-27T13:00:39.279487+00:00,1.0,SEMI_SYNTHETIC
edge_575200_885930_2292,575200,885930,crisismmd_harvey_img_49102,2026-09-27T00:10:01.930570+00:00,1.0,SEMI_SYNTHETIC
edge_728115_94120_2293,728115,94120,ff_face2face_mayoral_evac_0091,2026-09-27T12:52:38.677857+00:00,1.0,SEMI_SYNTHETIC
edge_507939_575680_2294,507939,575680,humaid_irma_2017_001928,2026-09-27T11:34:00.035320+00:00,1.0,SEMI_SYNTHETIC
edge_977113_504837_2295,977113,504837,humaid_irma_2017_001928,2026-09-27T11:34:24.139316+00:00,1.0,SEMI_SYNTHETIC
edge_46010_760328_2296,46010,760328,ff_face2face_mayoral_evac_0091,2026-09-27T12:54:56.016735+00:00,1.0,SEMI_SYNTHETIC
edge_440552_165398_2297,440552,165398,crisislex_california_fire_81729,2026-09-27T13:03:01.397328+00:00,1.0,SEMI_SYNTHETIC
edge_476018_962538_2298,476018,962538,dfdc_syn_bridge_collapse_84920,2026-09-27T00:55:58.442649+00:00,1.0,SEMI_SYNTHETIC
edge_979912_98759_2299,979912,98759,dfdc_syn_bridge_collapse_84920,2026-09-27T00:56:05.927169+00:00,1.0,SEMI_SYNTHETIC
edge_192366_646237_2300,192366,646237,humaid_irma_2017_001928,2026-09-27T11:35:17.184048+00:00,1.0,SEMI_SYNTHETIC
edge_457460_799762_2301,457460,799762,crisismmd_harvey_img_49102,2026-09-27T00:10:04.079102+00:00,1.0,SEMI_SYNTHETIC
edge_271140_673874_2302,271140,673874,dfdc_syn_bridge_collapse_84920,2026-09-27T00:56:20.487076+00:00,1.0,SEMI_SYNTHETIC
edge_366589_249513_2303,366589,249513,dfdc_syn_bridge_collapse_84920,2026-09-27T00:56:32.301553+00:00,1.0,SEMI_SYNTHETIC
edge_744821_391377_2304,744821,391377,crisislex_california_fire_81729,2026-09-27T13:05:35.138859+00:00,1.0,SEMI_SYNTHETIC
edge_600107_798432_2305,600107,798432,humaid_irma_2017_001928,2026-09-27T11:35:44.445461+00:00,1.0,SEMI_SYNTHETIC
edge_560686_407382_2306,560686,407382,ff_face2face_mayoral_evac_0091,2026-09-27T12:56:08.351594+00:00,1.0,SEMI_SYNTHETIC
edge_302450_528823_2307,302450,528823,crisismmd_harvey_img_49102,2026-09-27T00:10:05.702699+00:00,1.0,SEMI_SYNTHETIC
edge_706990_380789_2308,706990,380789,ff_face2face_mayoral_evac_0091,2026-09-27T12:56:29.731147+00:00,1.0,SEMI_SYNTHETIC
edge_154207_755208_2309,154207,755208,ff_face2face_mayoral_evac_0091,2026-09-27T12:58:05.940454+00:00,1.0,SEMI_SYNTHETIC
edge_701915_853890_2310,701915,853890,dfdc_syn_bridge_collapse_84920,2026-09-27T00:56:34.510838+00:00,1.0,SEMI_SYNTHETIC
edge_204521_190795_2311,204521,190795,crisismmd_harvey_img_49102,2026-09-27T00:10:07.140383+00:00,1.0,SEMI_SYNTHETIC
edge_149685_84268_2312,149685,84268,humaid_irma_2017_001928,2026-09-27T11:37:29.588780+00:00,1.0,SEMI_SYNTHETIC
edge_560044_564634_2313,560044,564634,ff_face2face_mayoral_evac_0091,2026-09-27T12:58:17.843370+00:00,1.0,SEMI_SYNTHETIC
edge_345050_701450_2314,345050,701450,crisislex_california_fire_81729,2026-09-27T13:07:15.327140+00:00,1.0,SEMI_SYNTHETIC
edge_511989_750581_2315,511989,750581,ff_face2face_mayoral_evac_0091,2026-09-27T13:00:44.051670+00:00,1.0,SEMI_SYNTHETIC
edge_84363_290589_2316,84363,290589,dfdc_syn_bridge_collapse_84920,2026-09-27T00:56:40.940844+00:00,1.0,SEMI_SYNTHETIC
edge_510892_568162_2317,510892,568162,dfdc_syn_bridge_collapse_84920,2026-09-27T00:56:53.950683+00:00,1.0,SEMI_SYNTHETIC
edge_890563_381910_2318,890563,381910,humaid_irma_2017_001928,2026-09-27T11:39:15.835540+00:00,1.0,SEMI_SYNTHETIC
edge_54993_228209_2319,54993,228209,dfdc_syn_bridge_collapse_84920,2026-09-27T00:57:06.542342+00:00,1.0,SEMI_SYNTHETIC
edge_481679_246800_2320,481679,246800,ff_face2face_mayoral_evac_0091,2026-09-27T13:00:58.754760+00:00,1.0,SEMI_SYNTHETIC
edge_544299_990961_2321,544299,990961,dfdc_syn_bridge_collapse_84920,2026-09-27T00:57:18.022861+00:00,1.0,SEMI_SYNTHETIC
edge_88701_451508_2322,88701,451508,dfdc_syn_bridge_collapse_84920,2026-09-27T00:57:22.401629+00:00,1.0,SEMI_SYNTHETIC
edge_162634_852583_2323,162634,852583,humaid_irma_2017_001928,2026-09-27T11:40:36.779334+00:00,1.0,SEMI_SYNTHETIC
edge_856003_67450_2324,856003,67450,humaid_irma_2017_001928,2026-09-27T11:41:49.597926+00:00,1.0,SEMI_SYNTHETIC
edge_906929_162901_2325,906929,162901,crisismmd_harvey_img_49102,2026-09-27T00:10:07.968776+00:00,1.0,SEMI_SYNTHETIC
edge_628199_157118_2326,628199,157118,crisislex_california_fire_81729,2026-09-27T13:08:48.251017+00:00,1.0,SEMI_SYNTHETIC
edge_363449_314561_2327,363449,314561,crisislex_california_fire_81729,2026-09-27T13:10:40.139137+00:00,1.0,SEMI_SYNTHETIC
edge_669681_470959_2328,669681,470959,ff_face2face_mayoral_evac_0091,2026-09-27T13:03:54.543291+00:00,1.0,SEMI_SYNTHETIC
edge_981841_926602_2329,981841,926602,crisismmd_harvey_img_49102,2026-09-27T00:10:10.168180+00:00,1.0,SEMI_SYNTHETIC
edge_875846_160861_2330,875846,160861,dfdc_syn_bridge_collapse_84920,2026-09-27T00:57:31.325838+00:00,1.0,SEMI_SYNTHETIC
edge_851214_506864_2331,851214,506864,ff_face2face_mayoral_evac_0091,2026-09-27T13:04:51.892054+00:00,1.0,SEMI_SYNTHETIC
edge_589761_242463_2332,589761,242463,crisismmd_harvey_img_49102,2026-09-27T00:10:10.724099+00:00,1.0,SEMI_SYNTHETIC
edge_225727_905940_2333,225727,905940,ff_face2face_mayoral_evac_0091,2026-09-27T13:06:40.789388+00:00,1.0,SEMI_SYNTHETIC
edge_267565_416045_2334,267565,416045,crisismmd_harvey_img_49102,2026-09-27T00:10:11.263486+00:00,1.0,SEMI_SYNTHETIC
edge_277099_888721_2335,277099,888721,crisismmd_harvey_img_49102,2026-09-27T00:10:13.601447+00:00,1.0,SEMI_SYNTHETIC
edge_13425_682566_2336,13425,682566,crisismmd_harvey_img_49102,2026-09-27T00:10:14.000077+00:00,1.0,SEMI_SYNTHETIC
edge_871046_682566_2337,871046,682566,crisismmd_harvey_img_49102,2026-09-27T00:10:16.326811+00:00,1.0,SEMI_SYNTHETIC
edge_523340_33643_2338,523340,33643,crisislex_california_fire_81729,2026-09-27T13:12:01.622980+00:00,1.0,SEMI_SYNTHETIC
edge_138887_255896_2339,138887,255896,ff_face2face_mayoral_evac_0091,2026-09-27T13:08:05.108667+00:00,1.0,SEMI_SYNTHETIC
edge_571221_666401_2340,571221,666401,humaid_irma_2017_001928,2026-09-27T11:42:06.573811+00:00,1.0,SEMI_SYNTHETIC
edge_944607_733255_2341,944607,733255,humaid_irma_2017_001928,2026-09-27T11:44:53.950939+00:00,1.0,SEMI_SYNTHETIC
edge_300637_318287_2342,300637,318287,humaid_irma_2017_001928,2026-09-27T11:45:05.626476+00:00,1.0,SEMI_SYNTHETIC
edge_289692_329811_2343,289692,329811,dfdc_syn_bridge_collapse_84920,2026-09-27T00:57:35.552675+00:00,1.0,SEMI_SYNTHETIC
edge_342102_163437_2344,342102,163437,crisismmd_harvey_img_49102,2026-09-27T00:10:18.444654+00:00,1.0,SEMI_SYNTHETIC
edge_656233_873699_2345,656233,873699,dfdc_syn_bridge_collapse_84920,2026-09-27T00:57:47.832619+00:00,1.0,SEMI_SYNTHETIC
edge_519877_328083_2346,519877,328083,dfdc_syn_bridge_collapse_84920,2026-09-27T00:57:50.109108+00:00,1.0,SEMI_SYNTHETIC
edge_183688_850215_2347,183688,850215,dfdc_syn_bridge_collapse_84920,2026-09-27T00:58:02.944460+00:00,1.0,SEMI_SYNTHETIC
edge_466333_600913_2348,466333,600913,dfdc_syn_bridge_collapse_84920,2026-09-27T00:58:07.857050+00:00,1.0,SEMI_SYNTHETIC
edge_898439_361936_2349,898439,361936,crisislex_california_fire_81729,2026-09-27T13:14:36.053203+00:00,1.0,SEMI_SYNTHETIC
edge_34145_907412_2350,34145,907412,ff_face2face_mayoral_evac_0091,2026-09-27T13:09:30.338352+00:00,1.0,SEMI_SYNTHETIC
edge_927657_688346_2351,927657,688346,crisismmd_harvey_img_49102,2026-09-27T00:10:19.036963+00:00,1.0,SEMI_SYNTHETIC
edge_473669_826814_2352,473669,826814,crisismmd_harvey_img_49102,2026-09-27T00:10:19.186681+00:00,1.0,SEMI_SYNTHETIC
edge_726469_873760_2353,726469,873760,crisismmd_harvey_img_49102,2026-09-27T00:10:19.633519+00:00,1.0,SEMI_SYNTHETIC
edge_270849_913855_2354,270849,913855,ff_face2face_mayoral_evac_0091,2026-09-27T13:10:15.550607+00:00,1.0,SEMI_SYNTHETIC
edge_990696_303243_2355,990696,303243,dfdc_syn_bridge_collapse_84920,2026-09-27T00:58:14.169267+00:00,1.0,SEMI_SYNTHETIC
edge_371951_605642_2356,371951,605642,humaid_irma_2017_001928,2026-09-27T11:46:32.508263+00:00,1.0,SEMI_SYNTHETIC
edge_468607_910084_2357,468607,910084,humaid_irma_2017_001928,2026-09-27T11:48:05.971033+00:00,1.0,SEMI_SYNTHETIC
edge_175777_738834_2358,175777,738834,dfdc_syn_bridge_collapse_84920,2026-09-27T00:58:18.936970+00:00,1.0,SEMI_SYNTHETIC
edge_896993_537374_2359,896993,537374,crisislex_california_fire_81729,2026-09-27T13:16:35.704724+00:00,1.0,SEMI_SYNTHETIC
edge_106864_388221_2360,106864,388221,ff_face2face_mayoral_evac_0091,2026-09-27T13:11:27.527820+00:00,1.0,SEMI_SYNTHETIC
edge_166268_930101_2361,166268,930101,crisislex_california_fire_81729,2026-09-27T13:16:54.215786+00:00,1.0,SEMI_SYNTHETIC
edge_336734_378422_2362,336734,378422,ff_face2face_mayoral_evac_0091,2026-09-27T13:12:24.875108+00:00,1.0,SEMI_SYNTHETIC
edge_696420_690776_2363,696420,690776,humaid_irma_2017_001928,2026-09-27T11:48:55.379691+00:00,1.0,SEMI_SYNTHETIC
edge_257721_137119_2364,257721,137119,dfdc_syn_bridge_collapse_84920,2026-09-27T00:58:23.972372+00:00,1.0,SEMI_SYNTHETIC
edge_292113_665833_2365,292113,665833,dfdc_syn_bridge_collapse_84920,2026-09-27T00:58:33.409253+00:00,1.0,SEMI_SYNTHETIC
edge_396851_472779_2366,396851,472779,dfdc_syn_bridge_collapse_84920,2026-09-27T00:58:41.884600+00:00,1.0,SEMI_SYNTHETIC
edge_351288_752501_2367,351288,752501,dfdc_syn_bridge_collapse_84920,2026-09-27T00:58:50.355803+00:00,1.0,SEMI_SYNTHETIC
edge_69611_968417_2368,69611,968417,crisismmd_harvey_img_49102,2026-09-27T00:10:20.965309+00:00,1.0,SEMI_SYNTHETIC
edge_913545_732040_2369,913545,732040,dfdc_syn_bridge_collapse_84920,2026-09-27T00:58:52.032626+00:00,1.0,SEMI_SYNTHETIC
edge_193652_51880_2370,193652,51880,crisismmd_harvey_img_49102,2026-09-27T00:10:22.442584+00:00,1.0,SEMI_SYNTHETIC
edge_405758_111883_2371,405758,111883,dfdc_syn_bridge_collapse_84920,2026-09-27T00:58:55.301843+00:00,1.0,SEMI_SYNTHETIC
edge_424205_994827_2372,424205,994827,crisismmd_harvey_img_49102,2026-09-27T00:10:23.648438+00:00,1.0,SEMI_SYNTHETIC
edge_798142_571109_2373,798142,571109,ff_face2face_mayoral_evac_0091,2026-09-27T13:15:05.969867+00:00,1.0,SEMI_SYNTHETIC
edge_226943_423982_2374,226943,423982,ff_face2face_mayoral_evac_0091,2026-09-27T13:15:44.342107+00:00,1.0,SEMI_SYNTHETIC
edge_411156_457460_2375,411156,457460,crisismmd_harvey_img_49102,2026-09-27T00:10:25.769108+00:00,1.0,SEMI_SYNTHETIC
edge_236041_902253_2376,236041,902253,crisismmd_harvey_img_49102,2026-09-27T00:10:25.926410+00:00,1.0,SEMI_SYNTHETIC
edge_156638_621790_2377,156638,621790,dfdc_syn_bridge_collapse_84920,2026-09-27T00:59:02.601009+00:00,1.0,SEMI_SYNTHETIC
edge_957560_575200_2378,957560,575200,crisismmd_harvey_img_49102,2026-09-27T00:10:26.977676+00:00,1.0,SEMI_SYNTHETIC
edge_495804_865792_2379,495804,865792,ff_face2face_mayoral_evac_0091,2026-09-27T13:17:02.212769+00:00,1.0,SEMI_SYNTHETIC
edge_319768_747435_2380,319768,747435,humaid_irma_2017_001928,2026-09-27T11:49:47.091912+00:00,1.0,SEMI_SYNTHETIC
edge_464434_412586_2381,464434,412586,crisismmd_harvey_img_49102,2026-09-27T00:10:28.193891+00:00,1.0,SEMI_SYNTHETIC
edge_989346_728247_2382,989346,728247,crisismmd_harvey_img_49102,2026-09-27T00:10:29.145350+00:00,1.0,SEMI_SYNTHETIC
edge_184006_523331_2383,184006,523331,ff_face2face_mayoral_evac_0091,2026-09-27T13:17:23.731231+00:00,1.0,SEMI_SYNTHETIC
edge_35882_111836_2384,35882,111836,humaid_irma_2017_001928,2026-09-27T11:50:21.901547+00:00,1.0,SEMI_SYNTHETIC
edge_652699_484379_2385,652699,484379,crisislex_california_fire_81729,2026-09-27T13:18:07.331079+00:00,1.0,SEMI_SYNTHETIC
edge_624068_604230_2386,624068,604230,crisislex_california_fire_81729,2026-09-27T13:19:12.843672+00:00,1.0,SEMI_SYNTHETIC
edge_708687_184006_2387,708687,184006,ff_face2face_mayoral_evac_0091,2026-09-27T13:19:42.674953+00:00,1.0,SEMI_SYNTHETIC
edge_874774_786513_2388,874774,786513,crisislex_california_fire_81729,2026-09-27T13:20:48.854788+00:00,1.0,SEMI_SYNTHETIC
edge_809128_850183_2389,809128,850183,ff_face2face_mayoral_evac_0091,2026-09-27T13:21:57.021425+00:00,1.0,SEMI_SYNTHETIC
edge_56151_876028_2390,56151,876028,humaid_irma_2017_001928,2026-09-27T11:52:16.770187+00:00,1.0,SEMI_SYNTHETIC
edge_876042_463065_2391,876042,463065,dfdc_syn_bridge_collapse_84920,2026-09-27T00:59:06.323917+00:00,1.0,SEMI_SYNTHETIC
edge_79445_312820_2392,79445,312820,ff_face2face_mayoral_evac_0091,2026-09-27T13:23:40.020940+00:00,1.0,SEMI_SYNTHETIC
edge_501055_379038_2393,501055,379038,humaid_irma_2017_001928,2026-09-27T11:53:11.906494+00:00,1.0,SEMI_SYNTHETIC
edge_491932_761759_2394,491932,761759,dfdc_syn_bridge_collapse_84920,2026-09-27T00:59:20.271422+00:00,1.0,SEMI_SYNTHETIC
edge_280620_947414_2395,280620,947414,crisismmd_harvey_img_49102,2026-09-27T00:10:30.725666+00:00,1.0,SEMI_SYNTHETIC
edge_707241_171618_2396,707241,171618,crisislex_california_fire_81729,2026-09-27T13:23:30.013740+00:00,1.0,SEMI_SYNTHETIC
edge_725759_977181_2397,725759,977181,dfdc_syn_bridge_collapse_84920,2026-09-27T00:59:30.619948+00:00,1.0,SEMI_SYNTHETIC
edge_464949_780109_2398,464949,780109,crisislex_california_fire_81729,2026-09-27T13:25:52.324079+00:00,1.0,SEMI_SYNTHETIC
edge_63777_241795_2399,63777,241795,crisismmd_harvey_img_49102,2026-09-27T00:10:33.081522+00:00,1.0,SEMI_SYNTHETIC
edge_591974_607538_2400,591974,607538,crisismmd_harvey_img_49102,2026-09-27T00:10:35.105539+00:00,1.0,SEMI_SYNTHETIC
edge_741257_794229_2401,741257,794229,dfdc_syn_bridge_collapse_84920,2026-09-27T00:59:43.950394+00:00,1.0,SEMI_SYNTHETIC
edge_323612_513518_2402,323612,513518,crisismmd_harvey_img_49102,2026-09-27T00:10:36.195887+00:00,1.0,SEMI_SYNTHETIC
edge_822610_900941_2403,822610,900941,dfdc_syn_bridge_collapse_84920,2026-09-27T00:59:53.673208+00:00,1.0,SEMI_SYNTHETIC
edge_506159_266355_2404,506159,266355,humaid_irma_2017_001928,2026-09-27T11:54:35.962476+00:00,1.0,SEMI_SYNTHETIC
edge_931809_220647_2405,931809,220647,crisismmd_harvey_img_49102,2026-09-27T00:10:38.546113+00:00,1.0,SEMI_SYNTHETIC
edge_265051_28223_2406,265051,28223,ff_face2face_mayoral_evac_0091,2026-09-27T13:25:30.052888+00:00,1.0,SEMI_SYNTHETIC
edge_904643_658522_2407,904643,658522,dfdc_syn_bridge_collapse_84920,2026-09-27T00:59:59.378766+00:00,1.0,SEMI_SYNTHETIC
edge_459359_933783_2408,459359,933783,humaid_irma_2017_001928,2026-09-27T11:54:59.955220+00:00,1.0,SEMI_SYNTHETIC
edge_169265_176461_2409,169265,176461,humaid_irma_2017_001928,2026-09-27T11:57:48.798843+00:00,1.0,SEMI_SYNTHETIC
edge_394583_553899_2410,394583,553899,humaid_irma_2017_001928,2026-09-27T11:59:18.904227+00:00,1.0,SEMI_SYNTHETIC
edge_334814_968819_2411,334814,968819,crisismmd_harvey_img_49102,2026-09-27T00:10:40.244653+00:00,1.0,SEMI_SYNTHETIC
edge_10223_206694_2412,10223,206694,humaid_irma_2017_001928,2026-09-27T12:02:18.277868+00:00,1.0,SEMI_SYNTHETIC
edge_122762_84363_2413,122762,84363,dfdc_syn_bridge_collapse_84920,2026-09-27T01:00:11.432364+00:00,1.0,SEMI_SYNTHETIC
edge_308262_628771_2414,308262,628771,crisismmd_harvey_img_49102,2026-09-27T00:10:41.821697+00:00,1.0,SEMI_SYNTHETIC
edge_530529_708687_2415,530529,708687,ff_face2face_mayoral_evac_0091,2026-09-27T13:27:23.101403+00:00,1.0,SEMI_SYNTHETIC
edge_738664_503549_2416,738664,503549,crisismmd_harvey_img_49102,2026-09-27T00:10:41.998578+00:00,1.0,SEMI_SYNTHETIC
edge_448272_342420_2417,448272,342420,ff_face2face_mayoral_evac_0091,2026-09-27T13:28:34.089230+00:00,1.0,SEMI_SYNTHETIC
edge_230774_615659_2418,230774,615659,dfdc_syn_bridge_collapse_84920,2026-09-27T01:00:23.551969+00:00,1.0,SEMI_SYNTHETIC
edge_927652_558141_2419,927652,558141,dfdc_syn_bridge_collapse_84920,2026-09-27T01:00:34.397254+00:00,1.0,SEMI_SYNTHETIC
edge_306196_428832_2420,306196,428832,humaid_irma_2017_001928,2026-09-27T12:05:17.976241+00:00,1.0,SEMI_SYNTHETIC
edge_138574_229927_2421,138574,229927,crisismmd_harvey_img_49102,2026-09-27T00:10:43.488827+00:00,1.0,SEMI_SYNTHETIC
edge_949093_791853_2422,949093,791853,crisislex_california_fire_81729,2026-09-27T13:28:06.318756+00:00,1.0,SEMI_SYNTHETIC
edge_61288_469259_2423,61288,469259,humaid_irma_2017_001928,2026-09-27T12:06:29.891828+00:00,1.0,SEMI_SYNTHETIC
edge_426798_14326_2424,426798,14326,crisismmd_harvey_img_49102,2026-09-27T00:10:44.523769+00:00,1.0,SEMI_SYNTHETIC
edge_452864_187160_2425,452864,187160,crisismmd_harvey_img_49102,2026-09-27T00:10:45.702838+00:00,1.0,SEMI_SYNTHETIC
edge_182154_346124_2426,182154,346124,crisislex_california_fire_81729,2026-09-27T13:30:43.901513+00:00,1.0,SEMI_SYNTHETIC
edge_54066_726137_2427,54066,726137,ff_face2face_mayoral_evac_0091,2026-09-27T13:28:59.936007+00:00,1.0,SEMI_SYNTHETIC
edge_765797_324870_2428,765797,324870,dfdc_syn_bridge_collapse_84920,2026-09-27T01:00:42.576236+00:00,1.0,SEMI_SYNTHETIC
edge_849079_982491_2429,849079,982491,humaid_irma_2017_001928,2026-09-27T12:08:50.938018+00:00,1.0,SEMI_SYNTHETIC
edge_221511_95530_2430,221511,95530,crisismmd_harvey_img_49102,2026-09-27T00:10:45.809408+00:00,1.0,SEMI_SYNTHETIC
edge_296728_588874_2431,296728,588874,crisismmd_harvey_img_49102,2026-09-27T00:10:47.542262+00:00,1.0,SEMI_SYNTHETIC
edge_466065_92830_2432,466065,92830,crisislex_california_fire_81729,2026-09-27T13:33:42.818795+00:00,1.0,SEMI_SYNTHETIC
edge_574964_134562_2433,574964,134562,humaid_irma_2017_001928,2026-09-27T12:10:18.279943+00:00,1.0,SEMI_SYNTHETIC
edge_507567_807527_2434,507567,807527,ff_face2face_mayoral_evac_0091,2026-09-27T13:29:17.503329+00:00,1.0,SEMI_SYNTHETIC
edge_885353_951331_2435,885353,951331,ff_face2face_mayoral_evac_0091,2026-09-27T13:32:05.441558+00:00,1.0,SEMI_SYNTHETIC
edge_710901_483962_2436,710901,483962,ff_face2face_mayoral_evac_0091,2026-09-27T13:33:00.440644+00:00,1.0,SEMI_SYNTHETIC
edge_242575_131531_2437,242575,131531,crisismmd_harvey_img_49102,2026-09-27T00:10:48.589812+00:00,1.0,SEMI_SYNTHETIC
edge_851368_850247_2438,851368,850247,ff_face2face_mayoral_evac_0091,2026-09-27T13:33:51.067239+00:00,1.0,SEMI_SYNTHETIC
edge_536124_783544_2439,536124,783544,crisislex_california_fire_81729,2026-09-27T13:36:11.270990+00:00,1.0,SEMI_SYNTHETIC
edge_233781_416045_2440,233781,416045,crisismmd_harvey_img_49102,2026-09-27T00:10:50.535174+00:00,1.0,SEMI_SYNTHETIC
edge_417923_914285_2441,417923,914285,crisislex_california_fire_81729,2026-09-27T13:37:10.155704+00:00,1.0,SEMI_SYNTHETIC
edge_460363_341535_2442,460363,341535,crisismmd_harvey_img_49102,2026-09-27T00:10:51.060542+00:00,1.0,SEMI_SYNTHETIC
edge_776526_348548_2443,776526,348548,dfdc_syn_bridge_collapse_84920,2026-09-27T01:00:56.828336+00:00,1.0,SEMI_SYNTHETIC
edge_224007_302450_2444,224007,302450,crisismmd_harvey_img_49102,2026-09-27T00:10:52.772888+00:00,1.0,SEMI_SYNTHETIC
edge_735150_700897_2445,735150,700897,crisismmd_harvey_img_49102,2026-09-27T00:10:53.107138+00:00,1.0,SEMI_SYNTHETIC
edge_992623_369731_2446,992623,369731,humaid_irma_2017_001928,2026-09-27T12:10:41.238324+00:00,1.0,SEMI_SYNTHETIC
edge_197664_621790_2447,197664,621790,dfdc_syn_bridge_collapse_84920,2026-09-27T01:00:58.752088+00:00,1.0,SEMI_SYNTHETIC
edge_138028_417311_2448,138028,417311,ff_face2face_mayoral_evac_0091,2026-09-27T13:34:58.447312+00:00,1.0,SEMI_SYNTHETIC
edge_380399_15296_2449,380399,15296,crisislex_california_fire_81729,2026-09-27T13:38:07.466800+00:00,1.0,SEMI_SYNTHETIC
edge_853448_98025_2450,853448,98025,dfdc_syn_bridge_collapse_84920,2026-09-27T01:01:07.386350+00:00,1.0,SEMI_SYNTHETIC
edge_557447_604798_2451,557447,604798,humaid_irma_2017_001928,2026-09-27T12:13:39.899230+00:00,1.0,SEMI_SYNTHETIC
edge_378451_229387_2452,378451,229387,crisislex_california_fire_81729,2026-09-27T13:38:50.475775+00:00,1.0,SEMI_SYNTHETIC
edge_232675_226943_2453,232675,226943,ff_face2face_mayoral_evac_0091,2026-09-27T13:37:23.200416+00:00,1.0,SEMI_SYNTHETIC
edge_80150_174569_2454,80150,174569,crisislex_california_fire_81729,2026-09-27T13:40:48.848945+00:00,1.0,SEMI_SYNTHETIC
edge_594536_524333_2455,594536,524333,dfdc_syn_bridge_collapse_84920,2026-09-27T01:01:20.069506+00:00,1.0,SEMI_SYNTHETIC
edge_484909_428098_2456,484909,428098,ff_face2face_mayoral_evac_0091,2026-09-27T13:38:27.976797+00:00,1.0,SEMI_SYNTHETIC
edge_690228_624068_2457,690228,624068,crisislex_california_fire_81729,2026-09-27T13:41:59.270593+00:00,1.0,SEMI_SYNTHETIC
edge_893973_756385_2458,893973,756385,humaid_irma_2017_001928,2026-09-27T12:16:34.728464+00:00,1.0,SEMI_SYNTHETIC
edge_528358_211603_2459,528358,211603,crisislex_california_fire_81729,2026-09-27T13:43:44.710682+00:00,1.0,SEMI_SYNTHETIC
edge_44057_112137_2460,44057,112137,crisislex_california_fire_81729,2026-09-27T13:45:58.114308+00:00,1.0,SEMI_SYNTHETIC
edge_50830_337637_2461,50830,337637,crisismmd_harvey_img_49102,2026-09-27T00:10:53.797628+00:00,1.0,SEMI_SYNTHETIC
edge_280827_300794_2462,280827,300794,humaid_irma_2017_001928,2026-09-27T12:19:24.366728+00:00,1.0,SEMI_SYNTHETIC
edge_391456_654718_2463,391456,654718,dfdc_syn_bridge_collapse_84920,2026-09-27T01:01:24.998859+00:00,1.0,SEMI_SYNTHETIC
edge_309006_953767_2464,309006,953767,crisismmd_harvey_img_49102,2026-09-27T00:10:55.670336+00:00,1.0,SEMI_SYNTHETIC
edge_902935_675282_2465,902935,675282,humaid_irma_2017_001928,2026-09-27T12:22:02.182558+00:00,1.0,SEMI_SYNTHETIC
edge_941563_679078_2466,941563,679078,humaid_irma_2017_001928,2026-09-27T12:22:28.359293+00:00,1.0,SEMI_SYNTHETIC
edge_299946_361936_2467,299946,361936,crisislex_california_fire_81729,2026-09-27T13:46:44.207087+00:00,1.0,SEMI_SYNTHETIC
edge_757439_572636_2468,757439,572636,crisislex_california_fire_81729,2026-09-27T13:49:02.529994+00:00,1.0,SEMI_SYNTHETIC
edge_699857_368245_2469,699857,368245,crisislex_california_fire_81729,2026-09-27T13:51:40.481065+00:00,1.0,SEMI_SYNTHETIC
edge_699855_768510_2470,699855,768510,ff_face2face_mayoral_evac_0091,2026-09-27T13:40:45.868125+00:00,1.0,SEMI_SYNTHETIC
edge_122018_18328_2471,122018,18328,humaid_irma_2017_001928,2026-09-27T12:23:01.630871+00:00,1.0,SEMI_SYNTHETIC
edge_287120_454579_2472,287120,454579,humaid_irma_2017_001928,2026-09-27T12:24:31.398801+00:00,1.0,SEMI_SYNTHETIC
edge_204122_484379_2473,204122,484379,crisislex_california_fire_81729,2026-09-27T13:54:22.635234+00:00,1.0,SEMI_SYNTHETIC
edge_503161_701450_2474,503161,701450,crisislex_california_fire_81729,2026-09-27T13:56:31.753803+00:00,1.0,SEMI_SYNTHETIC
edge_544442_491932_2475,544442,491932,dfdc_syn_bridge_collapse_84920,2026-09-27T01:01:28.370033+00:00,1.0,SEMI_SYNTHETIC
edge_526583_885365_2476,526583,885365,ff_face2face_mayoral_evac_0091,2026-09-27T13:40:56.766828+00:00,1.0,SEMI_SYNTHETIC
edge_875101_412265_2477,875101,412265,humaid_irma_2017_001928,2026-09-27T12:25:54.451731+00:00,1.0,SEMI_SYNTHETIC
edge_616424_65457_2478,616424,65457,crisismmd_harvey_img_49102,2026-09-27T00:10:56.097241+00:00,1.0,SEMI_SYNTHETIC
edge_277386_909343_2479,277386,909343,dfdc_syn_bridge_collapse_84920,2026-09-27T01:01:37.999421+00:00,1.0,SEMI_SYNTHETIC
edge_734880_772182_2480,734880,772182,ff_face2face_mayoral_evac_0091,2026-09-27T13:41:07.013777+00:00,1.0,SEMI_SYNTHETIC
edge_148882_600913_2481,148882,600913,dfdc_syn_bridge_collapse_84920,2026-09-27T01:01:50.401668+00:00,1.0,SEMI_SYNTHETIC
edge_727297_508847_2482,727297,508847,dfdc_syn_bridge_collapse_84920,2026-09-27T01:02:05.375698+00:00,1.0,SEMI_SYNTHETIC
edge_230415_408591_2483,230415,408591,dfdc_syn_bridge_collapse_84920,2026-09-27T01:02:10.247385+00:00,1.0,SEMI_SYNTHETIC
edge_164127_273076_2484,164127,273076,humaid_irma_2017_001928,2026-09-27T12:27:14.722223+00:00,1.0,SEMI_SYNTHETIC
edge_701557_497227_2485,701557,497227,humaid_irma_2017_001928,2026-09-27T12:29:52.418417+00:00,1.0,SEMI_SYNTHETIC
edge_226826_128238_2486,226826,128238,crisismmd_harvey_img_49102,2026-09-27T00:10:57.261429+00:00,1.0,SEMI_SYNTHETIC
edge_523711_900941_2487,523711,900941,dfdc_syn_bridge_collapse_84920,2026-09-27T01:02:23.426700+00:00,1.0,SEMI_SYNTHETIC
edge_176309_835386_2488,176309,835386,crisismmd_harvey_img_49102,2026-09-27T00:10:58.411311+00:00,1.0,SEMI_SYNTHETIC
edge_125780_733255_2489,125780,733255,humaid_irma_2017_001928,2026-09-27T12:32:09.633551+00:00,1.0,SEMI_SYNTHETIC
edge_506221_344042_2490,506221,344042,dfdc_syn_bridge_collapse_84920,2026-09-27T01:02:28.394946+00:00,1.0,SEMI_SYNTHETIC
edge_245212_995299_2491,245212,995299,crisislex_california_fire_81729,2026-09-27T13:56:52.853958+00:00,1.0,SEMI_SYNTHETIC
edge_513683_703223_2492,513683,703223,crisismmd_harvey_img_49102,2026-09-27T00:11:00.526034+00:00,1.0,SEMI_SYNTHETIC
edge_239504_585006_2493,239504,585006,dfdc_syn_bridge_collapse_84920,2026-09-27T01:02:29.634987+00:00,1.0,SEMI_SYNTHETIC
edge_766277_440816_2494,766277,440816,crisislex_california_fire_81729,2026-09-27T13:58:29.502569+00:00,1.0,SEMI_SYNTHETIC
edge_848295_140344_2495,848295,140344,crisismmd_harvey_img_49102,2026-09-27T00:11:02.281813+00:00,1.0,SEMI_SYNTHETIC
edge_952434_817788_2496,952434,817788,ff_face2face_mayoral_evac_0091,2026-09-27T13:41:20.464703+00:00,1.0,SEMI_SYNTHETIC
edge_653400_464626_2497,653400,464626,dfdc_syn_bridge_collapse_84920,2026-09-27T01:02:41.243304+00:00,1.0,SEMI_SYNTHETIC
edge_166338_626735_2498,166338,626735,crisislex_california_fire_81729,2026-09-27T14:01:16.213241+00:00,1.0,SEMI_SYNTHETIC
edge_367875_134357_2499,367875,134357,crisismmd_harvey_img_49102,2026-09-27T00:11:04.226196+00:00,1.0,SEMI_SYNTHETIC
edge_455486_377624_2500,455486,377624,dfdc_syn_bridge_collapse_84920,2026-09-27T01:02:44.866510+00:00,1.0,SEMI_SYNTHETIC
edge_640794_264880_2501,640794,264880,crisismmd_harvey_img_49102,2026-09-27T00:11:05.733058+00:00,1.0,SEMI_SYNTHETIC
edge_266779_979022_2502,266779,979022,crisismmd_harvey_img_49102,2026-09-27T00:11:06.063674+00:00,1.0,SEMI_SYNTHETIC
edge_248632_985499_2503,248632,985499,crisismmd_harvey_img_49102,2026-09-27T00:11:07.020188+00:00,1.0,SEMI_SYNTHETIC
edge_153650_215222_2504,153650,215222,crisislex_california_fire_81729,2026-09-27T14:01:29.006575+00:00,1.0,SEMI_SYNTHETIC
edge_117599_847383_2505,117599,847383,humaid_irma_2017_001928,2026-09-27T12:32:54.476641+00:00,1.0,SEMI_SYNTHETIC
edge_239082_397491_2506,239082,397491,crisislex_california_fire_81729,2026-09-27T14:02:54.024375+00:00,1.0,SEMI_SYNTHETIC
edge_304032_881051_2507,304032,881051,humaid_irma_2017_001928,2026-09-27T12:33:48.074253+00:00,1.0,SEMI_SYNTHETIC
edge_108052_52581_2508,108052,52581,ff_face2face_mayoral_evac_0091,2026-09-27T13:44:02.292168+00:00,1.0,SEMI_SYNTHETIC
edge_56316_505043_2509,56316,505043,crisislex_california_fire_81729,2026-09-27T14:04:35.295860+00:00,1.0,SEMI_SYNTHETIC
edge_866755_245612_2510,866755,245612,crisismmd_harvey_img_49102,2026-09-27T00:11:08.418768+00:00,1.0,SEMI_SYNTHETIC
edge_979734_669681_2511,979734,669681,ff_face2face_mayoral_evac_0091,2026-09-27T13:46:43.161774+00:00,1.0,SEMI_SYNTHETIC
edge_484329_45253_2512,484329,45253,humaid_irma_2017_001928,2026-09-27T12:35:10.682225+00:00,1.0,SEMI_SYNTHETIC
edge_32399_307992_2513,32399,307992,dfdc_syn_bridge_collapse_84920,2026-09-27T01:02:46.243101+00:00,1.0,SEMI_SYNTHETIC
edge_778019_57431_2514,778019,57431,dfdc_syn_bridge_collapse_84920,2026-09-27T01:02:49.652056+00:00,1.0,SEMI_SYNTHETIC
edge_481300_211332_2515,481300,211332,dfdc_syn_bridge_collapse_84920,2026-09-27T01:02:53.419081+00:00,1.0,SEMI_SYNTHETIC
edge_394452_528513_2516,394452,528513,dfdc_syn_bridge_collapse_84920,2026-09-27T01:02:54.859954+00:00,1.0,SEMI_SYNTHETIC
edge_506741_641728_2517,506741,641728,crisismmd_harvey_img_49102,2026-09-27T00:11:10.522159+00:00,1.0,SEMI_SYNTHETIC
edge_946273_228742_2518,946273,228742,dfdc_syn_bridge_collapse_84920,2026-09-27T01:03:01.103453+00:00,1.0,SEMI_SYNTHETIC
edge_123707_266355_2519,123707,266355,humaid_irma_2017_001928,2026-09-27T12:37:30.633210+00:00,1.0,SEMI_SYNTHETIC
edge_720034_464626_2520,720034,464626,dfdc_syn_bridge_collapse_84920,2026-09-27T01:03:05.829414+00:00,1.0,SEMI_SYNTHETIC
edge_485062_172555_2521,485062,172555,crisislex_california_fire_81729,2026-09-27T14:07:18.121620+00:00,1.0,SEMI_SYNTHETIC
edge_455525_378451_2522,455525,378451,crisislex_california_fire_81729,2026-09-27T14:08:58.705743+00:00,1.0,SEMI_SYNTHETIC
edge_215803_281577_2523,215803,281577,ff_face2face_mayoral_evac_0091,2026-09-27T13:47:40.621590+00:00,1.0,SEMI_SYNTHETIC
edge_845297_609743_2524,845297,609743,ff_face2face_mayoral_evac_0091,2026-09-27T13:50:01.956461+00:00,1.0,SEMI_SYNTHETIC
edge_128661_123707_2525,128661,123707,humaid_irma_2017_001928,2026-09-27T12:38:19.688640+00:00,1.0,SEMI_SYNTHETIC
edge_553114_220026_2526,553114,220026,ff_face2face_mayoral_evac_0091,2026-09-27T13:52:46.543068+00:00,1.0,SEMI_SYNTHETIC
edge_909996_704963_2527,909996,704963,dfdc_syn_bridge_collapse_84920,2026-09-27T01:03:18.014615+00:00,1.0,SEMI_SYNTHETIC
edge_573679_950061_2528,573679,950061,humaid_irma_2017_001928,2026-09-27T12:39:10.742745+00:00,1.0,SEMI_SYNTHETIC
edge_458497_611969_2529,458497,611969,crisismmd_harvey_img_49102,2026-09-27T00:11:11.419141+00:00,1.0,SEMI_SYNTHETIC
edge_103724_701231_2530,103724,701231,dfdc_syn_bridge_collapse_84920,2026-09-27T01:03:20.970589+00:00,1.0,SEMI_SYNTHETIC
edge_94050_619467_2531,94050,619467,crisislex_california_fire_81729,2026-09-27T14:10:23.904843+00:00,1.0,SEMI_SYNTHETIC
edge_44714_461451_2532,44714,461451,crisismmd_harvey_img_49102,2026-09-27T00:11:12.625299+00:00,1.0,SEMI_SYNTHETIC
edge_768214_327569_2533,768214,327569,humaid_irma_2017_001928,2026-09-27T12:41:32.544468+00:00,1.0,SEMI_SYNTHETIC
edge_731374_22940_2534,731374,22940,crisismmd_harvey_img_49102,2026-09-27T00:11:13.121116+00:00,1.0,SEMI_SYNTHETIC
edge_70028_749513_2535,70028,749513,humaid_irma_2017_001928,2026-09-27T12:42:57.170908+00:00,1.0,SEMI_SYNTHETIC
edge_407457_196037_2536,407457,196037,crisislex_california_fire_81729,2026-09-27T14:10:38.297858+00:00,1.0,SEMI_SYNTHETIC
edge_99171_385075_2537,99171,385075,crisislex_california_fire_81729,2026-09-27T14:12:38.051054+00:00,1.0,SEMI_SYNTHETIC
edge_524996_283336_2538,524996,283336,dfdc_syn_bridge_collapse_84920,2026-09-27T01:03:30.375465+00:00,1.0,SEMI_SYNTHETIC
edge_661852_368388_2539,661852,368388,humaid_irma_2017_001928,2026-09-27T12:43:32.769040+00:00,1.0,SEMI_SYNTHETIC
edge_37526_897600_2540,37526,897600,crisismmd_harvey_img_49102,2026-09-27T00:11:14.131785+00:00,1.0,SEMI_SYNTHETIC
edge_372127_416945_2541,372127,416945,humaid_irma_2017_001928,2026-09-27T12:43:43.244290+00:00,1.0,SEMI_SYNTHETIC
edge_434865_862353_2542,434865,862353,humaid_irma_2017_001928,2026-09-27T12:44:54.693636+00:00,1.0,SEMI_SYNTHETIC
edge_248912_766027_2543,248912,766027,humaid_irma_2017_001928,2026-09-27T12:45:44.779938+00:00,1.0,SEMI_SYNTHETIC
edge_775040_888721_2544,775040,888721,crisismmd_harvey_img_49102,2026-09-27T00:11:15.818962+00:00,1.0,SEMI_SYNTHETIC
edge_440108_825749_2545,440108,825749,humaid_irma_2017_001928,2026-09-27T12:47:41.032813+00:00,1.0,SEMI_SYNTHETIC
edge_819884_611186_2546,819884,611186,crisislex_california_fire_81729,2026-09-27T14:14:22.955658+00:00,1.0,SEMI_SYNTHETIC
edge_59269_960328_2547,59269,960328,crisislex_california_fire_81729,2026-09-27T14:15:04.365951+00:00,1.0,SEMI_SYNTHETIC
edge_284315_699855_2548,284315,699855,ff_face2face_mayoral_evac_0091,2026-09-27T13:53:39.521638+00:00,1.0,SEMI_SYNTHETIC
edge_933222_63777_2549,933222,63777,crisismmd_harvey_img_49102,2026-09-27T00:11:18.228127+00:00,1.0,SEMI_SYNTHETIC
edge_689207_92860_2550,689207,92860,crisislex_california_fire_81729,2026-09-27T14:15:47.321506+00:00,1.0,SEMI_SYNTHETIC
edge_659146_311244_2551,659146,311244,crisismmd_harvey_img_49102,2026-09-27T00:11:18.909472+00:00,1.0,SEMI_SYNTHETIC
edge_332433_615659_2552,332433,615659,dfdc_syn_bridge_collapse_84920,2026-09-27T01:03:38.679594+00:00,1.0,SEMI_SYNTHETIC
edge_146850_566361_2553,146850,566361,dfdc_syn_bridge_collapse_84920,2026-09-27T01:03:39.969525+00:00,1.0,SEMI_SYNTHETIC
edge_494405_943567_2554,494405,943567,crisislex_california_fire_81729,2026-09-27T14:17:10.572643+00:00,1.0,SEMI_SYNTHETIC
edge_381904_496017_2555,381904,496017,ff_face2face_mayoral_evac_0091,2026-09-27T13:54:39.097942+00:00,1.0,SEMI_SYNTHETIC
edge_432868_195751_2556,432868,195751,crisismmd_harvey_img_49102,2026-09-27T00:11:20.827851+00:00,1.0,SEMI_SYNTHETIC
edge_917509_970741_2557,917509,970741,crisismmd_harvey_img_49102,2026-09-27T00:11:21.743685+00:00,1.0,SEMI_SYNTHETIC
edge_840570_608717_2558,840570,608717,humaid_irma_2017_001928,2026-09-27T12:49:44.705757+00:00,1.0,SEMI_SYNTHETIC
edge_819539_731374_2559,819539,731374,crisismmd_harvey_img_49102,2026-09-27T00:11:23.074837+00:00,1.0,SEMI_SYNTHETIC
edge_197123_72833_2560,197123,72833,humaid_irma_2017_001928,2026-09-27T12:50:57.328962+00:00,1.0,SEMI_SYNTHETIC
edge_716402_69611_2561,716402,69611,crisismmd_harvey_img_49102,2026-09-27T00:11:23.970560+00:00,1.0,SEMI_SYNTHETIC
edge_260417_128055_2562,260417,128055,humaid_irma_2017_001928,2026-09-27T12:51:56.577315+00:00,1.0,SEMI_SYNTHETIC
edge_878772_511602_2563,878772,511602,dfdc_syn_bridge_collapse_84920,2026-09-27T01:03:43.894645+00:00,1.0,SEMI_SYNTHETIC
edge_855891_397125_2564,855891,397125,crisislex_california_fire_81729,2026-09-27T14:18:14.135191+00:00,1.0,SEMI_SYNTHETIC
edge_499108_229242_2565,499108,229242,humaid_irma_2017_001928,2026-09-27T12:52:21.887112+00:00,1.0,SEMI_SYNTHETIC
edge_632138_459865_2566,632138,459865,humaid_irma_2017_001928,2026-09-27T12:54:04.431358+00:00,1.0,SEMI_SYNTHETIC
edge_246682_885849_2567,246682,885849,dfdc_syn_bridge_collapse_84920,2026-09-27T01:03:51.790780+00:00,1.0,SEMI_SYNTHETIC
edge_530792_559395_2568,530792,559395,ff_face2face_mayoral_evac_0091,2026-09-27T13:57:14.416242+00:00,1.0,SEMI_SYNTHETIC
edge_826749_248632_2569,826749,248632,crisismmd_harvey_img_49102,2026-09-27T00:11:26.449973+00:00,1.0,SEMI_SYNTHETIC
edge_870198_125027_2570,870198,125027,crisislex_california_fire_81729,2026-09-27T14:20:55.745253+00:00,1.0,SEMI_SYNTHETIC
edge_586444_769268_2571,586444,769268,humaid_irma_2017_001928,2026-09-27T12:55:54.066706+00:00,1.0,SEMI_SYNTHETIC
edge_505214_426650_2572,505214,426650,crisislex_california_fire_81729,2026-09-27T14:22:34.803110+00:00,1.0,SEMI_SYNTHETIC
edge_971200_194654_2573,971200,194654,ff_face2face_mayoral_evac_0091,2026-09-27T13:58:09.277058+00:00,1.0,SEMI_SYNTHETIC
edge_938916_41434_2574,938916,41434,crisislex_california_fire_81729,2026-09-27T14:24:40.423638+00:00,1.0,SEMI_SYNTHETIC
edge_575422_948384_2575,575422,948384,crisismmd_harvey_img_49102,2026-09-27T00:11:27.998832+00:00,1.0,SEMI_SYNTHETIC
edge_625049_519877_2576,625049,519877,dfdc_syn_bridge_collapse_84920,2026-09-27T01:03:58.348810+00:00,1.0,SEMI_SYNTHETIC
edge_646032_178956_2577,646032,178956,ff_face2face_mayoral_evac_0091,2026-09-27T13:58:52.377066+00:00,1.0,SEMI_SYNTHETIC
edge_448586_617913_2578,448586,617913,dfdc_syn_bridge_collapse_84920,2026-09-27T01:04:00.377832+00:00,1.0,SEMI_SYNTHETIC
edge_554924_913572_2579,554924,913572,crisismmd_harvey_img_49102,2026-09-27T00:11:30.339899+00:00,1.0,SEMI_SYNTHETIC
edge_363885_762420_2580,363885,762420,humaid_irma_2017_001928,2026-09-27T12:58:25.095829+00:00,1.0,SEMI_SYNTHETIC
edge_737382_460137_2581,737382,460137,ff_face2face_mayoral_evac_0091,2026-09-27T14:00:15.250885+00:00,1.0,SEMI_SYNTHETIC
edge_999696_448586_2582,999696,448586,dfdc_syn_bridge_collapse_84920,2026-09-27T01:04:07.349056+00:00,1.0,SEMI_SYNTHETIC
edge_937506_605642_2583,937506,605642,humaid_irma_2017_001928,2026-09-27T13:00:03.539445+00:00,1.0,SEMI_SYNTHETIC
edge_995985_541971_2584,995985,541971,humaid_irma_2017_001928,2026-09-27T13:01:19.207746+00:00,1.0,SEMI_SYNTHETIC
edge_367075_771411_2585,367075,771411,humaid_irma_2017_001928,2026-09-27T13:04:11.181484+00:00,1.0,SEMI_SYNTHETIC
edge_666805_294434_2586,666805,294434,ff_face2face_mayoral_evac_0091,2026-09-27T14:01:51.793774+00:00,1.0,SEMI_SYNTHETIC
edge_559969_684652_2587,559969,684652,ff_face2face_mayoral_evac_0091,2026-09-27T14:04:11.512611+00:00,1.0,SEMI_SYNTHETIC
edge_949902_565378_2588,949902,565378,crisismmd_harvey_img_49102,2026-09-27T00:11:32.239091+00:00,1.0,SEMI_SYNTHETIC
edge_258958_721824_2589,258958,721824,crisislex_california_fire_81729,2026-09-27T14:27:37.898611+00:00,1.0,SEMI_SYNTHETIC
edge_232256_780109_2590,232256,780109,crisislex_california_fire_81729,2026-09-27T14:29:53.130491+00:00,1.0,SEMI_SYNTHETIC
edge_483467_420623_2591,483467,420623,crisismmd_harvey_img_49102,2026-09-27T00:11:33.813912+00:00,1.0,SEMI_SYNTHETIC
edge_619058_982880_2592,619058,982880,humaid_irma_2017_001928,2026-09-27T13:06:04.147434+00:00,1.0,SEMI_SYNTHETIC
edge_277642_521945_2593,277642,521945,crisismmd_harvey_img_49102,2026-09-27T00:11:34.599747+00:00,1.0,SEMI_SYNTHETIC
edge_998378_930445_2594,998378,930445,dfdc_syn_bridge_collapse_84920,2026-09-27T01:04:13.989027+00:00,1.0,SEMI_SYNTHETIC
edge_104009_990853_2595,104009,990853,crisislex_california_fire_81729,2026-09-27T14:31:40.492085+00:00,1.0,SEMI_SYNTHETIC
edge_164069_839339_2596,164069,839339,crisismmd_harvey_img_49102,2026-09-27T00:11:35.048182+00:00,1.0,SEMI_SYNTHETIC
edge_607144_300637_2597,607144,300637,humaid_irma_2017_001928,2026-09-27T13:07:04.196709+00:00,1.0,SEMI_SYNTHETIC
edge_889950_118310_2598,889950,118310,dfdc_syn_bridge_collapse_84920,2026-09-27T01:04:28.335066+00:00,1.0,SEMI_SYNTHETIC
edge_601307_473849_2599,601307,473849,dfdc_syn_bridge_collapse_84920,2026-09-27T01:04:33.457109+00:00,1.0,SEMI_SYNTHETIC
edge_505952_619058_2600,505952,619058,humaid_irma_2017_001928,2026-09-27T13:08:23.525957+00:00,1.0,SEMI_SYNTHETIC
edge_683118_468607_2601,683118,468607,humaid_irma_2017_001928,2026-09-27T13:09:51.246811+00:00,1.0,SEMI_SYNTHETIC
edge_555252_528513_2602,555252,528513,dfdc_syn_bridge_collapse_84920,2026-09-27T01:04:38.790134+00:00,1.0,SEMI_SYNTHETIC
edge_952168_241795_2603,952168,241795,crisismmd_harvey_img_49102,2026-09-27T00:11:36.756534+00:00,1.0,SEMI_SYNTHETIC
edge_868545_239471_2604,868545,239471,dfdc_syn_bridge_collapse_84920,2026-09-27T01:04:48.991763+00:00,1.0,SEMI_SYNTHETIC
edge_133527_300637_2605,133527,300637,humaid_irma_2017_001928,2026-09-27T13:12:33.779446+00:00,1.0,SEMI_SYNTHETIC
edge_629196_280211_2606,629196,280211,crisislex_california_fire_81729,2026-09-27T14:33:34.193277+00:00,1.0,SEMI_SYNTHETIC
edge_831665_88056_2607,831665,88056,crisislex_california_fire_81729,2026-09-27T14:35:39.207489+00:00,1.0,SEMI_SYNTHETIC
edge_25658_682464_2608,25658,682464,crisislex_california_fire_81729,2026-09-27T14:36:53.517828+00:00,1.0,SEMI_SYNTHETIC
edge_856444_985402_2609,856444,985402,ff_face2face_mayoral_evac_0091,2026-09-27T14:04:38.215583+00:00,1.0,SEMI_SYNTHETIC
edge_894272_685636_2610,894272,685636,crisislex_california_fire_81729,2026-09-27T14:38:00.782751+00:00,1.0,SEMI_SYNTHETIC
edge_295109_652064_2611,295109,652064,crisismmd_harvey_img_49102,2026-09-27T00:11:37.813343+00:00,1.0,SEMI_SYNTHETIC
edge_798878_271989_2612,798878,271989,humaid_irma_2017_001928,2026-09-27T13:15:09.067723+00:00,1.0,SEMI_SYNTHETIC
edge_75646_778140_2613,75646,778140,humaid_irma_2017_001928,2026-09-27T13:17:12.579500+00:00,1.0,SEMI_SYNTHETIC
edge_95159_388108_2614,95159,388108,humaid_irma_2017_001928,2026-09-27T13:19:44.310247+00:00,1.0,SEMI_SYNTHETIC
edge_79439_934457_2615,79439,934457,crisislex_california_fire_81729,2026-09-27T14:39:07.705718+00:00,1.0,SEMI_SYNTHETIC
edge_909507_856699_2616,909507,856699,humaid_irma_2017_001928,2026-09-27T13:21:38.361743+00:00,1.0,SEMI_SYNTHETIC
edge_683262_705684_2617,683262,705684,humaid_irma_2017_001928,2026-09-27T13:23:05.395016+00:00,1.0,SEMI_SYNTHETIC
edge_293242_439131_2618,293242,439131,dfdc_syn_bridge_collapse_84920,2026-09-27T01:04:50.695951+00:00,1.0,SEMI_SYNTHETIC
edge_71008_238424_2619,71008,238424,ff_face2face_mayoral_evac_0091,2026-09-27T14:06:03.126006+00:00,1.0,SEMI_SYNTHETIC
edge_635278_80304_2620,635278,80304,ff_face2face_mayoral_evac_0091,2026-09-27T14:08:43.650044+00:00,1.0,SEMI_SYNTHETIC
edge_977656_937506_2621,977656,937506,humaid_irma_2017_001928,2026-09-27T13:24:49.823979+00:00,1.0,SEMI_SYNTHETIC
edge_33839_694793_2622,33839,694793,humaid_irma_2017_001928,2026-09-27T13:27:46.760996+00:00,1.0,SEMI_SYNTHETIC
edge_222511_48842_2623,222511,48842,crisislex_california_fire_81729,2026-09-27T14:41:12.393229+00:00,1.0,SEMI_SYNTHETIC
edge_759646_707644_2624,759646,707644,humaid_irma_2017_001928,2026-09-27T13:30:36.092083+00:00,1.0,SEMI_SYNTHETIC
edge_581144_118310_2625,581144,118310,dfdc_syn_bridge_collapse_84920,2026-09-27T01:04:56.522327+00:00,1.0,SEMI_SYNTHETIC
edge_92412_619231_2626,92412,619231,ff_face2face_mayoral_evac_0091,2026-09-27T14:08:55.459079+00:00,1.0,SEMI_SYNTHETIC
edge_875250_256429_2627,875250,256429,humaid_irma_2017_001928,2026-09-27T13:31:50.663106+00:00,1.0,SEMI_SYNTHETIC
edge_137154_559850_2628,137154,559850,crisismmd_harvey_img_49102,2026-09-27T00:11:38.230998+00:00,1.0,SEMI_SYNTHETIC
edge_287451_225893_2629,287451,225893,ff_face2face_mayoral_evac_0091,2026-09-27T14:09:18.096205+00:00,1.0,SEMI_SYNTHETIC
edge_424804_640193_2630,424804,640193,dfdc_syn_bridge_collapse_84920,2026-09-27T01:05:09.626139+00:00,1.0,SEMI_SYNTHETIC
edge_65469_292324_2631,65469,292324,humaid_irma_2017_001928,2026-09-27T13:34:46.086463+00:00,1.0,SEMI_SYNTHETIC
edge_570130_514098_2632,570130,514098,dfdc_syn_bridge_collapse_84920,2026-09-27T01:05:20.174821+00:00,1.0,SEMI_SYNTHETIC
edge_548329_745005_2633,548329,745005,dfdc_syn_bridge_collapse_84920,2026-09-27T01:05:33.845420+00:00,1.0,SEMI_SYNTHETIC
edge_930840_837050_2634,930840,837050,dfdc_syn_bridge_collapse_84920,2026-09-27T01:05:35.897920+00:00,1.0,SEMI_SYNTHETIC
edge_554656_813741_2635,554656,813741,crisislex_california_fire_81729,2026-09-27T14:42:53.554708+00:00,1.0,SEMI_SYNTHETIC
edge_255224_760328_2636,255224,760328,ff_face2face_mayoral_evac_0091,2026-09-27T14:09:57.271541+00:00,1.0,SEMI_SYNTHETIC
edge_899272_230774_2637,899272,230774,dfdc_syn_bridge_collapse_84920,2026-09-27T01:05:49.144186+00:00,1.0,SEMI_SYNTHETIC
edge_250027_63872_2638,250027,63872,crisislex_california_fire_81729,2026-09-27T14:44:59.415104+00:00,1.0,SEMI_SYNTHETIC
edge_432346_559969_2639,432346,559969,ff_face2face_mayoral_evac_0091,2026-09-27T14:12:50.431996+00:00,1.0,SEMI_SYNTHETIC
edge_257411_135453_2640,257411,135453,humaid_irma_2017_001928,2026-09-27T13:36:13.193996+00:00,1.0,SEMI_SYNTHETIC
edge_811674_369536_2641,811674,369536,crisislex_california_fire_81729,2026-09-27T14:47:21.995701+00:00,1.0,SEMI_SYNTHETIC
edge_244784_943654_2642,244784,943654,crisislex_california_fire_81729,2026-09-27T14:47:56.412712+00:00,1.0,SEMI_SYNTHETIC
edge_25552_250500_2643,25552,250500,crisismmd_harvey_img_49102,2026-09-27T00:11:39.948317+00:00,1.0,SEMI_SYNTHETIC
edge_607092_59246_2644,607092,59246,crisislex_california_fire_81729,2026-09-27T14:50:54.521185+00:00,1.0,SEMI_SYNTHETIC
edge_608336_76175_2645,608336,76175,humaid_irma_2017_001928,2026-09-27T13:37:52.076364+00:00,1.0,SEMI_SYNTHETIC
edge_256645_572636_2646,256645,572636,crisislex_california_fire_81729,2026-09-27T14:52:12.169360+00:00,1.0,SEMI_SYNTHETIC
edge_143037_936004_2647,143037,936004,crisislex_california_fire_81729,2026-09-27T14:53:54.285159+00:00,1.0,SEMI_SYNTHETIC
edge_764124_665725_2648,764124,665725,humaid_irma_2017_001928,2026-09-27T13:40:26.724682+00:00,1.0,SEMI_SYNTHETIC
edge_935359_910426_2649,935359,910426,crisismmd_harvey_img_49102,2026-09-27T00:11:41.265984+00:00,1.0,SEMI_SYNTHETIC
edge_373624_296604_2650,373624,296604,crisislex_california_fire_81729,2026-09-27T14:55:31.360117+00:00,1.0,SEMI_SYNTHETIC
edge_106118_561499_2651,106118,561499,crisislex_california_fire_81729,2026-09-27T14:57:07.641050+00:00,1.0,SEMI_SYNTHETIC
edge_510801_740140_2652,510801,740140,dfdc_syn_bridge_collapse_84920,2026-09-27T01:05:53.438119+00:00,1.0,SEMI_SYNTHETIC
edge_828149_731276_2653,828149,731276,dfdc_syn_bridge_collapse_84920,2026-09-27T01:05:54.805169+00:00,1.0,SEMI_SYNTHETIC
edge_650084_363449_2654,650084,363449,crisislex_california_fire_81729,2026-09-27T14:57:28.432835+00:00,1.0,SEMI_SYNTHETIC
edge_531379_77898_2655,531379,77898,ff_face2face_mayoral_evac_0091,2026-09-27T14:14:32.568049+00:00,1.0,SEMI_SYNTHETIC
edge_215681_230974_2656,215681,230974,dfdc_syn_bridge_collapse_84920,2026-09-27T01:06:07.523799+00:00,1.0,SEMI_SYNTHETIC
edge_684810_1409_2657,684810,1409,humaid_irma_2017_001928,2026-09-27T13:42:51.114444+00:00,1.0,SEMI_SYNTHETIC
edge_705803_197664_2658,705803,197664,dfdc_syn_bridge_collapse_84920,2026-09-27T01:06:13.685332+00:00,1.0,SEMI_SYNTHETIC
edge_606842_124466_2659,606842,124466,crisismmd_harvey_img_49102,2026-09-27T00:11:43.179345+00:00,1.0,SEMI_SYNTHETIC
edge_903891_273592_2660,903891,273592,humaid_irma_2017_001928,2026-09-27T13:43:29.660786+00:00,1.0,SEMI_SYNTHETIC
edge_215633_871046_2661,215633,871046,crisismmd_harvey_img_49102,2026-09-27T00:11:43.717479+00:00,1.0,SEMI_SYNTHETIC
edge_837887_945440_2662,837887,945440,crisislex_california_fire_81729,2026-09-27T14:58:28.440694+00:00,1.0,SEMI_SYNTHETIC
edge_978644_548329_2663,978644,548329,dfdc_syn_bridge_collapse_84920,2026-09-27T01:06:26.813422+00:00,1.0,SEMI_SYNTHETIC
edge_205666_821102_2664,205666,821102,humaid_irma_2017_001928,2026-09-27T13:44:37.492418+00:00,1.0,SEMI_SYNTHETIC
edge_417976_611969_2665,417976,611969,crisismmd_harvey_img_49102,2026-09-27T00:11:45.551289+00:00,1.0,SEMI_SYNTHETIC
edge_370002_204118_2666,370002,204118,crisislex_california_fire_81729,2026-09-27T14:59:07.656416+00:00,1.0,SEMI_SYNTHETIC
edge_597132_44714_2667,597132,44714,crisismmd_harvey_img_49102,2026-09-27T00:11:45.896619+00:00,1.0,SEMI_SYNTHETIC
edge_285617_735150_2668,285617,735150,crisismmd_harvey_img_49102,2026-09-27T00:11:46.874549+00:00,1.0,SEMI_SYNTHETIC
edge_874930_766277_2669,874930,766277,crisislex_california_fire_81729,2026-09-27T15:00:12.800396+00:00,1.0,SEMI_SYNTHETIC
edge_874371_233530_2670,874371,233530,humaid_irma_2017_001928,2026-09-27T13:45:20.499540+00:00,1.0,SEMI_SYNTHETIC
edge_218821_652818_2671,218821,652818,humaid_irma_2017_001928,2026-09-27T13:48:05.859207+00:00,1.0,SEMI_SYNTHETIC
edge_889296_247144_2672,889296,247144,crisismmd_harvey_img_49102,2026-09-27T00:11:48.371294+00:00,1.0,SEMI_SYNTHETIC
edge_352640_898422_2673,352640,898422,ff_face2face_mayoral_evac_0091,2026-09-27T14:15:34.856730+00:00,1.0,SEMI_SYNTHETIC
edge_939142_98049_2674,939142,98049,dfdc_syn_bridge_collapse_84920,2026-09-27T01:06:29.314533+00:00,1.0,SEMI_SYNTHETIC
edge_259717_851368_2675,259717,851368,ff_face2face_mayoral_evac_0091,2026-09-27T14:17:05.752187+00:00,1.0,SEMI_SYNTHETIC
edge_740989_143997_2676,740989,143997,ff_face2face_mayoral_evac_0091,2026-09-27T14:19:40.517273+00:00,1.0,SEMI_SYNTHETIC
edge_824044_777541_2677,824044,777541,humaid_irma_2017_001928,2026-09-27T13:49:04.050604+00:00,1.0,SEMI_SYNTHETIC
edge_505858_737250_2678,505858,737250,ff_face2face_mayoral_evac_0091,2026-09-27T14:20:55.615780+00:00,1.0,SEMI_SYNTHETIC
edge_294879_80150_2679,294879,80150,crisislex_california_fire_81729,2026-09-27T15:02:27.325699+00:00,1.0,SEMI_SYNTHETIC
edge_375236_913545_2680,375236,913545,dfdc_syn_bridge_collapse_84920,2026-09-27T01:06:42.140364+00:00,1.0,SEMI_SYNTHETIC
edge_823547_778019_2681,823547,778019,dfdc_syn_bridge_collapse_84920,2026-09-27T01:06:56.232800+00:00,1.0,SEMI_SYNTHETIC
edge_840782_759646_2682,840782,759646,humaid_irma_2017_001928,2026-09-27T13:51:56.493434+00:00,1.0,SEMI_SYNTHETIC
edge_526645_484379_2683,526645,484379,crisislex_california_fire_81729,2026-09-27T15:03:52.499952+00:00,1.0,SEMI_SYNTHETIC
edge_778488_326181_2684,778488,326181,crisislex_california_fire_81729,2026-09-27T15:04:59.838458+00:00,1.0,SEMI_SYNTHETIC
edge_536417_134888_2685,536417,134888,crisismmd_harvey_img_49102,2026-09-27T00:11:50.383140+00:00,1.0,SEMI_SYNTHETIC
edge_36629_887252_2686,36629,887252,crisislex_california_fire_81729,2026-09-27T15:07:44.621206+00:00,1.0,SEMI_SYNTHETIC
edge_680213_308179_2687,680213,308179,humaid_irma_2017_001928,2026-09-27T13:54:36.516733+00:00,1.0,SEMI_SYNTHETIC
edge_875932_885849_2688,875932,885849,dfdc_syn_bridge_collapse_84920,2026-09-27T01:06:58.251274+00:00,1.0,SEMI_SYNTHETIC
edge_15840_300794_2689,15840,300794,humaid_irma_2017_001928,2026-09-27T13:57:02.399790+00:00,1.0,SEMI_SYNTHETIC
edge_784011_989555_2690,784011,989555,ff_face2face_mayoral_evac_0091,2026-09-27T14:21:11.359962+00:00,1.0,SEMI_SYNTHETIC
edge_414567_15840_2691,414567,15840,humaid_irma_2017_001928,2026-09-27T13:58:00.664402+00:00,1.0,SEMI_SYNTHETIC
edge_480815_268635_2692,480815,268635,ff_face2face_mayoral_evac_0091,2026-09-27T14:21:45.852267+00:00,1.0,SEMI_SYNTHETIC
edge_793181_300704_2693,793181,300704,ff_face2face_mayoral_evac_0091,2026-09-27T14:23:58.143600+00:00,1.0,SEMI_SYNTHETIC
edge_311898_318721_2694,311898,318721,crisismmd_harvey_img_49102,2026-09-27T00:11:52.513452+00:00,1.0,SEMI_SYNTHETIC
edge_782848_504109_2695,782848,504109,humaid_irma_2017_001928,2026-09-27T13:59:40.055105+00:00,1.0,SEMI_SYNTHETIC
edge_664382_86819_2696,664382,86819,humaid_irma_2017_001928,2026-09-27T14:00:11.525326+00:00,1.0,SEMI_SYNTHETIC
edge_445544_448272_2697,445544,448272,ff_face2face_mayoral_evac_0091,2026-09-27T14:26:13.653996+00:00,1.0,SEMI_SYNTHETIC
edge_568380_714181_2698,568380,714181,dfdc_syn_bridge_collapse_84920,2026-09-27T01:07:02.106672+00:00,1.0,SEMI_SYNTHETIC
edge_835148_842199_2699,835148,842199,ff_face2face_mayoral_evac_0091,2026-09-27T14:27:32.338307+00:00,1.0,SEMI_SYNTHETIC
edge_517336_451203_2700,517336,451203,crisismmd_harvey_img_49102,2026-09-27T00:11:53.765643+00:00,1.0,SEMI_SYNTHETIC
edge_658661_142617_2701,658661,142617,dfdc_syn_bridge_collapse_84920,2026-09-27T01:07:15.185000+00:00,1.0,SEMI_SYNTHETIC
edge_421561_160331_2702,421561,160331,ff_face2face_mayoral_evac_0091,2026-09-27T14:28:47.348480+00:00,1.0,SEMI_SYNTHETIC
edge_194076_106901_2703,194076,106901,dfdc_syn_bridge_collapse_84920,2026-09-27T01:07:26.241047+00:00,1.0,SEMI_SYNTHETIC
edge_980766_444661_2704,980766,444661,dfdc_syn_bridge_collapse_84920,2026-09-27T01:07:30.017544+00:00,1.0,SEMI_SYNTHETIC
edge_200619_63872_2705,200619,63872,crisislex_california_fire_81729,2026-09-27T15:10:38.946644+00:00,1.0,SEMI_SYNTHETIC
edge_934381_426869_2706,934381,426869,crisislex_california_fire_81729,2026-09-27T15:13:31.329420+00:00,1.0,SEMI_SYNTHETIC
edge_257749_912628_2707,257749,912628,humaid_irma_2017_001928,2026-09-27T14:02:26.102198+00:00,1.0,SEMI_SYNTHETIC
edge_746593_257656_2708,746593,257656,dfdc_syn_bridge_collapse_84920,2026-09-27T01:07:34.327910+00:00,1.0,SEMI_SYNTHETIC
edge_289737_212212_2709,289737,212212,crisislex_california_fire_81729,2026-09-27T15:16:06.798247+00:00,1.0,SEMI_SYNTHETIC
edge_179409_979638_2710,179409,979638,ff_face2face_mayoral_evac_0091,2026-09-27T14:31:00.562111+00:00,1.0,SEMI_SYNTHETIC
edge_917472_503549_2711,917472,503549,crisismmd_harvey_img_49102,2026-09-27T00:11:54.458768+00:00,1.0,SEMI_SYNTHETIC
edge_642928_288727_2712,642928,288727,ff_face2face_mayoral_evac_0091,2026-09-27T14:32:54.468294+00:00,1.0,SEMI_SYNTHETIC
edge_83277_56038_2713,83277,56038,crisislex_california_fire_81729,2026-09-27T15:17:31.393567+00:00,1.0,SEMI_SYNTHETIC
edge_964899_411156_2714,964899,411156,crisismmd_harvey_img_49102,2026-09-27T00:11:55.150342+00:00,1.0,SEMI_SYNTHETIC
edge_617732_916496_2715,617732,916496,humaid_irma_2017_001928,2026-09-27T14:03:12.522521+00:00,1.0,SEMI_SYNTHETIC
edge_841765_244026_2716,841765,244026,crisislex_california_fire_81729,2026-09-27T15:18:22.708190+00:00,1.0,SEMI_SYNTHETIC
edge_807962_179834_2717,807962,179834,humaid_irma_2017_001928,2026-09-27T14:04:55.679032+00:00,1.0,SEMI_SYNTHETIC
edge_537916_166268_2718,537916,166268,crisislex_california_fire_81729,2026-09-27T15:20:50.549772+00:00,1.0,SEMI_SYNTHETIC
edge_384723_964889_2719,384723,964889,crisislex_california_fire_81729,2026-09-27T15:22:15.072663+00:00,1.0,SEMI_SYNTHETIC
edge_28179_625870_2720,28179,625870,crisislex_california_fire_81729,2026-09-27T15:23:32.111443+00:00,1.0,SEMI_SYNTHETIC
edge_124798_22940_2721,124798,22940,crisismmd_harvey_img_49102,2026-09-27T00:11:55.817432+00:00,1.0,SEMI_SYNTHETIC
edge_33950_113479_2722,33950,113479,crisismmd_harvey_img_49102,2026-09-27T00:11:57.921874+00:00,1.0,SEMI_SYNTHETIC
edge_106967_145753_2723,106967,145753,crisislex_california_fire_81729,2026-09-27T15:24:10.583055+00:00,1.0,SEMI_SYNTHETIC
edge_69442_798142_2724,69442,798142,ff_face2face_mayoral_evac_0091,2026-09-27T14:33:51.589606+00:00,1.0,SEMI_SYNTHETIC
edge_96662_746593_2725,96662,746593,dfdc_syn_bridge_collapse_84920,2026-09-27T01:07:48.091072+00:00,1.0,SEMI_SYNTHETIC
edge_427143_281216_2726,427143,281216,crisislex_california_fire_81729,2026-09-27T15:25:45.560146+00:00,1.0,SEMI_SYNTHETIC
edge_918833_620610_2727,918833,620610,dfdc_syn_bridge_collapse_84920,2026-09-27T01:07:59.335648+00:00,1.0,SEMI_SYNTHETIC
edge_130760_225477_2728,130760,225477,ff_face2face_mayoral_evac_0091,2026-09-27T14:35:11.308563+00:00,1.0,SEMI_SYNTHETIC
edge_967649_166389_2729,967649,166389,humaid_irma_2017_001928,2026-09-27T14:05:25.387794+00:00,1.0,SEMI_SYNTHETIC
edge_703861_828017_2730,703861,828017,humaid_irma_2017_001928,2026-09-27T14:07:20.364148+00:00,1.0,SEMI_SYNTHETIC
edge_48821_57800_2731,48821,57800,crisislex_california_fire_81729,2026-09-27T15:28:04.751984+00:00,1.0,SEMI_SYNTHETIC
edge_702413_722641_2732,702413,722641,dfdc_syn_bridge_collapse_84920,2026-09-27T01:08:06.375928+00:00,1.0,SEMI_SYNTHETIC
edge_115338_902104_2733,115338,902104,crisismmd_harvey_img_49102,2026-09-27T00:11:59.885831+00:00,1.0,SEMI_SYNTHETIC
edge_976712_617732_2734,976712,617732,humaid_irma_2017_001928,2026-09-27T14:09:44.636438+00:00,1.0,SEMI_SYNTHETIC
edge_635290_766027_2735,635290,766027,humaid_irma_2017_001928,2026-09-27T14:11:32.629462+00:00,1.0,SEMI_SYNTHETIC
edge_898010_416224_2736,898010,416224,dfdc_syn_bridge_collapse_84920,2026-09-27T01:08:07.615537+00:00,1.0,SEMI_SYNTHETIC
edge_854483_536195_2737,854483,536195,crisismmd_harvey_img_49102,2026-09-27T00:12:01.717609+00:00,1.0,SEMI_SYNTHETIC
edge_824075_99171_2738,824075,99171,crisislex_california_fire_81729,2026-09-27T15:29:56.106451+00:00,1.0,SEMI_SYNTHETIC
edge_586396_788111_2739,586396,788111,ff_face2face_mayoral_evac_0091,2026-09-27T14:35:41.479120+00:00,1.0,SEMI_SYNTHETIC
edge_897454_910426_2740,897454,910426,crisismmd_harvey_img_49102,2026-09-27T00:12:02.747294+00:00,1.0,SEMI_SYNTHETIC
edge_515258_690776_2741,515258,690776,humaid_irma_2017_001928,2026-09-27T14:14:13.606853+00:00,1.0,SEMI_SYNTHETIC
edge_594610_342108_2742,594610,342108,ff_face2face_mayoral_evac_0091,2026-09-27T14:36:12.408305+00:00,1.0,SEMI_SYNTHETIC
edge_462168_944607_2743,462168,944607,humaid_irma_2017_001928,2026-09-27T14:14:51.886665+00:00,1.0,SEMI_SYNTHETIC
edge_566843_648576_2744,566843,648576,crisislex_california_fire_81729,2026-09-27T15:30:09.911118+00:00,1.0,SEMI_SYNTHETIC
edge_242612_443525_2745,242612,443525,humaid_irma_2017_001928,2026-09-27T14:16:00.093020+00:00,1.0,SEMI_SYNTHETIC
edge_962086_274525_2746,962086,274525,crisismmd_harvey_img_49102,2026-09-27T00:12:02.925013+00:00,1.0,SEMI_SYNTHETIC
edge_453745_850669_2747,453745,850669,ff_face2face_mayoral_evac_0091,2026-09-27T14:37:58.361113+00:00,1.0,SEMI_SYNTHETIC
edge_308889_653829_2748,308889,653829,crisismmd_harvey_img_49102,2026-09-27T00:12:04.519988+00:00,1.0,SEMI_SYNTHETIC
edge_887417_476991_2749,887417,476991,dfdc_syn_bridge_collapse_84920,2026-09-27T01:08:21.856319+00:00,1.0,SEMI_SYNTHETIC
edge_816519_740989_2750,816519,740989,ff_face2face_mayoral_evac_0091,2026-09-27T14:39:22.172541+00:00,1.0,SEMI_SYNTHETIC
edge_115253_452521_2751,115253,452521,crisislex_california_fire_81729,2026-09-27T15:30:40.759377+00:00,1.0,SEMI_SYNTHETIC
edge_551358_508969_2752,551358,508969,crisismmd_harvey_img_49102,2026-09-27T00:12:06.452254+00:00,1.0,SEMI_SYNTHETIC
edge_122619_574752_2753,122619,574752,humaid_irma_2017_001928,2026-09-27T14:17:37.957847+00:00,1.0,SEMI_SYNTHETIC
edge_495968_546561_2754,495968,546561,humaid_irma_2017_001928,2026-09-27T14:20:15.591388+00:00,1.0,SEMI_SYNTHETIC
edge_494385_366855_2755,494385,366855,crisislex_california_fire_81729,2026-09-27T15:30:57.975983+00:00,1.0,SEMI_SYNTHETIC
edge_566473_134888_2756,566473,134888,crisismmd_harvey_img_49102,2026-09-27T00:12:06.743552+00:00,1.0,SEMI_SYNTHETIC
edge_748265_94120_2757,748265,94120,ff_face2face_mayoral_evac_0091,2026-09-27T14:40:23.212758+00:00,1.0,SEMI_SYNTHETIC
edge_719221_462168_2758,719221,462168,humaid_irma_2017_001928,2026-09-27T14:22:01.663694+00:00,1.0,SEMI_SYNTHETIC
edge_224498_46010_2759,224498,46010,ff_face2face_mayoral_evac_0091,2026-09-27T14:42:32.792077+00:00,1.0,SEMI_SYNTHETIC
edge_174190_960895_2760,174190,960895,humaid_irma_2017_001928,2026-09-27T14:23:08.403354+00:00,1.0,SEMI_SYNTHETIC
edge_873180_35894_2761,873180,35894,ff_face2face_mayoral_evac_0091,2026-09-27T14:45:19.526850+00:00,1.0,SEMI_SYNTHETIC
edge_29902_443301_2762,29902,443301,crisismmd_harvey_img_49102,2026-09-27T00:12:08.247905+00:00,1.0,SEMI_SYNTHETIC
edge_667286_652064_2763,667286,652064,crisismmd_harvey_img_49102,2026-09-27T00:12:09.315067+00:00,1.0,SEMI_SYNTHETIC
edge_140362_197123_2764,140362,197123,humaid_irma_2017_001928,2026-09-27T14:25:33.570931+00:00,1.0,SEMI_SYNTHETIC
edge_870406_881834_2765,870406,881834,humaid_irma_2017_001928,2026-09-27T14:25:46.911067+00:00,1.0,SEMI_SYNTHETIC
edge_832563_536195_2766,832563,536195,crisismmd_harvey_img_49102,2026-09-27T00:12:10.793072+00:00,1.0,SEMI_SYNTHETIC
edge_984400_357412_2767,984400,357412,crisismmd_harvey_img_49102,2026-09-27T00:12:12.358412+00:00,1.0,SEMI_SYNTHETIC
edge_218314_112078_2768,218314,112078,crisislex_california_fire_81729,2026-09-27T15:32:37.937929+00:00,1.0,SEMI_SYNTHETIC
edge_796334_677101_2769,796334,677101,ff_face2face_mayoral_evac_0091,2026-09-27T14:47:26.003321+00:00,1.0,SEMI_SYNTHETIC
edge_518512_788476_2770,518512,788476,ff_face2face_mayoral_evac_0091,2026-09-27T14:50:10.376199+00:00,1.0,SEMI_SYNTHETIC
edge_881279_720830_2771,881279,720830,humaid_irma_2017_001928,2026-09-27T14:27:19.364704+00:00,1.0,SEMI_SYNTHETIC
edge_621177_575422_2772,621177,575422,crisismmd_harvey_img_49102,2026-09-27T00:12:13.506957+00:00,1.0,SEMI_SYNTHETIC
edge_756048_741059_2773,756048,741059,humaid_irma_2017_001928,2026-09-27T14:30:18.628701+00:00,1.0,SEMI_SYNTHETIC
edge_234754_624549_2774,234754,624549,crisismmd_harvey_img_49102,2026-09-27T00:12:14.003300+00:00,1.0,SEMI_SYNTHETIC
edge_103347_943654_2775,103347,943654,crisislex_california_fire_81729,2026-09-27T15:34:06.264034+00:00,1.0,SEMI_SYNTHETIC
edge_900890_57899_2776,900890,57899,dfdc_syn_bridge_collapse_84920,2026-09-27T01:08:32.106902+00:00,1.0,SEMI_SYNTHETIC
edge_727588_365652_2777,727588,365652,crisislex_california_fire_81729,2026-09-27T15:36:56.695441+00:00,1.0,SEMI_SYNTHETIC
edge_951041_603092_2778,951041,603092,crisislex_california_fire_81729,2026-09-27T15:38:43.861060+00:00,1.0,SEMI_SYNTHETIC
edge_666367_284315_2779,666367,284315,ff_face2face_mayoral_evac_0091,2026-09-27T14:53:04.004468+00:00,1.0,SEMI_SYNTHETIC
edge_983157_695436_2780,983157,695436,crisismmd_harvey_img_49102,2026-09-27T00:12:16.330028+00:00,1.0,SEMI_SYNTHETIC
edge_932932_474586_2781,932932,474586,crisismmd_harvey_img_49102,2026-09-27T00:12:17.159902+00:00,1.0,SEMI_SYNTHETIC
edge_401956_342979_2782,401956,342979,crisislex_california_fire_81729,2026-09-27T15:40:21.095768+00:00,1.0,SEMI_SYNTHETIC
edge_576330_690776_2783,576330,690776,humaid_irma_2017_001928,2026-09-27T14:32:00.275659+00:00,1.0,SEMI_SYNTHETIC
edge_408720_288727_2784,408720,288727,ff_face2face_mayoral_evac_0091,2026-09-27T14:54:08.438153+00:00,1.0,SEMI_SYNTHETIC
edge_545715_975264_2785,545715,975264,crisismmd_harvey_img_49102,2026-09-27T00:12:18.689535+00:00,1.0,SEMI_SYNTHETIC
edge_167744_109524_2786,167744,109524,crisislex_california_fire_81729,2026-09-27T15:41:17.066508+00:00,1.0,SEMI_SYNTHETIC
edge_290110_625754_2787,290110,625754,ff_face2face_mayoral_evac_0091,2026-09-27T14:55:56.799472+00:00,1.0,SEMI_SYNTHETIC
edge_127957_656081_2788,127957,656081,crisismmd_harvey_img_49102,2026-09-27T00:12:19.339944+00:00,1.0,SEMI_SYNTHETIC
edge_521187_720830_2789,521187,720830,humaid_irma_2017_001928,2026-09-27T14:33:34.316090+00:00,1.0,SEMI_SYNTHETIC
edge_122206_426650_2790,122206,426650,crisislex_california_fire_81729,2026-09-27T15:43:01.958403+00:00,1.0,SEMI_SYNTHETIC
edge_317075_218218_2791,317075,218218,ff_face2face_mayoral_evac_0091,2026-09-27T14:57:45.575209+00:00,1.0,SEMI_SYNTHETIC
edge_412370_215222_2792,412370,215222,crisislex_california_fire_81729,2026-09-27T15:45:49.417009+00:00,1.0,SEMI_SYNTHETIC
edge_546556_195846_2793,546556,195846,crisismmd_harvey_img_49102,2026-09-27T00:12:21.685280+00:00,1.0,SEMI_SYNTHETIC
edge_414682_794490_2794,414682,794490,humaid_irma_2017_001928,2026-09-27T14:34:59.786983+00:00,1.0,SEMI_SYNTHETIC
edge_578977_895752_2795,578977,895752,crisismmd_harvey_img_49102,2026-09-27T00:12:23.177274+00:00,1.0,SEMI_SYNTHETIC
edge_570591_268281_2796,570591,268281,humaid_irma_2017_001928,2026-09-27T14:36:35.217567+00:00,1.0,SEMI_SYNTHETIC
edge_281090_582922_2797,281090,582922,crisislex_california_fire_81729,2026-09-27T15:46:38.168859+00:00,1.0,SEMI_SYNTHETIC
edge_455555_391456_2798,455555,391456,dfdc_syn_bridge_collapse_84920,2026-09-27T01:08:46.975235+00:00,1.0,SEMI_SYNTHETIC
edge_385125_819652_2799,385125,819652,humaid_irma_2017_001928,2026-09-27T14:37:00.378482+00:00,1.0,SEMI_SYNTHETIC
edge_123204_819327_2800,123204,819327,crisislex_california_fire_81729,2026-09-27T15:48:36.985350+00:00,1.0,SEMI_SYNTHETIC
edge_270702_730126_2801,270702,730126,ff_face2face_mayoral_evac_0091,2026-09-27T14:59:57.926666+00:00,1.0,SEMI_SYNTHETIC
edge_827636_624391_2802,827636,624391,crisismmd_harvey_img_49102,2026-09-27T00:12:24.048196+00:00,1.0,SEMI_SYNTHETIC
edge_529665_986572_2803,529665,986572,humaid_irma_2017_001928,2026-09-27T14:39:45.080141+00:00,1.0,SEMI_SYNTHETIC
edge_740872_444303_2804,740872,444303,humaid_irma_2017_001928,2026-09-27T14:41:39.847676+00:00,1.0,SEMI_SYNTHETIC
edge_802309_351819_2805,802309,351819,humaid_irma_2017_001928,2026-09-27T14:44:03.756330+00:00,1.0,SEMI_SYNTHETIC
edge_611080_646237_2806,611080,646237,humaid_irma_2017_001928,2026-09-27T14:46:25.064308+00:00,1.0,SEMI_SYNTHETIC
edge_494153_126970_2807,494153,126970,humaid_irma_2017_001928,2026-09-27T14:48:08.004052+00:00,1.0,SEMI_SYNTHETIC
edge_552084_290589_2808,552084,290589,dfdc_syn_bridge_collapse_84920,2026-09-27T01:08:49.331809+00:00,1.0,SEMI_SYNTHETIC
edge_667027_688684_2809,667027,688684,humaid_irma_2017_001928,2026-09-27T14:50:31.841119+00:00,1.0,SEMI_SYNTHETIC
edge_742829_115338_2810,742829,115338,crisismmd_harvey_img_49102,2026-09-27T00:12:25.458392+00:00,1.0,SEMI_SYNTHETIC
edge_409677_569102_2811,409677,569102,ff_face2face_mayoral_evac_0091,2026-09-27T15:02:06.328146+00:00,1.0,SEMI_SYNTHETIC
edge_126020_707644_2812,126020,707644,humaid_irma_2017_001928,2026-09-27T14:51:37.486645+00:00,1.0,SEMI_SYNTHETIC
edge_388867_783207_2813,388867,783207,dfdc_syn_bridge_collapse_84920,2026-09-27T01:09:00.445151+00:00,1.0,SEMI_SYNTHETIC
edge_507529_227722_2814,507529,227722,ff_face2face_mayoral_evac_0091,2026-09-27T15:04:47.484296+00:00,1.0,SEMI_SYNTHETIC
edge_451711_993373_2815,451711,993373,humaid_irma_2017_001928,2026-09-27T14:52:26.088414+00:00,1.0,SEMI_SYNTHETIC
edge_617407_121090_2816,617407,121090,ff_face2face_mayoral_evac_0091,2026-09-27T15:07:43.381215+00:00,1.0,SEMI_SYNTHETIC
edge_35976_341535_2817,35976,341535,crisismmd_harvey_img_49102,2026-09-27T00:12:26.997177+00:00,1.0,SEMI_SYNTHETIC
edge_197619_200619_2818,197619,200619,crisislex_california_fire_81729,2026-09-27T15:49:38.177919+00:00,1.0,SEMI_SYNTHETIC
edge_653186_573539_2819,653186,573539,ff_face2face_mayoral_evac_0091,2026-09-27T15:10:43.150017+00:00,1.0,SEMI_SYNTHETIC
edge_179690_77898_2820,179690,77898,ff_face2face_mayoral_evac_0091,2026-09-27T15:12:02.928268+00:00,1.0,SEMI_SYNTHETIC
edge_366428_735150_2821,366428,735150,crisismmd_harvey_img_49102,2026-09-27T00:12:27.852571+00:00,1.0,SEMI_SYNTHETIC
edge_241454_298016_2822,241454,298016,humaid_irma_2017_001928,2026-09-27T14:54:13.194139+00:00,1.0,SEMI_SYNTHETIC
edge_908668_385075_2823,908668,385075,crisislex_california_fire_81729,2026-09-27T15:52:05.072906+00:00,1.0,SEMI_SYNTHETIC
edge_817848_910426_2824,817848,910426,crisismmd_harvey_img_49102,2026-09-27T00:12:29.870003+00:00,1.0,SEMI_SYNTHETIC
edge_250021_264880_2825,250021,264880,crisismmd_harvey_img_49102,2026-09-27T00:12:30.100065+00:00,1.0,SEMI_SYNTHETIC
edge_134166_859178_2826,134166,859178,humaid_irma_2017_001928,2026-09-27T14:56:21.308873+00:00,1.0,SEMI_SYNTHETIC
edge_934166_457460_2827,934166,457460,crisismmd_harvey_img_49102,2026-09-27T00:12:30.634570+00:00,1.0,SEMI_SYNTHETIC
edge_419095_256184_2828,419095,256184,ff_face2face_mayoral_evac_0091,2026-09-27T15:13:05.733033+00:00,1.0,SEMI_SYNTHETIC
edge_400604_635339_2829,400604,635339,humaid_irma_2017_001928,2026-09-27T14:57:01.378051+00:00,1.0,SEMI_SYNTHETIC
edge_72881_244784_2830,72881,244784,crisislex_california_fire_81729,2026-09-27T15:54:33.671443+00:00,1.0,SEMI_SYNTHETIC
edge_514575_811674_2831,514575,811674,crisislex_california_fire_81729,2026-09-27T15:54:46.223824+00:00,1.0,SEMI_SYNTHETIC
edge_475660_635329_2832,475660,635329,crisislex_california_fire_81729,2026-09-27T15:55:17.958690+00:00,1.0,SEMI_SYNTHETIC
edge_841026_111836_2833,841026,111836,humaid_irma_2017_001928,2026-09-27T14:59:49.645563+00:00,1.0,SEMI_SYNTHETIC
edge_974188_129876_2834,974188,129876,dfdc_syn_bridge_collapse_84920,2026-09-27T01:09:10.385468+00:00,1.0,SEMI_SYNTHETIC
edge_249050_570130_2835,249050,570130,dfdc_syn_bridge_collapse_84920,2026-09-27T01:09:18.788134+00:00,1.0,SEMI_SYNTHETIC
edge_493607_289737_2836,493607,289737,crisislex_california_fire_81729,2026-09-27T15:57:31.973049+00:00,1.0,SEMI_SYNTHETIC
edge_144130_700666_2837,144130,700666,dfdc_syn_bridge_collapse_84920,2026-09-27T01:09:24.947075+00:00,1.0,SEMI_SYNTHETIC
edge_389615_57371_2838,389615,57371,crisislex_california_fire_81729,2026-09-27T15:59:40.074790+00:00,1.0,SEMI_SYNTHETIC
edge_330343_144769_2839,330343,144769,crisismmd_harvey_img_49102,2026-09-27T00:12:30.847728+00:00,1.0,SEMI_SYNTHETIC
edge_896581_370857_2840,896581,370857,crisismmd_harvey_img_49102,2026-09-27T00:12:32.513025+00:00,1.0,SEMI_SYNTHETIC
edge_817142_319768_2841,817142,319768,humaid_irma_2017_001928,2026-09-27T15:00:23.435993+00:00,1.0,SEMI_SYNTHETIC
edge_469683_559857_2842,469683,559857,ff_face2face_mayoral_evac_0091,2026-09-27T15:15:11.702289+00:00,1.0,SEMI_SYNTHETIC
edge_523052_342420_2843,523052,342420,ff_face2face_mayoral_evac_0091,2026-09-27T15:17:31.609026+00:00,1.0,SEMI_SYNTHETIC
edge_869462_621790_2844,869462,621790,dfdc_syn_bridge_collapse_84920,2026-09-27T01:09:38.093613+00:00,1.0,SEMI_SYNTHETIC
edge_850115_737382_2845,850115,737382,ff_face2face_mayoral_evac_0091,2026-09-27T15:18:41.726158+00:00,1.0,SEMI_SYNTHETIC
edge_354930_142040_2846,354930,142040,crisislex_california_fire_81729,2026-09-27T16:02:03.361278+00:00,1.0,SEMI_SYNTHETIC
edge_764121_850215_2847,764121,850215,dfdc_syn_bridge_collapse_84920,2026-09-27T01:09:39.558415+00:00,1.0,SEMI_SYNTHETIC
edge_933896_22151_2848,933896,22151,dfdc_syn_bridge_collapse_84920,2026-09-27T01:09:44.293130+00:00,1.0,SEMI_SYNTHETIC
edge_82481_825749_2849,82481,825749,humaid_irma_2017_001928,2026-09-27T15:02:59.268534+00:00,1.0,SEMI_SYNTHETIC
edge_893488_184006_2850,893488,184006,ff_face2face_mayoral_evac_0091,2026-09-27T15:20:06.618229+00:00,1.0,SEMI_SYNTHETIC
edge_284609_316474_2851,284609,316474,dfdc_syn_bridge_collapse_84920,2026-09-27T01:09:49.197088+00:00,1.0,SEMI_SYNTHETIC
edge_508190_949103_2852,508190,949103,crisislex_california_fire_81729,2026-09-27T16:02:49.106501+00:00,1.0,SEMI_SYNTHETIC
edge_682962_777562_2853,682962,777562,dfdc_syn_bridge_collapse_84920,2026-09-27T01:09:56.501798+00:00,1.0,SEMI_SYNTHETIC
edge_488667_409581_2854,488667,409581,crisismmd_harvey_img_49102,2026-09-27T00:12:33.191242+00:00,1.0,SEMI_SYNTHETIC
edge_624807_548205_2855,624807,548205,crisislex_california_fire_81729,2026-09-27T16:04:51.488482+00:00,1.0,SEMI_SYNTHETIC
edge_339779_186379_2856,339779,186379,dfdc_syn_bridge_collapse_84920,2026-09-27T01:10:09.888987+00:00,1.0,SEMI_SYNTHETIC
edge_276121_230415_2857,276121,230415,dfdc_syn_bridge_collapse_84920,2026-09-27T01:10:22.614133+00:00,1.0,SEMI_SYNTHETIC
edge_754984_756048_2858,754984,756048,humaid_irma_2017_001928,2026-09-27T15:05:27.006584+00:00,1.0,SEMI_SYNTHETIC
edge_631168_827636_2859,631168,827636,crisismmd_harvey_img_49102,2026-09-27T00:12:33.608525+00:00,1.0,SEMI_SYNTHETIC
edge_128205_777926_2860,128205,777926,crisislex_california_fire_81729,2026-09-27T16:05:41.517672+00:00,1.0,SEMI_SYNTHETIC
edge_190777_916222_2861,190777,916222,crisislex_california_fire_81729,2026-09-27T16:07:16.512432+00:00,1.0,SEMI_SYNTHETIC
edge_185933_72881_2862,185933,72881,crisislex_california_fire_81729,2026-09-27T16:10:03.618571+00:00,1.0,SEMI_SYNTHETIC
edge_942145_665725_2863,942145,665725,humaid_irma_2017_001928,2026-09-27T15:07:55.763020+00:00,1.0,SEMI_SYNTHETIC
edge_130181_507939_2864,130181,507939,humaid_irma_2017_001928,2026-09-27T15:10:03.346065+00:00,1.0,SEMI_SYNTHETIC
edge_759591_817142_2865,759591,817142,humaid_irma_2017_001928,2026-09-27T15:11:39.693006+00:00,1.0,SEMI_SYNTHETIC
edge_412355_215888_2866,412355,215888,humaid_irma_2017_001928,2026-09-27T15:13:22.808980+00:00,1.0,SEMI_SYNTHETIC
edge_983661_545715_2867,983661,545715,crisismmd_harvey_img_49102,2026-09-27T00:12:33.856633+00:00,1.0,SEMI_SYNTHETIC
edge_834357_933896_2868,834357,933896,dfdc_syn_bridge_collapse_84920,2026-09-27T01:10:32.590279+00:00,1.0,SEMI_SYNTHETIC
edge_214459_255224_2869,214459,255224,ff_face2face_mayoral_evac_0091,2026-09-27T15:22:29.734753+00:00,1.0,SEMI_SYNTHETIC
edge_13827_274955_2870,13827,274955,ff_face2face_mayoral_evac_0091,2026-09-27T15:25:07.015030+00:00,1.0,SEMI_SYNTHETIC
edge_398034_419660_2871,398034,419660,humaid_irma_2017_001928,2026-09-27T15:14:50.506471+00:00,1.0,SEMI_SYNTHETIC
edge_884607_521265_2872,884607,521265,crisismmd_harvey_img_49102,2026-09-27T00:12:36.220933+00:00,1.0,SEMI_SYNTHETIC
edge_452584_741715_2873,452584,741715,humaid_irma_2017_001928,2026-09-27T15:17:34.006166+00:00,1.0,SEMI_SYNTHETIC
edge_919643_798432_2874,919643,798432,humaid_irma_2017_001928,2026-09-27T15:17:46.223291+00:00,1.0,SEMI_SYNTHETIC
edge_11662_19818_2875,11662,19818,humaid_irma_2017_001928,2026-09-27T15:19:55.916833+00:00,1.0,SEMI_SYNTHETIC
edge_53995_681670_2876,53995,681670,crisislex_california_fire_81729,2026-09-27T16:11:08.686843+00:00,1.0,SEMI_SYNTHETIC
edge_450077_605642_2877,450077,605642,humaid_irma_2017_001928,2026-09-27T15:21:08.355156+00:00,1.0,SEMI_SYNTHETIC
edge_662036_983661_2878,662036,983661,crisismmd_harvey_img_49102,2026-09-27T00:12:37.650440+00:00,1.0,SEMI_SYNTHETIC
edge_576163_484909_2879,576163,484909,ff_face2face_mayoral_evac_0091,2026-09-27T15:27:00.193682+00:00,1.0,SEMI_SYNTHETIC
edge_564842_270909_2880,564842,270909,crisislex_california_fire_81729,2026-09-27T16:12:47.093475+00:00,1.0,SEMI_SYNTHETIC
edge_851850_839683_2881,851850,839683,ff_face2face_mayoral_evac_0091,2026-09-27T15:29:23.063860+00:00,1.0,SEMI_SYNTHETIC
edge_34509_455486_2882,34509,455486,dfdc_syn_bridge_collapse_84920,2026-09-27T01:10:38.672578+00:00,1.0,SEMI_SYNTHETIC
edge_933983_262036_2883,933983,262036,dfdc_syn_bridge_collapse_84920,2026-09-27T01:10:41.443637+00:00,1.0,SEMI_SYNTHETIC
edge_881405_295109_2884,881405,295109,crisismmd_harvey_img_49102,2026-09-27T00:12:38.841365+00:00,1.0,SEMI_SYNTHETIC
edge_808021_352640_2885,808021,352640,ff_face2face_mayoral_evac_0091,2026-09-27T15:29:35.561592+00:00,1.0,SEMI_SYNTHETIC
edge_388752_682464_2886,388752,682464,crisislex_california_fire_81729,2026-09-27T16:13:59.745916+00:00,1.0,SEMI_SYNTHETIC
edge_314912_233781_2887,314912,233781,crisismmd_harvey_img_49102,2026-09-27T00:12:41.273002+00:00,1.0,SEMI_SYNTHETIC
edge_111263_341192_2888,111263,341192,dfdc_syn_bridge_collapse_84920,2026-09-27T01:10:49.279526+00:00,1.0,SEMI_SYNTHETIC
edge_466909_463000_2889,466909,463000,crisislex_california_fire_81729,2026-09-27T16:14:34.336999+00:00,1.0,SEMI_SYNTHETIC
edge_626179_493819_2890,626179,493819,dfdc_syn_bridge_collapse_84920,2026-09-27T01:10:52.252312+00:00,1.0,SEMI_SYNTHETIC
edge_289341_322856_2891,289341,322856,humaid_irma_2017_001928,2026-09-27T15:23:36.252825+00:00,1.0,SEMI_SYNTHETIC
edge_519719_856699_2892,519719,856699,humaid_irma_2017_001928,2026-09-27T15:26:06.215099+00:00,1.0,SEMI_SYNTHETIC
edge_895964_21230_2893,895964,21230,humaid_irma_2017_001928,2026-09-27T15:27:10.438375+00:00,1.0,SEMI_SYNTHETIC
edge_993665_5012_2894,993665,5012,dfdc_syn_bridge_collapse_84920,2026-09-27T01:11:05.076209+00:00,1.0,SEMI_SYNTHETIC
edge_298472_546561_2895,298472,546561,humaid_irma_2017_001928,2026-09-27T15:29:07.898480+00:00,1.0,SEMI_SYNTHETIC
edge_196253_687292_2896,196253,687292,ff_face2face_mayoral_evac_0091,2026-09-27T15:30:14.746694+00:00,1.0,SEMI_SYNTHETIC
edge_71248_326181_2897,71248,326181,crisislex_california_fire_81729,2026-09-27T16:16:28.211511+00:00,1.0,SEMI_SYNTHETIC
edge_178734_244784_2898,178734,244784,crisislex_california_fire_81729,2026-09-27T16:18:29.042952+00:00,1.0,SEMI_SYNTHETIC
edge_418405_406267_2899,418405,406267,ff_face2face_mayoral_evac_0091,2026-09-27T15:31:05.609675+00:00,1.0,SEMI_SYNTHETIC
edge_514858_174569_2900,514858,174569,crisislex_california_fire_81729,2026-09-27T16:21:16.156269+00:00,1.0,SEMI_SYNTHETIC
edge_131811_532987_2901,131811,532987,crisismmd_harvey_img_49102,2026-09-27T00:12:43.636133+00:00,1.0,SEMI_SYNTHETIC
edge_340284_791439_2902,340284,791439,humaid_irma_2017_001928,2026-09-27T15:31:01.669610+00:00,1.0,SEMI_SYNTHETIC
edge_866624_369077_2903,866624,369077,humaid_irma_2017_001928,2026-09-27T15:33:18.749970+00:00,1.0,SEMI_SYNTHETIC
edge_44422_987626_2904,44422,987626,ff_face2face_mayoral_evac_0091,2026-09-27T15:31:24.660494+00:00,1.0,SEMI_SYNTHETIC
edge_278881_590099_2905,278881,590099,ff_face2face_mayoral_evac_0091,2026-09-27T15:33:15.580728+00:00,1.0,SEMI_SYNTHETIC
edge_755932_318287_2906,755932,318287,humaid_irma_2017_001928,2026-09-27T15:35:57.883585+00:00,1.0,SEMI_SYNTHETIC
edge_501074_983661_2907,501074,983661,crisismmd_harvey_img_49102,2026-09-27T00:12:44.280941+00:00,1.0,SEMI_SYNTHETIC
edge_147893_452521_2908,147893,452521,crisislex_california_fire_81729,2026-09-27T16:23:03.580608+00:00,1.0,SEMI_SYNTHETIC
edge_664736_14887_2909,664736,14887,crisismmd_harvey_img_49102,2026-09-27T00:12:46.676661+00:00,1.0,SEMI_SYNTHETIC
edge_860328_228217_2910,860328,228217,crisislex_california_fire_81729,2026-09-27T16:25:50.948837+00:00,1.0,SEMI_SYNTHETIC
edge_280340_640193_2911,280340,640193,dfdc_syn_bridge_collapse_84920,2026-09-27T01:11:18.699960+00:00,1.0,SEMI_SYNTHETIC
edge_727857_577035_2912,727857,577035,dfdc_syn_bridge_collapse_84920,2026-09-27T01:11:24.625090+00:00,1.0,SEMI_SYNTHETIC
edge_278470_467049_2913,278470,467049,ff_face2face_mayoral_evac_0091,2026-09-27T15:35:57.289044+00:00,1.0,SEMI_SYNTHETIC
edge_435335_183688_2914,435335,183688,dfdc_syn_bridge_collapse_84920,2026-09-27T01:11:30.348622+00:00,1.0,SEMI_SYNTHETIC
edge_626862_992413_2915,626862,992413,crisislex_california_fire_81729,2026-09-27T16:27:14.970529+00:00,1.0,SEMI_SYNTHETIC
edge_583741_458497_2916,583741,458497,crisismmd_harvey_img_49102,2026-09-27T00:12:48.915051+00:00,1.0,SEMI_SYNTHETIC
edge_969451_904640_2917,969451,904640,dfdc_syn_bridge_collapse_84920,2026-09-27T01:11:35.799495+00:00,1.0,SEMI_SYNTHETIC
edge_748918_300637_2918,748918,300637,humaid_irma_2017_001928,2026-09-27T15:37:04.127800+00:00,1.0,SEMI_SYNTHETIC
edge_426353_983995_2919,426353,983995,crisismmd_harvey_img_49102,2026-09-27T00:12:50.092617+00:00,1.0,SEMI_SYNTHETIC
edge_992429_265570_2920,992429,265570,crisislex_california_fire_81729,2026-09-27T16:27:56.041814+00:00,1.0,SEMI_SYNTHETIC
edge_708438_598922_2921,708438,598922,crisismmd_harvey_img_49102,2026-09-27T00:12:50.449753+00:00,1.0,SEMI_SYNTHETIC
edge_495175_880708_2922,495175,880708,humaid_irma_2017_001928,2026-09-27T15:39:45.339947+00:00,1.0,SEMI_SYNTHETIC
edge_354492_518136_2923,354492,518136,ff_face2face_mayoral_evac_0091,2026-09-27T15:36:23.397347+00:00,1.0,SEMI_SYNTHETIC
edge_674635_135461_2924,674635,135461,ff_face2face_mayoral_evac_0091,2026-09-27T15:38:29.333465+00:00,1.0,SEMI_SYNTHETIC
edge_725745_264963_2925,725745,264963,crisislex_california_fire_81729,2026-09-27T16:29:09.103150+00:00,1.0,SEMI_SYNTHETIC
edge_954889_419660_2926,954889,419660,humaid_irma_2017_001928,2026-09-27T15:42:27.144645+00:00,1.0,SEMI_SYNTHETIC
edge_911703_94002_2927,911703,94002,crisislex_california_fire_81729,2026-09-27T16:30:19.851697+00:00,1.0,SEMI_SYNTHETIC
edge_960540_465157_2928,960540,465157,humaid_irma_2017_001928,2026-09-27T15:42:50.564430+00:00,1.0,SEMI_SYNTHETIC
edge_469340_500636_2929,469340,500636,crisislex_california_fire_81729,2026-09-27T16:31:13.988741+00:00,1.0,SEMI_SYNTHETIC
edge_496220_772182_2930,496220,772182,ff_face2face_mayoral_evac_0091,2026-09-27T15:38:56.315285+00:00,1.0,SEMI_SYNTHETIC
edge_967827_939580_2931,967827,939580,humaid_irma_2017_001928,2026-09-27T15:45:38.791986+00:00,1.0,SEMI_SYNTHETIC
edge_328832_305503_2932,328832,305503,humaid_irma_2017_001928,2026-09-27T15:45:56.976550+00:00,1.0,SEMI_SYNTHETIC
edge_300910_965604_2933,300910,965604,humaid_irma_2017_001928,2026-09-27T15:46:41.531334+00:00,1.0,SEMI_SYNTHETIC
edge_77538_759646_2934,77538,759646,humaid_irma_2017_001928,2026-09-27T15:49:20.840103+00:00,1.0,SEMI_SYNTHETIC
edge_933271_790097_2935,933271,790097,crisismmd_harvey_img_49102,2026-09-27T00:12:52.054219+00:00,1.0,SEMI_SYNTHETIC
edge_729349_407024_2936,729349,407024,dfdc_syn_bridge_collapse_84920,2026-09-27T01:11:50.237316+00:00,1.0,SEMI_SYNTHETIC
edge_437354_344165_2937,437354,344165,dfdc_syn_bridge_collapse_84920,2026-09-27T01:11:51.877180+00:00,1.0,SEMI_SYNTHETIC
edge_608939_715477_2938,608939,715477,crisislex_california_fire_81729,2026-09-27T16:34:03.885678+00:00,1.0,SEMI_SYNTHETIC
edge_285532_343364_2939,285532,343364,crisislex_california_fire_81729,2026-09-27T16:34:23.879946+00:00,1.0,SEMI_SYNTHETIC
edge_704379_717256_2940,704379,717256,dfdc_syn_bridge_collapse_84920,2026-09-27T01:12:06.822803+00:00,1.0,SEMI_SYNTHETIC
edge_31507_329544_2941,31507,329544,crisismmd_harvey_img_49102,2026-09-27T00:12:52.890435+00:00,1.0,SEMI_SYNTHETIC
edge_354029_747920_2942,354029,747920,ff_face2face_mayoral_evac_0091,2026-09-27T15:40:24.256251+00:00,1.0,SEMI_SYNTHETIC
edge_232839_624923_2943,232839,624923,dfdc_syn_bridge_collapse_84920,2026-09-27T01:12:16.683166+00:00,1.0,SEMI_SYNTHETIC
edge_120905_185645_2944,120905,185645,crisismmd_harvey_img_49102,2026-09-27T00:12:53.602684+00:00,1.0,SEMI_SYNTHETIC
edge_746578_696128_2945,746578,696128,crisismmd_harvey_img_49102,2026-09-27T00:12:54.143733+00:00,1.0,SEMI_SYNTHETIC
edge_25973_584295_2946,25973,584295,dfdc_syn_bridge_collapse_84920,2026-09-27T01:12:28.733042+00:00,1.0,SEMI_SYNTHETIC
edge_383470_148272_2947,383470,148272,humaid_irma_2017_001928,2026-09-27T15:51:07.964109+00:00,1.0,SEMI_SYNTHETIC
edge_24621_323735_2948,24621,323735,crisislex_california_fire_81729,2026-09-27T16:36:08.363543+00:00,1.0,SEMI_SYNTHETIC
edge_656202_815625_2949,656202,815625,humaid_irma_2017_001928,2026-09-27T15:51:32.989771+00:00,1.0,SEMI_SYNTHETIC
edge_800874_589761_2950,800874,589761,crisismmd_harvey_img_49102,2026-09-27T00:12:56.395056+00:00,1.0,SEMI_SYNTHETIC
edge_908849_740988_2951,908849,740988,crisislex_california_fire_81729,2026-09-27T16:37:52.965747+00:00,1.0,SEMI_SYNTHETIC
edge_185622_175777_2952,185622,175777,dfdc_syn_bridge_collapse_84920,2026-09-27T01:12:30.961218+00:00,1.0,SEMI_SYNTHETIC
edge_937721_792702_2953,937721,792702,dfdc_syn_bridge_collapse_84920,2026-09-27T01:12:45.306736+00:00,1.0,SEMI_SYNTHETIC
edge_494383_858799_2954,494383,858799,ff_face2face_mayoral_evac_0091,2026-09-27T15:41:37.163730+00:00,1.0,SEMI_SYNTHETIC
edge_105246_371951_2955,105246,371951,humaid_irma_2017_001928,2026-09-27T15:53:41.123290+00:00,1.0,SEMI_SYNTHETIC
edge_208228_198073_2956,208228,198073,dfdc_syn_bridge_collapse_84920,2026-09-27T01:12:49.465833+00:00,1.0,SEMI_SYNTHETIC
edge_379698_662179_2957,379698,662179,dfdc_syn_bridge_collapse_84920,2026-09-27T01:12:51.851478+00:00,1.0,SEMI_SYNTHETIC
edge_729737_166338_2958,729737,166338,crisislex_california_fire_81729,2026-09-27T16:40:16.530726+00:00,1.0,SEMI_SYNTHETIC
edge_231706_683262_2959,231706,683262,humaid_irma_2017_001928,2026-09-27T15:55:04.858214+00:00,1.0,SEMI_SYNTHETIC
edge_796038_293023_2960,796038,293023,crisismmd_harvey_img_49102,2026-09-27T00:12:57.815627+00:00,1.0,SEMI_SYNTHETIC
edge_551866_325508_2961,551866,325508,ff_face2face_mayoral_evac_0091,2026-09-27T15:42:15.635227+00:00,1.0,SEMI_SYNTHETIC
edge_570965_386536_2962,570965,386536,humaid_irma_2017_001928,2026-09-27T15:57:22.428332+00:00,1.0,SEMI_SYNTHETIC
edge_543222_789598_2963,543222,789598,crisislex_california_fire_81729,2026-09-27T16:42:52.404344+00:00,1.0,SEMI_SYNTHETIC
edge_934915_755695_2964,934915,755695,ff_face2face_mayoral_evac_0091,2026-09-27T15:44:58.501724+00:00,1.0,SEMI_SYNTHETIC
edge_767472_104458_2965,767472,104458,humaid_irma_2017_001928,2026-09-27T15:59:24.178942+00:00,1.0,SEMI_SYNTHETIC
edge_572723_902919_2966,572723,902919,dfdc_syn_bridge_collapse_84920,2026-09-27T01:12:52.868546+00:00,1.0,SEMI_SYNTHETIC
edge_102988_235230_2967,102988,235230,dfdc_syn_bridge_collapse_84920,2026-09-27T01:12:55.762330+00:00,1.0,SEMI_SYNTHETIC
edge_794096_550299_2968,794096,550299,ff_face2face_mayoral_evac_0091,2026-09-27T15:47:56.360231+00:00,1.0,SEMI_SYNTHETIC
edge_755055_290110_2969,755055,290110,ff_face2face_mayoral_evac_0091,2026-09-27T15:50:51.929705+00:00,1.0,SEMI_SYNTHETIC
edge_47870_661517_2970,47870,661517,humaid_irma_2017_001928,2026-09-27T16:01:28.610406+00:00,1.0,SEMI_SYNTHETIC
edge_903780_422160_2971,903780,422160,humaid_irma_2017_001928,2026-09-27T16:02:25.700104+00:00,1.0,SEMI_SYNTHETIC
edge_265537_142315_2972,265537,142315,ff_face2face_mayoral_evac_0091,2026-09-27T15:52:26.594299+00:00,1.0,SEMI_SYNTHETIC
edge_108080_738834_2973,108080,738834,dfdc_syn_bridge_collapse_84920,2026-09-27T01:12:57.342334+00:00,1.0,SEMI_SYNTHETIC
edge_371165_126970_2974,371165,126970,humaid_irma_2017_001928,2026-09-27T16:03:44.916963+00:00,1.0,SEMI_SYNTHETIC
edge_383145_345158_2975,383145,345158,crisislex_california_fire_81729,2026-09-27T16:43:41.641895+00:00,1.0,SEMI_SYNTHETIC
edge_727002_856934_2976,727002,856934,crisislex_california_fire_81729,2026-09-27T16:44:07.954042+00:00,1.0,SEMI_SYNTHETIC
edge_323039_530526_2977,323039,530526,dfdc_syn_bridge_collapse_84920,2026-09-27T01:13:12.211691+00:00,1.0,SEMI_SYNTHETIC
edge_238767_285532_2978,238767,285532,crisislex_california_fire_81729,2026-09-27T16:44:24.903070+00:00,1.0,SEMI_SYNTHETIC
edge_80129_576330_2979,80129,576330,humaid_irma_2017_001928,2026-09-27T16:04:39.740973+00:00,1.0,SEMI_SYNTHETIC
edge_450191_332998_2980,450191,332998,ff_face2face_mayoral_evac_0091,2026-09-27T15:53:04.168700+00:00,1.0,SEMI_SYNTHETIC
edge_892308_397491_2981,892308,397491,crisislex_california_fire_81729,2026-09-27T16:44:44.402174+00:00,1.0,SEMI_SYNTHETIC
edge_255228_765855_2982,255228,765855,ff_face2face_mayoral_evac_0091,2026-09-27T15:54:32.454478+00:00,1.0,SEMI_SYNTHETIC
edge_389239_943816_2983,389239,943816,dfdc_syn_bridge_collapse_84920,2026-09-27T01:13:14.389268+00:00,1.0,SEMI_SYNTHETIC
edge_697894_353772_2984,697894,353772,crisislex_california_fire_81729,2026-09-27T16:45:43.181927+00:00,1.0,SEMI_SYNTHETIC
edge_817623_189787_2985,817623,189787,ff_face2face_mayoral_evac_0091,2026-09-27T15:55:49.012240+00:00,1.0,SEMI_SYNTHETIC
edge_185400_256525_2986,185400,256525,dfdc_syn_bridge_collapse_84920,2026-09-27T01:13:23.335008+00:00,1.0,SEMI_SYNTHETIC
edge_102756_741257_2987,102756,741257,dfdc_syn_bridge_collapse_84920,2026-09-27T01:13:36.186139+00:00,1.0,SEMI_SYNTHETIC
edge_996540_731276_2988,996540,731276,dfdc_syn_bridge_collapse_84920,2026-09-27T01:13:40.766309+00:00,1.0,SEMI_SYNTHETIC
edge_677137_575422_2989,677137,575422,crisismmd_harvey_img_49102,2026-09-27T00:12:58.555359+00:00,1.0,SEMI_SYNTHETIC
edge_164684_675320_2990,164684,675320,humaid_irma_2017_001928,2026-09-27T16:06:20.487133+00:00,1.0,SEMI_SYNTHETIC
edge_286477_881405_2991,286477,881405,crisismmd_harvey_img_49102,2026-09-27T00:13:00.833215+00:00,1.0,SEMI_SYNTHETIC
edge_493323_960328_2992,493323,960328,crisislex_california_fire_81729,2026-09-27T16:46:50.783958+00:00,1.0,SEMI_SYNTHETIC
edge_257306_844202_2993,257306,844202,dfdc_syn_bridge_collapse_84920,2026-09-27T01:13:54.211797+00:00,1.0,SEMI_SYNTHETIC
edge_91315_257582_2994,91315,257582,crisismmd_harvey_img_49102,2026-09-27T00:13:03.211379+00:00,1.0,SEMI_SYNTHETIC
edge_402022_915427_2995,402022,915427,crisismmd_harvey_img_49102,2026-09-27T00:13:05.347394+00:00,1.0,SEMI_SYNTHETIC
edge_717935_871431_2996,717935,871431,crisismmd_harvey_img_49102,2026-09-27T00:13:06.334902+00:00,1.0,SEMI_SYNTHETIC
edge_219052_850383_2997,219052,850383,crisismmd_harvey_img_49102,2026-09-27T00:13:08.345460+00:00,1.0,SEMI_SYNTHETIC
edge_415441_290589_2998,415441,290589,dfdc_syn_bridge_collapse_84920,2026-09-27T01:14:01.324003+00:00,1.0,SEMI_SYNTHETIC
edge_228755_853776_2999,228755,853776,crisislex_california_fire_81729,2026-09-27T16:49:12.860485+00:00,1.0,SEMI_SYNTHETIC
edge_571498_958327_3000,571498,958327,dfdc_syn_bridge_collapse_84920,2026-09-27T01:14:03.431104+00:00,1.0,SEMI_SYNTHETIC
edge_101790_862905_3001,101790,862905,humaid_irma_2017_001928,2026-09-27T16:08:07.843842+00:00,1.0,SEMI_SYNTHETIC
edge_613682_106901_3002,613682,106901,dfdc_syn_bridge_collapse_84920,2026-09-27T01:14:15.076954+00:00,1.0,SEMI_SYNTHETIC
edge_485214_540471_3003,485214,540471,crisismmd_harvey_img_49102,2026-09-27T00:13:10.471635+00:00,1.0,SEMI_SYNTHETIC
edge_288601_717935_3004,288601,717935,crisismmd_harvey_img_49102,2026-09-27T00:13:10.899736+00:00,1.0,SEMI_SYNTHETIC
edge_621866_862353_3005,621866,862353,humaid_irma_2017_001928,2026-09-27T16:10:56.475123+00:00,1.0,SEMI_SYNTHETIC
edge_939175_329751_3006,939175,329751,dfdc_syn_bridge_collapse_84920,2026-09-27T01:14:29.250375+00:00,1.0,SEMI_SYNTHETIC
edge_119313_61288_3007,119313,61288,humaid_irma_2017_001928,2026-09-27T16:12:23.452004+00:00,1.0,SEMI_SYNTHETIC
edge_995815_305192_3008,995815,305192,humaid_irma_2017_001928,2026-09-27T16:12:38.549909+00:00,1.0,SEMI_SYNTHETIC
edge_396253_474586_3009,396253,474586,crisismmd_harvey_img_49102,2026-09-27T00:13:13.207142+00:00,1.0,SEMI_SYNTHETIC
edge_174016_261262_3010,174016,261262,ff_face2face_mayoral_evac_0091,2026-09-27T15:56:14.716515+00:00,1.0,SEMI_SYNTHETIC
edge_282379_731374_3011,282379,731374,crisismmd_harvey_img_49102,2026-09-27T00:13:15.081041+00:00,1.0,SEMI_SYNTHETIC
edge_735091_436911_3012,735091,436911,ff_face2face_mayoral_evac_0091,2026-09-27T15:56:32.980118+00:00,1.0,SEMI_SYNTHETIC
edge_495280_892348_3013,495280,892348,crisismmd_harvey_img_49102,2026-09-27T00:13:17.281790+00:00,1.0,SEMI_SYNTHETIC
edge_214450_925491_3014,214450,925491,crisislex_california_fire_81729,2026-09-27T16:50:35.956183+00:00,1.0,SEMI_SYNTHETIC
edge_864894_659840_3015,864894,659840,humaid_irma_2017_001928,2026-09-27T16:13:35.921658+00:00,1.0,SEMI_SYNTHETIC
edge_690606_191361_3016,690606,191361,ff_face2face_mayoral_evac_0091,2026-09-27T15:59:21.493053+00:00,1.0,SEMI_SYNTHETIC
edge_774923_440108_3017,774923,440108,humaid_irma_2017_001928,2026-09-27T16:13:52.103971+00:00,1.0,SEMI_SYNTHETIC
edge_456087_72549_3018,456087,72549,crisismmd_harvey_img_49102,2026-09-27T00:13:17.828931+00:00,1.0,SEMI_SYNTHETIC
edge_810130_894096_3019,810130,894096,crisismmd_harvey_img_49102,2026-09-27T00:13:18.473033+00:00,1.0,SEMI_SYNTHETIC
edge_137531_712667_3020,137531,712667,humaid_irma_2017_001928,2026-09-27T16:15:26.148084+00:00,1.0,SEMI_SYNTHETIC
edge_194560_607092_3021,194560,607092,crisislex_california_fire_81729,2026-09-27T16:51:44.752930+00:00,1.0,SEMI_SYNTHETIC
edge_370678_840570_3022,370678,840570,humaid_irma_2017_001928,2026-09-27T16:17:18.306702+00:00,1.0,SEMI_SYNTHETIC
edge_165565_394208_3023,165565,394208,crisismmd_harvey_img_49102,2026-09-27T00:13:20.892298+00:00,1.0,SEMI_SYNTHETIC
edge_647454_507567_3024,647454,507567,ff_face2face_mayoral_evac_0091,2026-09-27T16:00:10.055757+00:00,1.0,SEMI_SYNTHETIC
edge_246455_892348_3025,246455,892348,crisismmd_harvey_img_49102,2026-09-27T00:13:21.864915+00:00,1.0,SEMI_SYNTHETIC
edge_426385_473187_3026,426385,473187,ff_face2face_mayoral_evac_0091,2026-09-27T16:01:32.615408+00:00,1.0,SEMI_SYNTHETIC
edge_417990_764124_3027,417990,764124,humaid_irma_2017_001928,2026-09-27T16:19:02.015305+00:00,1.0,SEMI_SYNTHETIC
edge_50448_589577_3028,50448,589577,humaid_irma_2017_001928,2026-09-27T16:21:21.978816+00:00,1.0,SEMI_SYNTHETIC
edge_243057_571109_3029,243057,571109,ff_face2face_mayoral_evac_0091,2026-09-27T16:02:03.811227+00:00,1.0,SEMI_SYNTHETIC
edge_910758_580977_3030,910758,580977,crisislex_california_fire_81729,2026-09-27T16:53:49.973985+00:00,1.0,SEMI_SYNTHETIC
edge_827208_979734_3031,827208,979734,ff_face2face_mayoral_evac_0091,2026-09-27T16:04:50.728517+00:00,1.0,SEMI_SYNTHETIC
edge_230012_257678_3032,230012,257678,dfdc_syn_bridge_collapse_84920,2026-09-27T01:14:34.790741+00:00,1.0,SEMI_SYNTHETIC
edge_974315_117348_3033,974315,117348,dfdc_syn_bridge_collapse_84920,2026-09-27T01:14:49.540873+00:00,1.0,SEMI_SYNTHETIC
edge_171447_427476_3034,171447,427476,humaid_irma_2017_001928,2026-09-27T16:23:19.884690+00:00,1.0,SEMI_SYNTHETIC
edge_779919_75442_3035,779919,75442,crisislex_california_fire_81729,2026-09-27T16:54:26.202095+00:00,1.0,SEMI_SYNTHETIC
edge_231316_243057_3036,231316,243057,ff_face2face_mayoral_evac_0091,2026-09-27T16:05:10.445702+00:00,1.0,SEMI_SYNTHETIC
edge_79907_70028_3037,79907,70028,humaid_irma_2017_001928,2026-09-27T16:26:02.921780+00:00,1.0,SEMI_SYNTHETIC
edge_119619_937506_3038,119619,937506,humaid_irma_2017_001928,2026-09-27T16:27:43.289129+00:00,1.0,SEMI_SYNTHETIC
edge_819679_82481_3039,819679,82481,humaid_irma_2017_001928,2026-09-27T16:29:15.835490+00:00,1.0,SEMI_SYNTHETIC
edge_822403_692139_3040,822403,692139,crisislex_california_fire_81729,2026-09-27T16:55:31.275102+00:00,1.0,SEMI_SYNTHETIC
edge_250374_269159_3041,250374,269159,ff_face2face_mayoral_evac_0091,2026-09-27T16:07:12.832439+00:00,1.0,SEMI_SYNTHETIC
edge_839165_402850_3042,839165,402850,ff_face2face_mayoral_evac_0091,2026-09-27T16:09:14.497105+00:00,1.0,SEMI_SYNTHETIC
edge_396177_774605_3043,396177,774605,crisismmd_harvey_img_49102,2026-09-27T00:13:22.729124+00:00,1.0,SEMI_SYNTHETIC
edge_459068_428045_3044,459068,428045,crisismmd_harvey_img_49102,2026-09-27T00:13:23.001974+00:00,1.0,SEMI_SYNTHETIC
edge_231794_789598_3045,231794,789598,crisislex_california_fire_81729,2026-09-27T16:58:19.943789+00:00,1.0,SEMI_SYNTHETIC
edge_510338_714378_3046,510338,714378,ff_face2face_mayoral_evac_0091,2026-09-27T16:10:57.507803+00:00,1.0,SEMI_SYNTHETIC
edge_84575_630317_3047,84575,630317,dfdc_syn_bridge_collapse_84920,2026-09-27T01:14:50.795115+00:00,1.0,SEMI_SYNTHETIC
edge_332417_96023_3048,332417,96023,ff_face2face_mayoral_evac_0091,2026-09-27T16:11:23.843780+00:00,1.0,SEMI_SYNTHETIC
edge_495236_156638_3049,495236,156638,dfdc_syn_bridge_collapse_84920,2026-09-27T01:14:59.797146+00:00,1.0,SEMI_SYNTHETIC
edge_236093_885353_3050,236093,885353,ff_face2face_mayoral_evac_0091,2026-09-27T16:12:42.860965+00:00,1.0,SEMI_SYNTHETIC
edge_817918_262673_3051,817918,262673,ff_face2face_mayoral_evac_0091,2026-09-27T16:14:16.254379+00:00,1.0,SEMI_SYNTHETIC
edge_365591_615050_3052,365591,615050,ff_face2face_mayoral_evac_0091,2026-09-27T16:16:17.100213+00:00,1.0,SEMI_SYNTHETIC
edge_379535_494385_3053,379535,494385,crisislex_california_fire_81729,2026-09-27T17:00:00.853866+00:00,1.0,SEMI_SYNTHETIC
edge_130888_928977_3054,130888,928977,dfdc_syn_bridge_collapse_84920,2026-09-27T01:15:13.967011+00:00,1.0,SEMI_SYNTHETIC
edge_677873_226943_3055,677873,226943,ff_face2face_mayoral_evac_0091,2026-09-27T16:17:22.998877+00:00,1.0,SEMI_SYNTHETIC
edge_379070_508357_3056,379070,508357,dfdc_syn_bridge_collapse_84920,2026-09-27T01:15:16.712660+00:00,1.0,SEMI_SYNTHETIC
edge_681176_123974_3057,681176,123974,crisismmd_harvey_img_49102,2026-09-27T00:13:24.269070+00:00,1.0,SEMI_SYNTHETIC
edge_451308_572275_3058,451308,572275,crisismmd_harvey_img_49102,2026-09-27T00:13:25.520921+00:00,1.0,SEMI_SYNTHETIC
edge_430388_144797_3059,430388,144797,ff_face2face_mayoral_evac_0091,2026-09-27T16:18:40.258225+00:00,1.0,SEMI_SYNTHETIC
edge_865864_96023_3060,865864,96023,ff_face2face_mayoral_evac_0091,2026-09-27T16:20:31.082821+00:00,1.0,SEMI_SYNTHETIC
edge_44630_876212_3061,44630,876212,crisismmd_harvey_img_49102,2026-09-27T00:13:26.644834+00:00,1.0,SEMI_SYNTHETIC
edge_49463_999696_3062,49463,999696,dfdc_syn_bridge_collapse_84920,2026-09-27T01:15:22.654707+00:00,1.0,SEMI_SYNTHETIC
edge_496961_426385_3063,496961,426385,ff_face2face_mayoral_evac_0091,2026-09-27T16:23:26.841575+00:00,1.0,SEMI_SYNTHETIC
edge_606964_504837_3064,606964,504837,humaid_irma_2017_001928,2026-09-27T16:31:55.899915+00:00,1.0,SEMI_SYNTHETIC
edge_763942_666971_3065,763942,666971,dfdc_syn_bridge_collapse_84920,2026-09-27T01:15:28.150054+00:00,1.0,SEMI_SYNTHETIC
edge_443612_922037_3066,443612,922037,crisismmd_harvey_img_49102,2026-09-27T00:13:27.584269+00:00,1.0,SEMI_SYNTHETIC
edge_314066_402850_3067,314066,402850,ff_face2face_mayoral_evac_0091,2026-09-27T16:24:27.792218+00:00,1.0,SEMI_SYNTHETIC
edge_375618_655092_3068,375618,655092,crisislex_california_fire_81729,2026-09-27T17:02:35.343483+00:00,1.0,SEMI_SYNTHETIC
edge_927146_125063_3069,927146,125063,ff_face2face_mayoral_evac_0091,2026-09-27T16:26:29.560266+00:00,1.0,SEMI_SYNTHETIC
edge_840165_876212_3070,840165,876212,crisismmd_harvey_img_49102,2026-09-27T00:13:29.473059+00:00,1.0,SEMI_SYNTHETIC
edge_799558_238767_3071,799558,238767,crisislex_california_fire_81729,2026-09-27T17:03:05.966569+00:00,1.0,SEMI_SYNTHETIC
edge_933708_682758_3072,933708,682758,crisismmd_harvey_img_49102,2026-09-27T00:13:30.234950+00:00,1.0,SEMI_SYNTHETIC
edge_163201_835148_3073,163201,835148,ff_face2face_mayoral_evac_0091,2026-09-27T16:27:24.405306+00:00,1.0,SEMI_SYNTHETIC
edge_613580_378451_3074,613580,378451,crisislex_california_fire_81729,2026-09-27T17:04:11.758530+00:00,1.0,SEMI_SYNTHETIC
edge_114604_285532_3075,114604,285532,crisislex_california_fire_81729,2026-09-27T17:06:10.991221+00:00,1.0,SEMI_SYNTHETIC
edge_145359_519719_3076,145359,519719,humaid_irma_2017_001928,2026-09-27T16:34:50.347405+00:00,1.0,SEMI_SYNTHETIC
edge_352699_412206_3077,352699,412206,dfdc_syn_bridge_collapse_84920,2026-09-27T01:15:30.762063+00:00,1.0,SEMI_SYNTHETIC
edge_363032_452521_3078,363032,452521,crisislex_california_fire_81729,2026-09-27T17:07:20.108322+00:00,1.0,SEMI_SYNTHETIC
edge_20654_277729_3079,20654,277729,crisislex_california_fire_81729,2026-09-27T17:07:52.533309+00:00,1.0,SEMI_SYNTHETIC
edge_165589_837062_3080,165589,837062,crisismmd_harvey_img_49102,2026-09-27T00:13:31.694994+00:00,1.0,SEMI_SYNTHETIC
edge_121816_825572_3081,121816,825572,dfdc_syn_bridge_collapse_84920,2026-09-27T01:15:39.694092+00:00,1.0,SEMI_SYNTHETIC
edge_916304_814092_3082,916304,814092,humaid_irma_2017_001928,2026-09-27T16:35:35.034232+00:00,1.0,SEMI_SYNTHETIC
edge_12429_118639_3083,12429,118639,crisislex_california_fire_81729,2026-09-27T17:09:09.106384+00:00,1.0,SEMI_SYNTHETIC
edge_239009_796334_3084,239009,796334,ff_face2face_mayoral_evac_0091,2026-09-27T16:30:19.450206+00:00,1.0,SEMI_SYNTHETIC
edge_739560_411393_3085,739560,411393,crisismmd_harvey_img_49102,2026-09-27T00:13:33.488953+00:00,1.0,SEMI_SYNTHETIC
edge_399007_737382_3086,399007,737382,ff_face2face_mayoral_evac_0091,2026-09-27T16:31:07.069041+00:00,1.0,SEMI_SYNTHETIC
edge_988099_979912_3087,988099,979912,dfdc_syn_bridge_collapse_84920,2026-09-27T01:15:44.846820+00:00,1.0,SEMI_SYNTHETIC
edge_316975_788938_3088,316975,788938,dfdc_syn_bridge_collapse_84920,2026-09-27T01:15:46.315617+00:00,1.0,SEMI_SYNTHETIC
edge_705505_652805_3089,705505,652805,ff_face2face_mayoral_evac_0091,2026-09-27T16:31:52.414128+00:00,1.0,SEMI_SYNTHETIC
edge_881571_777712_3090,881571,777712,crisislex_california_fire_81729,2026-09-27T17:10:29.772871+00:00,1.0,SEMI_SYNTHETIC
edge_606724_91588_3091,606724,91588,crisislex_california_fire_81729,2026-09-27T17:12:54.322725+00:00,1.0,SEMI_SYNTHETIC
edge_688044_793171_3092,688044,793171,ff_face2face_mayoral_evac_0091,2026-09-27T16:34:10.468879+00:00,1.0,SEMI_SYNTHETIC
edge_207471_417311_3093,207471,417311,ff_face2face_mayoral_evac_0091,2026-09-27T16:35:34.955089+00:00,1.0,SEMI_SYNTHETIC
edge_572625_700897_3094,572625,700897,crisismmd_harvey_img_49102,2026-09-27T00:13:34.087767+00:00,1.0,SEMI_SYNTHETIC
edge_452629_35976_3095,452629,35976,crisismmd_harvey_img_49102,2026-09-27T00:13:36.461165+00:00,1.0,SEMI_SYNTHETIC
edge_220807_179662_3096,220807,179662,dfdc_syn_bridge_collapse_84920,2026-09-27T01:15:53.593997+00:00,1.0,SEMI_SYNTHETIC
edge_150972_443108_3097,150972,443108,dfdc_syn_bridge_collapse_84920,2026-09-27T01:16:03.324516+00:00,1.0,SEMI_SYNTHETIC
edge_33033_94002_3098,33033,94002,crisislex_california_fire_81729,2026-09-27T17:15:52.878832+00:00,1.0,SEMI_SYNTHETIC
edge_831363_51880_3099,831363,51880,crisismmd_harvey_img_49102,2026-09-27T00:13:37.541065+00:00,1.0,SEMI_SYNTHETIC
edge_649590_768214_3100,649590,768214,humaid_irma_2017_001928,2026-09-27T16:36:59.415963+00:00,1.0,SEMI_SYNTHETIC
edge_682928_613080_3101,682928,613080,crisismmd_harvey_img_49102,2026-09-27T00:13:38.238961+00:00,1.0,SEMI_SYNTHETIC
edge_593143_338497_3102,593143,338497,humaid_irma_2017_001928,2026-09-27T16:37:22.717087+00:00,1.0,SEMI_SYNTHETIC
edge_58933_899838_3103,58933,899838,ff_face2face_mayoral_evac_0091,2026-09-27T16:36:13.961733+00:00,1.0,SEMI_SYNTHETIC
edge_105280_746578_3104,105280,746578,crisismmd_harvey_img_49102,2026-09-27T00:13:39.439247+00:00,1.0,SEMI_SYNTHETIC
edge_64650_262036_3105,64650,262036,dfdc_syn_bridge_collapse_84920,2026-09-27T01:16:17.731082+00:00,1.0,SEMI_SYNTHETIC
edge_702640_613386_3106,702640,613386,humaid_irma_2017_001928,2026-09-27T16:38:47.406011+00:00,1.0,SEMI_SYNTHETIC
edge_734549_626708_3107,734549,626708,ff_face2face_mayoral_evac_0091,2026-09-27T16:38:28.001776+00:00,1.0,SEMI_SYNTHETIC
edge_980624_681176_3108,980624,681176,crisismmd_harvey_img_49102,2026-09-27T00:13:40.532655+00:00,1.0,SEMI_SYNTHETIC
edge_171571_553114_3109,171571,553114,ff_face2face_mayoral_evac_0091,2026-09-27T16:39:39.161105+00:00,1.0,SEMI_SYNTHETIC
edge_173107_779864_3110,173107,779864,ff_face2face_mayoral_evac_0091,2026-09-27T16:41:36.077897+00:00,1.0,SEMI_SYNTHETIC
edge_423351_624663_3111,423351,624663,humaid_irma_2017_001928,2026-09-27T16:41:13.858968+00:00,1.0,SEMI_SYNTHETIC
edge_519049_409581_3112,519049,409581,crisismmd_harvey_img_49102,2026-09-27T00:13:42.342923+00:00,1.0,SEMI_SYNTHETIC
edge_114574_794229_3113,114574,794229,dfdc_syn_bridge_collapse_84920,2026-09-27T01:16:25.050255+00:00,1.0,SEMI_SYNTHETIC
edge_54002_61288_3114,54002,61288,humaid_irma_2017_001928,2026-09-27T16:44:10.344459+00:00,1.0,SEMI_SYNTHETIC
edge_712136_980624_3115,712136,980624,crisismmd_harvey_img_49102,2026-09-27T00:13:44.800972+00:00,1.0,SEMI_SYNTHETIC
edge_737277_840570_3116,737277,840570,humaid_irma_2017_001928,2026-09-27T16:45:37.594942+00:00,1.0,SEMI_SYNTHETIC
edge_196859_259825_3117,196859,259825,dfdc_syn_bridge_collapse_84920,2026-09-27T01:16:34.425954+00:00,1.0,SEMI_SYNTHETIC
edge_416648_30005_3118,416648,30005,humaid_irma_2017_001928,2026-09-27T16:47:11.573539+00:00,1.0,SEMI_SYNTHETIC
edge_388238_326208_3119,388238,326208,dfdc_syn_bridge_collapse_84920,2026-09-27T01:16:38.510322+00:00,1.0,SEMI_SYNTHETIC
edge_728378_228209_3120,728378,228209,dfdc_syn_bridge_collapse_84920,2026-09-27T01:16:41.531109+00:00,1.0,SEMI_SYNTHETIC
edge_785985_584213_3121,785985,584213,crisislex_california_fire_81729,2026-09-27T17:18:32.320744+00:00,1.0,SEMI_SYNTHETIC
edge_326713_515590_3122,326713,515590,crisislex_california_fire_81729,2026-09-27T17:21:01.117919+00:00,1.0,SEMI_SYNTHETIC
edge_638328_798878_3123,638328,798878,humaid_irma_2017_001928,2026-09-27T16:48:13.378193+00:00,1.0,SEMI_SYNTHETIC
edge_911965_572203_3124,911965,572203,crisismmd_harvey_img_49102,2026-09-27T00:13:44.929157+00:00,1.0,SEMI_SYNTHETIC
edge_813302_296090_3125,813302,296090,ff_face2face_mayoral_evac_0091,2026-09-27T16:43:56.290287+00:00,1.0,SEMI_SYNTHETIC
edge_426558_901913_3126,426558,901913,dfdc_syn_bridge_collapse_84920,2026-09-27T01:16:53.563429+00:00,1.0,SEMI_SYNTHETIC
edge_254497_728660_3127,254497,728660,dfdc_syn_bridge_collapse_84920,2026-09-27T01:16:56.802846+00:00,1.0,SEMI_SYNTHETIC
edge_966352_666912_3128,966352,666912,ff_face2face_mayoral_evac_0091,2026-09-27T16:46:42.908210+00:00,1.0,SEMI_SYNTHETIC
edge_579100_659358_3129,579100,659358,dfdc_syn_bridge_collapse_84920,2026-09-27T01:16:58.048362+00:00,1.0,SEMI_SYNTHETIC
edge_168239_178734_3130,168239,178734,crisislex_california_fire_81729,2026-09-27T17:21:33.867528+00:00,1.0,SEMI_SYNTHETIC
edge_54083_856186_3131,54083,856186,humaid_irma_2017_001928,2026-09-27T16:48:35.505291+00:00,1.0,SEMI_SYNTHETIC
edge_253889_746578_3132,253889,746578,crisismmd_harvey_img_49102,2026-09-27T00:13:45.787088+00:00,1.0,SEMI_SYNTHETIC
edge_876824_48283_3133,876824,48283,ff_face2face_mayoral_evac_0091,2026-09-27T16:48:46.531971+00:00,1.0,SEMI_SYNTHETIC
edge_405295_195751_3134,405295,195751,crisismmd_harvey_img_49102,2026-09-27T00:13:47.480881+00:00,1.0,SEMI_SYNTHETIC
edge_111812_983157_3135,111812,983157,crisismmd_harvey_img_49102,2026-09-27T00:13:49.077287+00:00,1.0,SEMI_SYNTHETIC
edge_295853_691113_3136,295853,691113,humaid_irma_2017_001928,2026-09-27T16:49:23.421291+00:00,1.0,SEMI_SYNTHETIC
edge_901817_765408_3137,901817,765408,dfdc_syn_bridge_collapse_84920,2026-09-27T01:17:08.909577+00:00,1.0,SEMI_SYNTHETIC
edge_704939_658522_3138,704939,658522,dfdc_syn_bridge_collapse_84920,2026-09-27T01:17:20.859131+00:00,1.0,SEMI_SYNTHETIC
edge_447420_977113_3139,447420,977113,humaid_irma_2017_001928,2026-09-27T16:51:34.330187+00:00,1.0,SEMI_SYNTHETIC
edge_566624_617407_3140,566624,617407,ff_face2face_mayoral_evac_0091,2026-09-27T16:49:47.184194+00:00,1.0,SEMI_SYNTHETIC
edge_887838_965632_3141,887838,965632,crisislex_california_fire_81729,2026-09-27T17:23:15.197263+00:00,1.0,SEMI_SYNTHETIC
edge_970040_289341_3142,970040,289341,humaid_irma_2017_001928,2026-09-27T16:51:51.568827+00:00,1.0,SEMI_SYNTHETIC
edge_353190_402850_3143,353190,402850,ff_face2face_mayoral_evac_0091,2026-09-27T16:51:45.691955+00:00,1.0,SEMI_SYNTHETIC
edge_822720_566228_3144,822720,566228,ff_face2face_mayoral_evac_0091,2026-09-27T16:53:44.118955+00:00,1.0,SEMI_SYNTHETIC
edge_127223_990853_3145,127223,990853,crisislex_california_fire_81729,2026-09-27T17:24:39.205813+00:00,1.0,SEMI_SYNTHETIC
edge_27938_16892_3146,27938,16892,ff_face2face_mayoral_evac_0091,2026-09-27T16:56:11.591719+00:00,1.0,SEMI_SYNTHETIC
edge_237497_724149_3147,237497,724149,humaid_irma_2017_001928,2026-09-27T16:52:09.299089+00:00,1.0,SEMI_SYNTHETIC
edge_820009_764124_3148,820009,764124,humaid_irma_2017_001928,2026-09-27T16:53:07.137855+00:00,1.0,SEMI_SYNTHETIC
edge_875476_696420_3149,875476,696420,humaid_irma_2017_001928,2026-09-27T16:53:32.445947+00:00,1.0,SEMI_SYNTHETIC
edge_734203_170952_3150,734203,170952,crisislex_california_fire_81729,2026-09-27T17:26:32.805575+00:00,1.0,SEMI_SYNTHETIC
edge_69782_495236_3151,69782,495236,dfdc_syn_bridge_collapse_84920,2026-09-27T01:17:29.050753+00:00,1.0,SEMI_SYNTHETIC
edge_75418_856952_3152,75418,856952,ff_face2face_mayoral_evac_0091,2026-09-27T16:57:33.373936+00:00,1.0,SEMI_SYNTHETIC
edge_425267_98759_3153,425267,98759,dfdc_syn_bridge_collapse_84920,2026-09-27T01:17:40.522693+00:00,1.0,SEMI_SYNTHETIC
edge_293275_916496_3154,293275,916496,humaid_irma_2017_001928,2026-09-27T16:53:43.100251+00:00,1.0,SEMI_SYNTHETIC
edge_590020_805667_3155,590020,805667,crisislex_california_fire_81729,2026-09-27T17:29:15.660134+00:00,1.0,SEMI_SYNTHETIC
edge_75481_69442_3156,75481,69442,ff_face2face_mayoral_evac_0091,2026-09-27T17:00:06.590654+00:00,1.0,SEMI_SYNTHETIC
edge_988911_398837_3157,988911,398837,ff_face2face_mayoral_evac_0091,2026-09-27T17:01:47.367572+00:00,1.0,SEMI_SYNTHETIC
edge_649016_469990_3158,649016,469990,dfdc_syn_bridge_collapse_84920,2026-09-27T01:17:44.005039+00:00,1.0,SEMI_SYNTHETIC
edge_362554_765408_3159,362554,765408,dfdc_syn_bridge_collapse_84920,2026-09-27T01:17:48.007901+00:00,1.0,SEMI_SYNTHETIC
edge_426965_463000_3160,426965,463000,crisislex_california_fire_81729,2026-09-27T17:32:00.878796+00:00,1.0,SEMI_SYNTHETIC
edge_87998_701691_3161,87998,701691,dfdc_syn_bridge_collapse_84920,2026-09-27T01:17:55.084649+00:00,1.0,SEMI_SYNTHETIC
edge_169755_431556_3162,169755,431556,crisislex_california_fire_81729,2026-09-27T17:34:25.366126+00:00,1.0,SEMI_SYNTHETIC
edge_951318_112078_3163,951318,112078,crisislex_california_fire_81729,2026-09-27T17:36:59.721400+00:00,1.0,SEMI_SYNTHETIC
edge_752650_378451_3164,752650,378451,crisislex_california_fire_81729,2026-09-27T17:39:13.536294+00:00,1.0,SEMI_SYNTHETIC
edge_109585_995985_3165,109585,995985,humaid_irma_2017_001928,2026-09-27T16:55:02.130557+00:00,1.0,SEMI_SYNTHETIC
edge_16578_507529_3166,16578,507529,ff_face2face_mayoral_evac_0091,2026-09-27T17:04:05.805573+00:00,1.0,SEMI_SYNTHETIC
edge_817743_88056_3167,817743,88056,crisislex_california_fire_81729,2026-09-27T17:40:52.386229+00:00,1.0,SEMI_SYNTHETIC
edge_493020_366589_3168,493020,366589,dfdc_syn_bridge_collapse_84920,2026-09-27T01:18:02.623893+00:00,1.0,SEMI_SYNTHETIC
edge_684498_960540_3169,684498,960540,humaid_irma_2017_001928,2026-09-27T16:56:12.028916+00:00,1.0,SEMI_SYNTHETIC
edge_745571_274525_3170,745571,274525,crisismmd_harvey_img_49102,2026-09-27T00:13:50.017151+00:00,1.0,SEMI_SYNTHETIC
edge_810817_517336_3171,810817,517336,crisismmd_harvey_img_49102,2026-09-27T00:13:51.787386+00:00,1.0,SEMI_SYNTHETIC
edge_224056_40955_3172,224056,40955,crisismmd_harvey_img_49102,2026-09-27T00:13:53.266777+00:00,1.0,SEMI_SYNTHETIC
edge_351993_991692_3173,351993,991692,crisislex_california_fire_81729,2026-09-27T17:42:43.226254+00:00,1.0,SEMI_SYNTHETIC
edge_784031_179430_3174,784031,179430,crisismmd_harvey_img_49102,2026-09-27T00:13:54.977567+00:00,1.0,SEMI_SYNTHETIC
edge_667878_391456_3175,667878,391456,dfdc_syn_bridge_collapse_84920,2026-09-27T01:18:11.734535+00:00,1.0,SEMI_SYNTHETIC
edge_811604_643870_3176,811604,643870,crisislex_california_fire_81729,2026-09-27T17:44:03.267229+00:00,1.0,SEMI_SYNTHETIC
edge_829825_871722_3177,829825,871722,crisislex_california_fire_81729,2026-09-27T17:45:20.647966+00:00,1.0,SEMI_SYNTHETIC
edge_728886_35976_3178,728886,35976,crisismmd_harvey_img_49102,2026-09-27T00:13:56.723971+00:00,1.0,SEMI_SYNTHETIC
edge_851721_831665_3179,851721,831665,crisislex_california_fire_81729,2026-09-27T17:46:18.966493+00:00,1.0,SEMI_SYNTHETIC
edge_313012_523340_3180,313012,523340,crisislex_california_fire_81729,2026-09-27T17:48:52.953074+00:00,1.0,SEMI_SYNTHETIC
edge_572492_187336_3181,572492,187336,crisislex_california_fire_81729,2026-09-27T17:51:43.386136+00:00,1.0,SEMI_SYNTHETIC
edge_39312_383470_3182,39312,383470,humaid_irma_2017_001928,2026-09-27T16:59:11.559971+00:00,1.0,SEMI_SYNTHETIC
edge_928383_575422_3183,928383,575422,crisismmd_harvey_img_49102,2026-09-27T00:13:56.847674+00:00,1.0,SEMI_SYNTHETIC
edge_427827_704083_3184,427827,704083,dfdc_syn_bridge_collapse_84920,2026-09-27T01:18:14.390281+00:00,1.0,SEMI_SYNTHETIC
edge_955534_352640_3185,955534,352640,ff_face2face_mayoral_evac_0091,2026-09-27T17:04:22.449941+00:00,1.0,SEMI_SYNTHETIC
edge_555347_539818_3186,555347,539818,crisislex_california_fire_81729,2026-09-27T17:52:23.840190+00:00,1.0,SEMI_SYNTHETIC
edge_209181_362554_3187,209181,362554,dfdc_syn_bridge_collapse_84920,2026-09-27T01:18:15.397908+00:00,1.0,SEMI_SYNTHETIC
edge_258471_756048_3188,258471,756048,humaid_irma_2017_001928,2026-09-27T17:00:17.639574+00:00,1.0,SEMI_SYNTHETIC
edge_374519_720029_3189,374519,720029,ff_face2face_mayoral_evac_0091,2026-09-27T17:05:16.974895+00:00,1.0,SEMI_SYNTHETIC
edge_969655_277386_3190,969655,277386,dfdc_syn_bridge_collapse_84920,2026-09-27T01:18:16.601872+00:00,1.0,SEMI_SYNTHETIC
edge_116768_625983_3191,116768,625983,humaid_irma_2017_001928,2026-09-27T17:01:03.824765+00:00,1.0,SEMI_SYNTHETIC
edge_317006_881080_3192,317006,881080,crisislex_california_fire_81729,2026-09-27T17:53:34.341654+00:00,1.0,SEMI_SYNTHETIC
edge_707267_624969_3193,707267,624969,crisismmd_harvey_img_49102,2026-09-27T00:13:58.789084+00:00,1.0,SEMI_SYNTHETIC
edge_968378_506741_3194,968378,506741,crisismmd_harvey_img_49102,2026-09-27T00:13:59.925868+00:00,1.0,SEMI_SYNTHETIC
edge_930845_343580_3195,930845,343580,humaid_irma_2017_001928,2026-09-27T17:03:04.941473+00:00,1.0,SEMI_SYNTHETIC
edge_400449_383838_3196,400449,383838,humaid_irma_2017_001928,2026-09-27T17:03:20.250574+00:00,1.0,SEMI_SYNTHETIC
edge_274309_243886_3197,274309,243886,humaid_irma_2017_001928,2026-09-27T17:03:38.343499+00:00,1.0,SEMI_SYNTHETIC
edge_452435_840382_3198,452435,840382,crisislex_california_fire_81729,2026-09-27T17:56:23.825877+00:00,1.0,SEMI_SYNTHETIC
edge_406183_652805_3199,406183,652805,ff_face2face_mayoral_evac_0091,2026-09-27T17:07:46.119930+00:00,1.0,SEMI_SYNTHETIC
edge_153578_904643_3200,153578,904643,dfdc_syn_bridge_collapse_84920,2026-09-27T01:18:19.237480+00:00,1.0,SEMI_SYNTHETIC
edge_648570_431063_3201,648570,431063,ff_face2face_mayoral_evac_0091,2026-09-27T17:10:06.700059+00:00,1.0,SEMI_SYNTHETIC
edge_841655_977181_3202,841655,977181,dfdc_syn_bridge_collapse_84920,2026-09-27T01:18:23.253848+00:00,1.0,SEMI_SYNTHETIC
edge_312591_219700_3203,312591,219700,ff_face2face_mayoral_evac_0091,2026-09-27T17:11:08.941599+00:00,1.0,SEMI_SYNTHETIC
edge_189015_693288_3204,189015,693288,crisismmd_harvey_img_49102,2026-09-27T00:14:00.919545+00:00,1.0,SEMI_SYNTHETIC
edge_153843_375236_3205,153843,375236,dfdc_syn_bridge_collapse_84920,2026-09-27T01:18:31.735134+00:00,1.0,SEMI_SYNTHETIC
edge_13485_810130_3206,13485,810130,crisismmd_harvey_img_49102,2026-09-27T00:14:01.543132+00:00,1.0,SEMI_SYNTHETIC
edge_984437_609743_3207,984437,609743,ff_face2face_mayoral_evac_0091,2026-09-27T17:11:40.654985+00:00,1.0,SEMI_SYNTHETIC
edge_495820_684652_3208,495820,684652,ff_face2face_mayoral_evac_0091,2026-09-27T17:12:30.915840+00:00,1.0,SEMI_SYNTHETIC
edge_657480_856444_3209,657480,856444,ff_face2face_mayoral_evac_0091,2026-09-27T17:14:52.223992+00:00,1.0,SEMI_SYNTHETIC
edge_199734_527530_3210,199734,527530,crisismmd_harvey_img_49102,2026-09-27T00:14:03.352809+00:00,1.0,SEMI_SYNTHETIC
edge_116328_515382_3211,116328,515382,crisismmd_harvey_img_49102,2026-09-27T00:14:03.861556+00:00,1.0,SEMI_SYNTHETIC
edge_79793_296604_3212,79793,296604,crisislex_california_fire_81729,2026-09-27T17:57:29.533472+00:00,1.0,SEMI_SYNTHETIC
edge_638397_369077_3213,638397,369077,humaid_irma_2017_001928,2026-09-27T17:05:18.289311+00:00,1.0,SEMI_SYNTHETIC
edge_679650_475798_3214,679650,475798,ff_face2face_mayoral_evac_0091,2026-09-27T17:16:19.422355+00:00,1.0,SEMI_SYNTHETIC
edge_883743_100196_3215,883743,100196,dfdc_syn_bridge_collapse_84920,2026-09-27T01:18:36.901018+00:00,1.0,SEMI_SYNTHETIC
edge_219126_748265_3216,219126,748265,ff_face2face_mayoral_evac_0091,2026-09-27T17:16:49.666378+00:00,1.0,SEMI_SYNTHETIC
edge_570270_166338_3217,570270,166338,crisislex_california_fire_81729,2026-09-27T17:58:14.073142+00:00,1.0,SEMI_SYNTHETIC
edge_731819_765408_3218,731819,765408,dfdc_syn_bridge_collapse_84920,2026-09-27T01:18:39.648383+00:00,1.0,SEMI_SYNTHETIC
edge_547898_429028_3219,547898,429028,crisislex_california_fire_81729,2026-09-27T18:01:00.208651+00:00,1.0,SEMI_SYNTHETIC
edge_379755_72881_3220,379755,72881,crisislex_california_fire_81729,2026-09-27T18:03:41.444806+00:00,1.0,SEMI_SYNTHETIC
edge_465915_360964_3221,465915,360964,ff_face2face_mayoral_evac_0091,2026-09-27T17:18:32.028238+00:00,1.0,SEMI_SYNTHETIC
edge_352585_862905_3222,352585,862905,humaid_irma_2017_001928,2026-09-27T17:06:21.577670+00:00,1.0,SEMI_SYNTHETIC
edge_62431_510801_3223,62431,510801,dfdc_syn_bridge_collapse_84920,2026-09-27T01:18:53.620533+00:00,1.0,SEMI_SYNTHETIC
edge_316747_80150_3224,316747,80150,crisislex_california_fire_81729,2026-09-27T18:06:18.235895+00:00,1.0,SEMI_SYNTHETIC
edge_988861_663986_3225,988861,663986,ff_face2face_mayoral_evac_0091,2026-09-27T17:20:06.444122+00:00,1.0,SEMI_SYNTHETIC
edge_230096_523331_3226,230096,523331,ff_face2face_mayoral_evac_0091,2026-09-27T17:21:56.548679+00:00,1.0,SEMI_SYNTHETIC
edge_284719_228209_3227,284719,228209,dfdc_syn_bridge_collapse_84920,2026-09-27T01:19:02.847784+00:00,1.0,SEMI_SYNTHETIC
edge_732986_286477_3228,732986,286477,crisismmd_harvey_img_49102,2026-09-27T00:14:04.087936+00:00,1.0,SEMI_SYNTHETIC
edge_615489_661852_3229,615489,661852,humaid_irma_2017_001928,2026-09-27T17:08:02.062887+00:00,1.0,SEMI_SYNTHETIC
edge_109824_273976_3230,109824,273976,dfdc_syn_bridge_collapse_84920,2026-09-27T01:19:15.505028+00:00,1.0,SEMI_SYNTHETIC
edge_188468_696433_3231,188468,696433,crisislex_california_fire_81729,2026-09-27T18:08:09.292561+00:00,1.0,SEMI_SYNTHETIC
edge_659334_79445_3232,659334,79445,ff_face2face_mayoral_evac_0091,2026-09-27T17:22:53.627689+00:00,1.0,SEMI_SYNTHETIC
edge_598293_570245_3233,598293,570245,crisislex_california_fire_81729,2026-09-27T18:10:22.406076+00:00,1.0,SEMI_SYNTHETIC
edge_375459_389264_3234,375459,389264,crisismmd_harvey_img_49102,2026-09-27T00:14:06.165261+00:00,1.0,SEMI_SYNTHETIC
edge_160427_843551_3235,160427,843551,dfdc_syn_bridge_collapse_84920,2026-09-27T01:19:29.741298+00:00,1.0,SEMI_SYNTHETIC
edge_869834_79793_3236,869834,79793,crisislex_california_fire_81729,2026-09-27T18:11:51.075408+00:00,1.0,SEMI_SYNTHETIC
edge_494570_666531_3237,494570,666531,crisislex_california_fire_81729,2026-09-27T18:13:32.951552+00:00,1.0,SEMI_SYNTHETIC
edge_860274_749919_3238,860274,749919,crisismmd_harvey_img_49102,2026-09-27T00:14:08.066732+00:00,1.0,SEMI_SYNTHETIC
edge_558481_848295_3239,558481,848295,crisismmd_harvey_img_49102,2026-09-27T00:14:10.074264+00:00,1.0,SEMI_SYNTHETIC
edge_41126_848732_3240,41126,848732,crisislex_california_fire_81729,2026-09-27T18:14:00.769448+00:00,1.0,SEMI_SYNTHETIC
edge_823024_384723_3241,823024,384723,crisislex_california_fire_81729,2026-09-27T18:15:08.861680+00:00,1.0,SEMI_SYNTHETIC
edge_298465_185400_3242,298465,185400,dfdc_syn_bridge_collapse_84920,2026-09-27T01:19:39.277862+00:00,1.0,SEMI_SYNTHETIC
edge_698590_554173_3243,698590,554173,crisismmd_harvey_img_49102,2026-09-27T00:14:11.557715+00:00,1.0,SEMI_SYNTHETIC
edge_500744_241625_3244,500744,241625,crisislex_california_fire_81729,2026-09-27T18:17:06.008438+00:00,1.0,SEMI_SYNTHETIC
edge_623627_947414_3245,623627,947414,crisismmd_harvey_img_49102,2026-09-27T00:14:12.415210+00:00,1.0,SEMI_SYNTHETIC
edge_574617_293023_3246,574617,293023,crisismmd_harvey_img_49102,2026-09-27T00:14:12.729843+00:00,1.0,SEMI_SYNTHETIC
edge_142683_244410_3247,142683,244410,ff_face2face_mayoral_evac_0091,2026-09-27T17:25:47.029106+00:00,1.0,SEMI_SYNTHETIC
edge_835506_755932_3248,835506,755932,humaid_irma_2017_001928,2026-09-27T17:10:18.904784+00:00,1.0,SEMI_SYNTHETIC
edge_507350_873245_3249,507350,873245,humaid_irma_2017_001928,2026-09-27T17:11:11.170148+00:00,1.0,SEMI_SYNTHETIC
edge_611848_94142_3250,611848,94142,crisismmd_harvey_img_49102,2026-09-27T00:14:13.668791+00:00,1.0,SEMI_SYNTHETIC
edge_762016_578458_3251,762016,578458,crisislex_california_fire_81729,2026-09-27T18:18:11.783755+00:00,1.0,SEMI_SYNTHETIC
edge_759347_234505_3252,759347,234505,crisismmd_harvey_img_49102,2026-09-27T00:14:14.555368+00:00,1.0,SEMI_SYNTHETIC
edge_225630_734880_3253,225630,734880,ff_face2face_mayoral_evac_0091,2026-09-27T17:26:08.874502+00:00,1.0,SEMI_SYNTHETIC
edge_544414_558496_3254,544414,558496,ff_face2face_mayoral_evac_0091,2026-09-27T17:26:42.650856+00:00,1.0,SEMI_SYNTHETIC
edge_73285_296232_3255,73285,296232,ff_face2face_mayoral_evac_0091,2026-09-27T17:28:29.270345+00:00,1.0,SEMI_SYNTHETIC
edge_394531_203910_3256,394531,203910,crisismmd_harvey_img_49102,2026-09-27T00:14:15.962294+00:00,1.0,SEMI_SYNTHETIC
edge_870263_264880_3257,870263,264880,crisismmd_harvey_img_49102,2026-09-27T00:14:17.143165+00:00,1.0,SEMI_SYNTHETIC
edge_116180_84200_3258,116180,84200,crisislex_california_fire_81729,2026-09-27T18:19:44.632135+00:00,1.0,SEMI_SYNTHETIC
edge_889041_111514_3259,889041,111514,dfdc_syn_bridge_collapse_84920,2026-09-27T01:19:45.778285+00:00,1.0,SEMI_SYNTHETIC
edge_581161_125266_3260,581161,125266,dfdc_syn_bridge_collapse_84920,2026-09-27T01:19:53.379800+00:00,1.0,SEMI_SYNTHETIC
edge_195691_904199_3261,195691,904199,ff_face2face_mayoral_evac_0091,2026-09-27T17:29:48.946415+00:00,1.0,SEMI_SYNTHETIC
edge_46660_432857_3262,46660,432857,ff_face2face_mayoral_evac_0091,2026-09-27T17:32:16.176864+00:00,1.0,SEMI_SYNTHETIC
edge_944956_247465_3263,944956,247465,crisislex_california_fire_81729,2026-09-27T18:22:44.492051+00:00,1.0,SEMI_SYNTHETIC
edge_878467_430775_3264,878467,430775,crisislex_california_fire_81729,2026-09-27T18:25:22.764757+00:00,1.0,SEMI_SYNTHETIC
edge_11281_366428_3265,11281,366428,crisismmd_harvey_img_49102,2026-09-27T00:14:19.555168+00:00,1.0,SEMI_SYNTHETIC
edge_452730_519877_3266,452730,519877,dfdc_syn_bridge_collapse_84920,2026-09-27T01:19:54.495616+00:00,1.0,SEMI_SYNTHETIC
edge_485306_130671_3267,485306,130671,crisislex_california_fire_81729,2026-09-27T18:28:01.066379+00:00,1.0,SEMI_SYNTHETIC
edge_613292_736515_3268,613292,736515,crisislex_california_fire_81729,2026-09-27T18:28:50.152224+00:00,1.0,SEMI_SYNTHETIC
edge_735672_119619_3269,735672,119619,humaid_irma_2017_001928,2026-09-27T17:12:32.296293+00:00,1.0,SEMI_SYNTHETIC
edge_543879_170952_3270,543879,170952,crisislex_california_fire_81729,2026-09-27T18:29:29.681292+00:00,1.0,SEMI_SYNTHETIC
edge_907244_887981_3271,907244,887981,crisismmd_harvey_img_49102,2026-09-27T00:14:21.745973+00:00,1.0,SEMI_SYNTHETIC
edge_139274_230939_3272,139274,230939,crisismmd_harvey_img_49102,2026-09-27T00:14:23.136303+00:00,1.0,SEMI_SYNTHETIC
edge_135638_763942_3273,135638,763942,dfdc_syn_bridge_collapse_84920,2026-09-27T01:19:55.793438+00:00,1.0,SEMI_SYNTHETIC
edge_329885_473187_3274,329885,473187,ff_face2face_mayoral_evac_0091,2026-09-27T17:34:48.831297+00:00,1.0,SEMI_SYNTHETIC
edge_527385_401326_3275,527385,401326,crisislex_california_fire_81729,2026-09-27T18:31:05.340347+00:00,1.0,SEMI_SYNTHETIC
edge_777870_226943_3276,777870,226943,ff_face2face_mayoral_evac_0091,2026-09-27T17:36:14.173166+00:00,1.0,SEMI_SYNTHETIC
edge_108873_378203_3277,108873,378203,ff_face2face_mayoral_evac_0091,2026-09-27T17:37:12.447162+00:00,1.0,SEMI_SYNTHETIC
edge_212376_819652_3278,212376,819652,humaid_irma_2017_001928,2026-09-27T17:14:25.153578+00:00,1.0,SEMI_SYNTHETIC
edge_149712_142315_3279,149712,142315,ff_face2face_mayoral_evac_0091,2026-09-27T17:40:07.232348+00:00,1.0,SEMI_SYNTHETIC
edge_914246_18454_3280,914246,18454,dfdc_syn_bridge_collapse_84920,2026-09-27T01:20:10.371876+00:00,1.0,SEMI_SYNTHETIC
edge_494258_982491_3281,494258,982491,humaid_irma_2017_001928,2026-09-27T17:16:19.059806+00:00,1.0,SEMI_SYNTHETIC
edge_732958_309449_3282,732958,309449,crisismmd_harvey_img_49102,2026-09-27T00:14:25.055412+00:00,1.0,SEMI_SYNTHETIC
edge_828710_610665_3283,828710,610665,crisismmd_harvey_img_49102,2026-09-27T00:14:25.394703+00:00,1.0,SEMI_SYNTHETIC
edge_334603_757439_3284,334603,757439,crisislex_california_fire_81729,2026-09-27T18:33:04.692260+00:00,1.0,SEMI_SYNTHETIC
edge_625914_146850_3285,625914,146850,dfdc_syn_bridge_collapse_84920,2026-09-27T01:20:13.390653+00:00,1.0,SEMI_SYNTHETIC
edge_436638_506349_3286,436638,506349,crisislex_california_fire_81729,2026-09-27T18:34:35.386065+00:00,1.0,SEMI_SYNTHETIC
edge_204534_904640_3287,204534,904640,dfdc_syn_bridge_collapse_84920,2026-09-27T01:20:19.615373+00:00,1.0,SEMI_SYNTHETIC
edge_449579_256019_3288,449579,256019,crisismmd_harvey_img_49102,2026-09-27T00:14:27.492419+00:00,1.0,SEMI_SYNTHETIC
edge_411155_203213_3289,411155,203213,crisislex_california_fire_81729,2026-09-27T18:37:06.220393+00:00,1.0,SEMI_SYNTHETIC
edge_166562_123707_3290,166562,123707,humaid_irma_2017_001928,2026-09-27T17:18:25.941992+00:00,1.0,SEMI_SYNTHETIC
edge_43342_560916_3291,43342,560916,ff_face2face_mayoral_evac_0091,2026-09-27T17:42:15.290305+00:00,1.0,SEMI_SYNTHETIC
edge_608989_328083_3292,608989,328083,dfdc_syn_bridge_collapse_84920,2026-09-27T01:20:26.088305+00:00,1.0,SEMI_SYNTHETIC
edge_497426_407382_3293,497426,407382,ff_face2face_mayoral_evac_0091,2026-09-27T17:45:08.224456+00:00,1.0,SEMI_SYNTHETIC
edge_359740_877176_3294,359740,877176,crisismmd_harvey_img_49102,2026-09-27T00:14:27.664479+00:00,1.0,SEMI_SYNTHETIC
edge_655226_363449_3295,655226,363449,crisislex_california_fire_81729,2026-09-27T18:40:00.388857+00:00,1.0,SEMI_SYNTHETIC
edge_178031_506221_3296,178031,506221,dfdc_syn_bridge_collapse_84920,2026-09-27T01:20:37.625198+00:00,1.0,SEMI_SYNTHETIC
edge_505571_765638_3297,505571,765638,dfdc_syn_bridge_collapse_84920,2026-09-27T01:20:46.192700+00:00,1.0,SEMI_SYNTHETIC
edge_341573_756420_3298,341573,756420,ff_face2face_mayoral_evac_0091,2026-09-27T17:46:42.478880+00:00,1.0,SEMI_SYNTHETIC
edge_607142_513683_3299,607142,513683,crisismmd_harvey_img_49102,2026-09-27T00:14:29.548835+00:00,1.0,SEMI_SYNTHETIC
edge_266773_506219_3300,266773,506219,humaid_irma_2017_001928,2026-09-27T17:19:56.515361+00:00,1.0,SEMI_SYNTHETIC
edge_202588_349381_3301,202588,349381,dfdc_syn_bridge_collapse_84920,2026-09-27T01:20:58.743436+00:00,1.0,SEMI_SYNTHETIC
edge_235101_546561_3302,235101,546561,humaid_irma_2017_001928,2026-09-27T17:21:56.666146+00:00,1.0,SEMI_SYNTHETIC
edge_294790_274525_3303,294790,274525,crisismmd_harvey_img_49102,2026-09-27T00:14:31.461624+00:00,1.0,SEMI_SYNTHETIC
edge_656996_288727_3304,656996,288727,ff_face2face_mayoral_evac_0091,2026-09-27T17:49:08.111051+00:00,1.0,SEMI_SYNTHETIC
edge_245561_182824_3305,245561,182824,dfdc_syn_bridge_collapse_84920,2026-09-27T01:21:05.632764+00:00,1.0,SEMI_SYNTHETIC
edge_765184_354029_3306,765184,354029,ff_face2face_mayoral_evac_0091,2026-09-27T17:50:27.636850+00:00,1.0,SEMI_SYNTHETIC
edge_576283_864886_3307,576283,864886,dfdc_syn_bridge_collapse_84920,2026-09-27T01:21:10.417641+00:00,1.0,SEMI_SYNTHETIC
edge_125804_518512_3308,125804,518512,ff_face2face_mayoral_evac_0091,2026-09-27T17:50:43.936265+00:00,1.0,SEMI_SYNTHETIC
edge_576747_597923_3309,576747,597923,crisislex_california_fire_81729,2026-09-27T18:41:49.234028+00:00,1.0,SEMI_SYNTHETIC
edge_512235_14887_3310,512235,14887,crisismmd_harvey_img_49102,2026-09-27T00:14:33.319640+00:00,1.0,SEMI_SYNTHETIC
edge_71643_898439_3311,71643,898439,crisislex_california_fire_81729,2026-09-27T18:43:53.892995+00:00,1.0,SEMI_SYNTHETIC
edge_546002_130671_3312,546002,130671,crisislex_california_fire_81729,2026-09-27T18:45:33.231207+00:00,1.0,SEMI_SYNTHETIC
edge_124856_204760_3313,124856,204760,ff_face2face_mayoral_evac_0091,2026-09-27T17:53:13.483209+00:00,1.0,SEMI_SYNTHETIC
edge_468419_207064_3314,468419,207064,ff_face2face_mayoral_evac_0091,2026-09-27T17:54:13.051116+00:00,1.0,SEMI_SYNTHETIC
edge_422130_976712_3315,422130,976712,humaid_irma_2017_001928,2026-09-27T17:23:15.289013+00:00,1.0,SEMI_SYNTHETIC
edge_576579_850215_3316,576579,850215,dfdc_syn_bridge_collapse_84920,2026-09-27T01:21:23.088121+00:00,1.0,SEMI_SYNTHETIC
edge_175381_78872_3317,175381,78872,ff_face2face_mayoral_evac_0091,2026-09-27T17:55:09.022349+00:00,1.0,SEMI_SYNTHETIC
edge_206599_840382_3318,206599,840382,crisislex_california_fire_81729,2026-09-27T18:48:27.360121+00:00,1.0,SEMI_SYNTHETIC
edge_729657_589577_3319,729657,589577,humaid_irma_2017_001928,2026-09-27T17:23:53.878345+00:00,1.0,SEMI_SYNTHETIC
edge_931330_873227_3320,931330,873227,dfdc_syn_bridge_collapse_84920,2026-09-27T01:21:36.215200+00:00,1.0,SEMI_SYNTHETIC
edge_405211_84575_3321,405211,84575,dfdc_syn_bridge_collapse_84920,2026-09-27T01:21:37.242897+00:00,1.0,SEMI_SYNTHETIC
edge_632585_204521_3322,632585,204521,crisismmd_harvey_img_49102,2026-09-27T00:14:35.204704+00:00,1.0,SEMI_SYNTHETIC
edge_137211_11662_3323,137211,11662,humaid_irma_2017_001928,2026-09-27T17:24:04.449322+00:00,1.0,SEMI_SYNTHETIC
edge_605294_163023_3324,605294,163023,ff_face2face_mayoral_evac_0091,2026-09-27T17:57:34.736956+00:00,1.0,SEMI_SYNTHETIC
edge_989179_980766_3325,989179,980766,dfdc_syn_bridge_collapse_84920,2026-09-27T01:21:49.728497+00:00,1.0,SEMI_SYNTHETIC
edge_785959_992429_3326,785959,992429,crisislex_california_fire_81729,2026-09-27T18:50:31.813322+00:00,1.0,SEMI_SYNTHETIC
edge_579719_25457_3327,579719,25457,humaid_irma_2017_001928,2026-09-27T17:25:20.444101+00:00,1.0,SEMI_SYNTHETIC
edge_513346_740872_3328,513346,740872,humaid_irma_2017_001928,2026-09-27T17:28:10.720568+00:00,1.0,SEMI_SYNTHETIC
edge_550069_44422_3329,550069,44422,ff_face2face_mayoral_evac_0091,2026-09-27T17:58:26.377411+00:00,1.0,SEMI_SYNTHETIC
edge_477318_416224_3330,477318,416224,dfdc_syn_bridge_collapse_84920,2026-09-27T01:21:54.215073+00:00,1.0,SEMI_SYNTHETIC
edge_592270_660403_3331,592270,660403,humaid_irma_2017_001928,2026-09-27T17:29:49.697101+00:00,1.0,SEMI_SYNTHETIC
edge_167371_501074_3332,167371,501074,crisismmd_harvey_img_49102,2026-09-27T00:14:36.096047+00:00,1.0,SEMI_SYNTHETIC
edge_390652_303243_3333,390652,303243,dfdc_syn_bridge_collapse_84920,2026-09-27T01:22:04.117981+00:00,1.0,SEMI_SYNTHETIC
edge_403280_277386_3334,403280,277386,dfdc_syn_bridge_collapse_84920,2026-09-27T01:22:09.006258+00:00,1.0,SEMI_SYNTHETIC
edge_462924_150855_3335,462924,150855,crisislex_california_fire_81729,2026-09-27T18:52:23.342497+00:00,1.0,SEMI_SYNTHETIC
edge_766041_580873_3336,766041,580873,humaid_irma_2017_001928,2026-09-27T17:30:15.930491+00:00,1.0,SEMI_SYNTHETIC
edge_169601_249513_3337,169601,249513,dfdc_syn_bridge_collapse_84920,2026-09-27T01:22:19.895018+00:00,1.0,SEMI_SYNTHETIC
edge_166543_787691_3338,166543,787691,dfdc_syn_bridge_collapse_84920,2026-09-27T01:22:28.081763+00:00,1.0,SEMI_SYNTHETIC
edge_531017_560044_3339,531017,560044,ff_face2face_mayoral_evac_0091,2026-09-27T17:59:00.302941+00:00,1.0,SEMI_SYNTHETIC
edge_212011_579113_3340,212011,579113,crisismmd_harvey_img_49102,2026-09-27T00:14:38.367650+00:00,1.0,SEMI_SYNTHETIC
edge_18830_455486_3341,18830,455486,dfdc_syn_bridge_collapse_84920,2026-09-27T01:22:42.396253+00:00,1.0,SEMI_SYNTHETIC
edge_588457_64650_3342,588457,64650,dfdc_syn_bridge_collapse_84920,2026-09-27T01:22:52.072822+00:00,1.0,SEMI_SYNTHETIC
edge_195272_550659_3343,195272,550659,humaid_irma_2017_001928,2026-09-27T17:31:59.252340+00:00,1.0,SEMI_SYNTHETIC
edge_936280_590175_3344,936280,590175,crisismmd_harvey_img_49102,2026-09-27T00:14:39.297934+00:00,1.0,SEMI_SYNTHETIC
edge_438236_386485_3345,438236,386485,ff_face2face_mayoral_evac_0091,2026-09-27T18:00:52.577498+00:00,1.0,SEMI_SYNTHETIC
edge_100875_523731_3346,100875,523731,humaid_irma_2017_001928,2026-09-27T17:32:30.976101+00:00,1.0,SEMI_SYNTHETIC
edge_81978_901817_3347,81978,901817,dfdc_syn_bridge_collapse_84920,2026-09-27T01:22:55.879876+00:00,1.0,SEMI_SYNTHETIC
edge_22088_379698_3348,22088,379698,dfdc_syn_bridge_collapse_84920,2026-09-27T01:22:57.290987+00:00,1.0,SEMI_SYNTHETIC
edge_410383_20821_3349,410383,20821,ff_face2face_mayoral_evac_0091,2026-09-27T18:02:16.565952+00:00,1.0,SEMI_SYNTHETIC
edge_239389_35401_3350,239389,35401,crisismmd_harvey_img_49102,2026-09-27T00:14:40.970154+00:00,1.0,SEMI_SYNTHETIC
edge_102392_539663_3351,102392,539663,crisismmd_harvey_img_49102,2026-09-27T00:14:41.988920+00:00,1.0,SEMI_SYNTHETIC
edge_777441_875476_3352,777441,875476,humaid_irma_2017_001928,2026-09-27T17:33:43.187762+00:00,1.0,SEMI_SYNTHETIC
edge_525028_466333_3353,525028,466333,dfdc_syn_bridge_collapse_84920,2026-09-27T01:23:01.923609+00:00,1.0,SEMI_SYNTHETIC
edge_876176_578458_3354,876176,578458,crisislex_california_fire_81729,2026-09-27T18:53:02.085575+00:00,1.0,SEMI_SYNTHETIC
edge_898462_764121_3355,898462,764121,dfdc_syn_bridge_collapse_84920,2026-09-27T01:23:08.442984+00:00,1.0,SEMI_SYNTHETIC
edge_907503_239565_3356,907503,239565,ff_face2face_mayoral_evac_0091,2026-09-27T18:05:05.507011+00:00,1.0,SEMI_SYNTHETIC
edge_903702_571221_3357,903702,571221,humaid_irma_2017_001928,2026-09-27T17:36:35.774515+00:00,1.0,SEMI_SYNTHETIC
edge_506296_811604_3358,506296,811604,crisislex_california_fire_81729,2026-09-27T18:55:37.649648+00:00,1.0,SEMI_SYNTHETIC
edge_389170_507350_3359,389170,507350,humaid_irma_2017_001928,2026-09-27T17:38:38.381064+00:00,1.0,SEMI_SYNTHETIC
edge_534915_336734_3360,534915,336734,ff_face2face_mayoral_evac_0091,2026-09-27T18:08:01.251439+00:00,1.0,SEMI_SYNTHETIC
edge_861123_293023_3361,861123,293023,crisismmd_harvey_img_49102,2026-09-27T00:14:44.425450+00:00,1.0,SEMI_SYNTHETIC
edge_169761_433262_3362,169761,433262,humaid_irma_2017_001928,2026-09-27T17:39:40.611620+00:00,1.0,SEMI_SYNTHETIC
edge_643970_725759_3363,643970,725759,dfdc_syn_bridge_collapse_84920,2026-09-27T01:23:10.659313+00:00,1.0,SEMI_SYNTHETIC
edge_429083_651784_3364,429083,651784,crisismmd_harvey_img_49102,2026-09-27T00:14:44.918155+00:00,1.0,SEMI_SYNTHETIC
edge_115985_656081_3365,115985,656081,crisismmd_harvey_img_49102,2026-09-27T00:14:46.940627+00:00,1.0,SEMI_SYNTHETIC
edge_566999_167744_3366,566999,167744,crisislex_california_fire_81729,2026-09-27T18:57:11.469444+00:00,1.0,SEMI_SYNTHETIC
edge_246293_229955_3367,246293,229955,dfdc_syn_bridge_collapse_84920,2026-09-27T01:23:11.694613+00:00,1.0,SEMI_SYNTHETIC
edge_769185_870198_3368,769185,870198,crisislex_california_fire_81729,2026-09-27T18:59:35.591797+00:00,1.0,SEMI_SYNTHETIC
edge_434832_384723_3369,434832,384723,crisislex_california_fire_81729,2026-09-27T19:00:32.720462+00:00,1.0,SEMI_SYNTHETIC
edge_200573_663404_3370,200573,663404,humaid_irma_2017_001928,2026-09-27T17:40:49.655458+00:00,1.0,SEMI_SYNTHETIC
edge_851112_555883_3371,851112,555883,crisismmd_harvey_img_49102,2026-09-27T00:14:47.787032+00:00,1.0,SEMI_SYNTHETIC
edge_336060_56266_3372,336060,56266,dfdc_syn_bridge_collapse_84920,2026-09-27T01:23:24.779271+00:00,1.0,SEMI_SYNTHETIC
edge_159188_815984_3373,159188,815984,crisislex_california_fire_81729,2026-09-27T19:01:54.780733+00:00,1.0,SEMI_SYNTHETIC
edge_75517_228217_3374,75517,228217,crisislex_california_fire_81729,2026-09-27T19:03:10.239328+00:00,1.0,SEMI_SYNTHETIC
edge_966740_135638_3375,966740,135638,dfdc_syn_bridge_collapse_84920,2026-09-27T01:23:27.249755+00:00,1.0,SEMI_SYNTHETIC
edge_322280_661517_3376,322280,661517,humaid_irma_2017_001928,2026-09-27T17:41:14.864584+00:00,1.0,SEMI_SYNTHETIC
edge_793850_410383_3377,793850,410383,ff_face2face_mayoral_evac_0091,2026-09-27T18:10:29.510975+00:00,1.0,SEMI_SYNTHETIC
edge_937597_747852_3378,937597,747852,ff_face2face_mayoral_evac_0091,2026-09-27T18:12:49.038665+00:00,1.0,SEMI_SYNTHETIC
edge_760034_815533_3379,760034,815533,ff_face2face_mayoral_evac_0091,2026-09-27T18:15:29.336701+00:00,1.0,SEMI_SYNTHETIC
edge_308734_328832_3380,308734,328832,humaid_irma_2017_001928,2026-09-27T17:43:27.563536+00:00,1.0,SEMI_SYNTHETIC
edge_669225_176140_3381,669225,176140,ff_face2face_mayoral_evac_0091,2026-09-27T18:17:58.987554+00:00,1.0,SEMI_SYNTHETIC
edge_183695_249431_3382,183695,249431,dfdc_syn_bridge_collapse_84920,2026-09-27T01:23:41.664617+00:00,1.0,SEMI_SYNTHETIC
edge_557971_976712_3383,557971,976712,humaid_irma_2017_001928,2026-09-27T17:44:57.896738+00:00,1.0,SEMI_SYNTHETIC
edge_500679_823894_3384,500679,823894,ff_face2face_mayoral_evac_0091,2026-09-27T18:18:32.379864+00:00,1.0,SEMI_SYNTHETIC
edge_126463_410383_3385,126463,410383,ff_face2face_mayoral_evac_0091,2026-09-27T18:19:00.363080+00:00,1.0,SEMI_SYNTHETIC
edge_634659_332998_3386,634659,332998,ff_face2face_mayoral_evac_0091,2026-09-27T18:21:56.274233+00:00,1.0,SEMI_SYNTHETIC
edge_822535_44057_3387,822535,44057,crisislex_california_fire_81729,2026-09-27T19:05:07.975683+00:00,1.0,SEMI_SYNTHETIC
edge_930971_272778_3388,930971,272778,dfdc_syn_bridge_collapse_84920,2026-09-27T01:23:49.456922+00:00,1.0,SEMI_SYNTHETIC
edge_25649_270406_3389,25649,270406,humaid_irma_2017_001928,2026-09-27T17:47:40.840689+00:00,1.0,SEMI_SYNTHETIC
edge_25446_494405_3390,25446,494405,crisislex_california_fire_81729,2026-09-27T19:06:20.252872+00:00,1.0,SEMI_SYNTHETIC
edge_928908_703223_3391,928908,703223,crisismmd_harvey_img_49102,2026-09-27T00:14:49.492943+00:00,1.0,SEMI_SYNTHETIC
edge_49899_478795_3392,49899,478795,dfdc_syn_bridge_collapse_84920,2026-09-27T01:23:52.728692+00:00,1.0,SEMI_SYNTHETIC
edge_898055_432346_3393,898055,432346,ff_face2face_mayoral_evac_0091,2026-09-27T18:23:48.693253+00:00,1.0,SEMI_SYNTHETIC
edge_725798_663986_3394,725798,663986,ff_face2face_mayoral_evac_0091,2026-09-27T18:25:51.978158+00:00,1.0,SEMI_SYNTHETIC
edge_740838_290110_3395,740838,290110,ff_face2face_mayoral_evac_0091,2026-09-27T18:27:47.334595+00:00,1.0,SEMI_SYNTHETIC
edge_948107_670458_3396,948107,670458,dfdc_syn_bridge_collapse_84920,2026-09-27T01:23:54.980890+00:00,1.0,SEMI_SYNTHETIC
edge_217224_98025_3397,217224,98025,dfdc_syn_bridge_collapse_84920,2026-09-27T01:24:01.418423+00:00,1.0,SEMI_SYNTHETIC
edge_899753_916222_3398,899753,916222,crisislex_california_fire_81729,2026-09-27T19:08:40.616310+00:00,1.0,SEMI_SYNTHETIC
edge_312575_495175_3399,312575,495175,humaid_irma_2017_001928,2026-09-27T17:49:36.241162+00:00,1.0,SEMI_SYNTHETIC
edge_967218_176931_3400,967218,176931,crisismmd_harvey_img_49102,2026-09-27T00:14:50.801077+00:00,1.0,SEMI_SYNTHETIC
edge_909837_130944_3401,909837,130944,ff_face2face_mayoral_evac_0091,2026-09-27T18:29:39.451388+00:00,1.0,SEMI_SYNTHETIC
edge_764655_832215_3402,764655,832215,dfdc_syn_bridge_collapse_84920,2026-09-27T01:24:03.831499+00:00,1.0,SEMI_SYNTHETIC
edge_252313_608745_3403,252313,608745,crisislex_california_fire_81729,2026-09-27T19:11:38.773808+00:00,1.0,SEMI_SYNTHETIC
edge_108012_167744_3404,108012,167744,crisislex_california_fire_81729,2026-09-27T19:14:15.399108+00:00,1.0,SEMI_SYNTHETIC
edge_451042_292324_3405,451042,292324,humaid_irma_2017_001928,2026-09-27T17:52:05.672676+00:00,1.0,SEMI_SYNTHETIC
edge_907080_284719_3406,907080,284719,dfdc_syn_bridge_collapse_84920,2026-09-27T01:24:11.699675+00:00,1.0,SEMI_SYNTHETIC
edge_153461_155936_3407,153461,155936,crisismmd_harvey_img_49102,2026-09-27T00:14:52.034978+00:00,1.0,SEMI_SYNTHETIC
edge_150494_288172_3408,150494,288172,humaid_irma_2017_001928,2026-09-27T17:54:49.664258+00:00,1.0,SEMI_SYNTHETIC
edge_389878_979022_3409,389878,979022,crisismmd_harvey_img_49102,2026-09-27T00:14:53.971162+00:00,1.0,SEMI_SYNTHETIC
edge_494295_195691_3410,494295,195691,ff_face2face_mayoral_evac_0091,2026-09-27T18:32:14.645316+00:00,1.0,SEMI_SYNTHETIC
edge_805217_227264_3411,805217,227264,ff_face2face_mayoral_evac_0091,2026-09-27T18:32:27.851649+00:00,1.0,SEMI_SYNTHETIC
edge_158212_927657_3412,158212,927657,crisismmd_harvey_img_49102,2026-09-27T00:14:55.923246+00:00,1.0,SEMI_SYNTHETIC
edge_877078_383838_3413,877078,383838,humaid_irma_2017_001928,2026-09-27T17:56:14.726559+00:00,1.0,SEMI_SYNTHETIC
edge_567379_766041_3414,567379,766041,humaid_irma_2017_001928,2026-09-27T17:57:26.207705+00:00,1.0,SEMI_SYNTHETIC
edge_520316_843862_3415,520316,843862,dfdc_syn_bridge_collapse_84920,2026-09-27T01:24:19.435837+00:00,1.0,SEMI_SYNTHETIC
edge_871235_197664_3416,871235,197664,dfdc_syn_bridge_collapse_84920,2026-09-27T01:24:27.856905+00:00,1.0,SEMI_SYNTHETIC
edge_411942_13425_3417,411942,13425,crisismmd_harvey_img_49102,2026-09-27T00:14:57.231058+00:00,1.0,SEMI_SYNTHETIC
edge_432394_15296_3418,432394,15296,crisislex_california_fire_81729,2026-09-27T19:14:54.768023+00:00,1.0,SEMI_SYNTHETIC
edge_480490_687693_3419,480490,687693,ff_face2face_mayoral_evac_0091,2026-09-27T18:33:09.460853+00:00,1.0,SEMI_SYNTHETIC
edge_160802_837614_3420,160802,837614,crisismmd_harvey_img_49102,2026-09-27T00:14:57.657714+00:00,1.0,SEMI_SYNTHETIC
edge_771925_794490_3421,771925,794490,humaid_irma_2017_001928,2026-09-27T18:00:02.351060+00:00,1.0,SEMI_SYNTHETIC
edge_141470_805466_3422,141470,805466,ff_face2face_mayoral_evac_0091,2026-09-27T18:34:40.361812+00:00,1.0,SEMI_SYNTHETIC
edge_64649_417923_3423,64649,417923,crisislex_california_fire_81729,2026-09-27T19:16:18.078377+00:00,1.0,SEMI_SYNTHETIC
edge_630045_664382_3424,630045,664382,humaid_irma_2017_001928,2026-09-27T18:02:27.897348+00:00,1.0,SEMI_SYNTHETIC
edge_282323_666971_3425,282323,666971,dfdc_syn_bridge_collapse_84920,2026-09-27T01:24:29.662386+00:00,1.0,SEMI_SYNTHETIC
edge_507303_50448_3426,507303,50448,humaid_irma_2017_001928,2026-09-27T18:04:34.739056+00:00,1.0,SEMI_SYNTHETIC
edge_905226_440670_3427,905226,440670,ff_face2face_mayoral_evac_0091,2026-09-27T18:36:56.536442+00:00,1.0,SEMI_SYNTHETIC
edge_441482_936280_3428,441482,936280,crisismmd_harvey_img_49102,2026-09-27T00:14:59.621342+00:00,1.0,SEMI_SYNTHETIC
edge_370984_154207_3429,370984,154207,ff_face2face_mayoral_evac_0091,2026-09-27T18:38:31.569018+00:00,1.0,SEMI_SYNTHETIC
edge_881548_615050_3430,881548,615050,ff_face2face_mayoral_evac_0091,2026-09-27T18:41:06.160542+00:00,1.0,SEMI_SYNTHETIC
edge_795990_113479_3431,795990,113479,crisismmd_harvey_img_49102,2026-09-27T00:15:00.074532+00:00,1.0,SEMI_SYNTHETIC
edge_193963_141470_3432,193963,141470,ff_face2face_mayoral_evac_0091,2026-09-27T18:43:20.029804+00:00,1.0,SEMI_SYNTHETIC
edge_880456_852127_3433,880456,852127,dfdc_syn_bridge_collapse_84920,2026-09-27T01:24:37.412421+00:00,1.0,SEMI_SYNTHETIC
edge_453478_760328_3434,453478,760328,ff_face2face_mayoral_evac_0091,2026-09-27T18:44:42.437287+00:00,1.0,SEMI_SYNTHETIC
edge_312986_588874_3435,312986,588874,crisismmd_harvey_img_49102,2026-09-27T00:15:00.552807+00:00,1.0,SEMI_SYNTHETIC
edge_194257_290028_3436,194257,290028,crisislex_california_fire_81729,2026-09-27T19:17:36.783591+00:00,1.0,SEMI_SYNTHETIC
edge_206272_179690_3437,206272,179690,ff_face2face_mayoral_evac_0091,2026-09-27T18:47:34.847452+00:00,1.0,SEMI_SYNTHETIC
edge_24590_704939_3438,24590,704939,dfdc_syn_bridge_collapse_84920,2026-09-27T01:24:48.868704+00:00,1.0,SEMI_SYNTHETIC
edge_73491_513683_3439,73491,513683,crisismmd_harvey_img_49102,2026-09-27T00:15:01.095330+00:00,1.0,SEMI_SYNTHETIC
edge_855386_12805_3440,855386,12805,humaid_irma_2017_001928,2026-09-27T18:07:12.358817+00:00,1.0,SEMI_SYNTHETIC
edge_728537_78872_3441,728537,78872,ff_face2face_mayoral_evac_0091,2026-09-27T18:50:21.902105+00:00,1.0,SEMI_SYNTHETIC
edge_885698_688684_3442,885698,688684,humaid_irma_2017_001928,2026-09-27T18:08:11.863718+00:00,1.0,SEMI_SYNTHETIC
edge_914947_874446_3443,914947,874446,crisismmd_harvey_img_49102,2026-09-27T00:15:03.395699+00:00,1.0,SEMI_SYNTHETIC
edge_970369_725759_3444,970369,725759,dfdc_syn_bridge_collapse_84920,2026-09-27T01:24:57.753524+00:00,1.0,SEMI_SYNTHETIC
edge_282744_685127_3445,282744,685127,crisislex_california_fire_81729,2026-09-27T19:18:24.573299+00:00,1.0,SEMI_SYNTHETIC
edge_124007_234754_3446,124007,234754,crisismmd_harvey_img_49102,2026-09-27T00:15:04.973576+00:00,1.0,SEMI_SYNTHETIC
edge_804936_103724_3447,804936,103724,dfdc_syn_bridge_collapse_84920,2026-09-27T01:25:09.087765+00:00,1.0,SEMI_SYNTHETIC
edge_872187_178734_3448,872187,178734,crisislex_california_fire_81729,2026-09-27T19:21:00.973727+00:00,1.0,SEMI_SYNTHETIC
edge_72389_934166_3449,72389,934166,crisismmd_harvey_img_49102,2026-09-27T00:15:06.638898+00:00,1.0,SEMI_SYNTHETIC
edge_874092_566624_3450,874092,566624,ff_face2face_mayoral_evac_0091,2026-09-27T18:52:34.051576+00:00,1.0,SEMI_SYNTHETIC
edge_523017_550882_3451,523017,550882,dfdc_syn_bridge_collapse_84920,2026-09-27T01:25:17.829272+00:00,1.0,SEMI_SYNTHETIC
edge_910897_7912_3452,910897,7912,crisislex_california_fire_81729,2026-09-27T19:22:14.491634+00:00,1.0,SEMI_SYNTHETIC
edge_800141_513683_3453,800141,513683,crisismmd_harvey_img_49102,2026-09-27T00:15:08.697453+00:00,1.0,SEMI_SYNTHETIC
edge_602492_150494_3454,602492,150494,humaid_irma_2017_001928,2026-09-27T18:08:50.703565+00:00,1.0,SEMI_SYNTHETIC
edge_824355_120790_3455,824355,120790,dfdc_syn_bridge_collapse_84920,2026-09-27T01:25:27.159578+00:00,1.0,SEMI_SYNTHETIC
edge_281631_968449_3456,281631,968449,crisismmd_harvey_img_49102,2026-09-27T00:15:10.914533+00:00,1.0,SEMI_SYNTHETIC
edge_211775_63190_3457,211775,63190,humaid_irma_2017_001928,2026-09-27T18:10:40.116434+00:00,1.0,SEMI_SYNTHETIC
edge_52715_521560_3458,52715,521560,dfdc_syn_bridge_collapse_84920,2026-09-27T01:25:28.251426+00:00,1.0,SEMI_SYNTHETIC
edge_129036_728299_3459,129036,728299,crisismmd_harvey_img_49102,2026-09-27T00:15:13.188617+00:00,1.0,SEMI_SYNTHETIC
edge_906864_344165_3460,906864,344165,dfdc_syn_bridge_collapse_84920,2026-09-27T01:25:43.101774+00:00,1.0,SEMI_SYNTHETIC
edge_664082_866526_3461,664082,866526,crisislex_california_fire_81729,2026-09-27T19:24:42.728729+00:00,1.0,SEMI_SYNTHETIC
edge_973784_568271_3462,973784,568271,dfdc_syn_bridge_collapse_84920,2026-09-27T01:25:46.800247+00:00,1.0,SEMI_SYNTHETIC
edge_601743_211939_3463,601743,211939,ff_face2face_mayoral_evac_0091,2026-09-27T18:53:06.536235+00:00,1.0,SEMI_SYNTHETIC
edge_799219_648576_3464,799219,648576,crisislex_california_fire_81729,2026-09-27T19:27:42.698337+00:00,1.0,SEMI_SYNTHETIC
edge_421903_615659_3465,421903,615659,dfdc_syn_bridge_collapse_84920,2026-09-27T01:26:00.116101+00:00,1.0,SEMI_SYNTHETIC
edge_159571_926578_3466,159571,926578,crisislex_california_fire_81729,2026-09-27T19:29:34.892729+00:00,1.0,SEMI_SYNTHETIC
edge_626560_334785_3467,626560,334785,ff_face2face_mayoral_evac_0091,2026-09-27T18:54:24.789280+00:00,1.0,SEMI_SYNTHETIC
edge_822514_171621_3468,822514,171621,dfdc_syn_bridge_collapse_84920,2026-09-27T01:26:02.034032+00:00,1.0,SEMI_SYNTHETIC
edge_845536_546561_3469,845536,546561,humaid_irma_2017_001928,2026-09-27T18:12:26.397160+00:00,1.0,SEMI_SYNTHETIC
edge_515012_424515_3470,515012,424515,dfdc_syn_bridge_collapse_84920,2026-09-27T01:26:05.565393+00:00,1.0,SEMI_SYNTHETIC
edge_343973_573539_3471,343973,573539,ff_face2face_mayoral_evac_0091,2026-09-27T18:54:56.567782+00:00,1.0,SEMI_SYNTHETIC
edge_950886_672951_3472,950886,672951,crisislex_california_fire_81729,2026-09-27T19:31:31.917132+00:00,1.0,SEMI_SYNTHETIC
edge_37734_35882_3473,37734,35882,humaid_irma_2017_001928,2026-09-27T18:15:07.757720+00:00,1.0,SEMI_SYNTHETIC
edge_340726_289737_3474,340726,289737,crisislex_california_fire_81729,2026-09-27T19:32:08.834795+00:00,1.0,SEMI_SYNTHETIC
edge_381020_327776_3475,381020,327776,crisismmd_harvey_img_49102,2026-09-27T00:15:13.435220+00:00,1.0,SEMI_SYNTHETIC
edge_764760_610665_3476,764760,610665,crisismmd_harvey_img_49102,2026-09-27T00:15:14.386322+00:00,1.0,SEMI_SYNTHETIC
edge_892183_216198_3477,892183,216198,humaid_irma_2017_001928,2026-09-27T18:16:56.678457+00:00,1.0,SEMI_SYNTHETIC
edge_283603_207471_3478,283603,207471,ff_face2face_mayoral_evac_0091,2026-09-27T18:56:29.037241+00:00,1.0,SEMI_SYNTHETIC
edge_107962_257678_3479,107962,257678,dfdc_syn_bridge_collapse_84920,2026-09-27T01:26:11.806457+00:00,1.0,SEMI_SYNTHETIC
edge_839651_885849_3480,839651,885849,dfdc_syn_bridge_collapse_84920,2026-09-27T01:26:22.721201+00:00,1.0,SEMI_SYNTHETIC
edge_516569_256525_3481,516569,256525,dfdc_syn_bridge_collapse_84920,2026-09-27T01:26:34.024554+00:00,1.0,SEMI_SYNTHETIC
edge_229120_518512_3482,229120,518512,ff_face2face_mayoral_evac_0091,2026-09-27T18:58:02.797823+00:00,1.0,SEMI_SYNTHETIC
edge_109903_156638_3483,109903,156638,dfdc_syn_bridge_collapse_84920,2026-09-27T01:26:43.269318+00:00,1.0,SEMI_SYNTHETIC
edge_707840_624068_3484,707840,624068,crisislex_california_fire_81729,2026-09-27T19:34:59.103320+00:00,1.0,SEMI_SYNTHETIC
edge_537912_362508_3485,537912,362508,ff_face2face_mayoral_evac_0091,2026-09-27T18:58:59.537133+00:00,1.0,SEMI_SYNTHETIC
edge_822476_962086_3486,822476,962086,crisismmd_harvey_img_49102,2026-09-27T00:15:16.250900+00:00,1.0,SEMI_SYNTHETIC
edge_28863_913855_3487,28863,913855,ff_face2face_mayoral_evac_0091,2026-09-27T19:01:10.339382+00:00,1.0,SEMI_SYNTHETIC
edge_390017_677137_3488,390017,677137,crisismmd_harvey_img_49102,2026-09-27T00:15:17.305857+00:00,1.0,SEMI_SYNTHETIC
edge_94046_439131_3489,94046,439131,dfdc_syn_bridge_collapse_84920,2026-09-27T01:26:56.341008+00:00,1.0,SEMI_SYNTHETIC
edge_19041_271993_3490,19041,271993,ff_face2face_mayoral_evac_0091,2026-09-27T19:01:49.030793+00:00,1.0,SEMI_SYNTHETIC
edge_435443_769185_3491,435443,769185,crisislex_california_fire_81729,2026-09-27T19:35:40.272996+00:00,1.0,SEMI_SYNTHETIC
edge_807420_411393_3492,807420,411393,crisismmd_harvey_img_49102,2026-09-27T00:15:18.479190+00:00,1.0,SEMI_SYNTHETIC
edge_267618_531429_3493,267618,531429,dfdc_syn_bridge_collapse_84920,2026-09-27T01:27:06.386675+00:00,1.0,SEMI_SYNTHETIC
edge_836341_164684_3494,836341,164684,humaid_irma_2017_001928,2026-09-27T18:17:55.548954+00:00,1.0,SEMI_SYNTHETIC
edge_150906_864064_3495,150906,864064,ff_face2face_mayoral_evac_0091,2026-09-27T19:03:06.082022+00:00,1.0,SEMI_SYNTHETIC
edge_618921_546561_3496,618921,546561,humaid_irma_2017_001928,2026-09-27T18:18:50.135908+00:00,1.0,SEMI_SYNTHETIC
edge_51249_706590_3497,51249,706590,dfdc_syn_bridge_collapse_84920,2026-09-27T01:27:09.978237+00:00,1.0,SEMI_SYNTHETIC
edge_240273_31053_3498,240273,31053,dfdc_syn_bridge_collapse_84920,2026-09-27T01:27:19.581562+00:00,1.0,SEMI_SYNTHETIC
edge_886980_799759_3499,886980,799759,dfdc_syn_bridge_collapse_84920,2026-09-27T01:27:28.123968+00:00,1.0,SEMI_SYNTHETIC
edge_450267_452374_3500,450267,452374,humaid_irma_2017_001928,2026-09-27T18:21:41.574318+00:00,1.0,SEMI_SYNTHETIC
edge_429403_277729_3501,429403,277729,crisislex_california_fire_81729,2026-09-27T19:36:14.679244+00:00,1.0,SEMI_SYNTHETIC
edge_467102_769782_3502,467102,769782,humaid_irma_2017_001928,2026-09-27T18:24:28.564027+00:00,1.0,SEMI_SYNTHETIC
edge_20824_728537_3503,20824,728537,ff_face2face_mayoral_evac_0091,2026-09-27T19:04:03.916655+00:00,1.0,SEMI_SYNTHETIC
edge_104509_610665_3504,104509,610665,crisismmd_harvey_img_49102,2026-09-27T00:15:19.127036+00:00,1.0,SEMI_SYNTHETIC
edge_225572_329885_3505,225572,329885,ff_face2face_mayoral_evac_0091,2026-09-27T19:06:05.952568+00:00,1.0,SEMI_SYNTHETIC
edge_281555_839651_3506,281555,839651,dfdc_syn_bridge_collapse_84920,2026-09-27T01:27:40.134978+00:00,1.0,SEMI_SYNTHETIC
edge_417989_589577_3507,417989,589577,humaid_irma_2017_001928,2026-09-27T18:27:22.613619+00:00,1.0,SEMI_SYNTHETIC
edge_496457_13425_3508,496457,13425,crisismmd_harvey_img_49102,2026-09-27T00:15:19.506166+00:00,1.0,SEMI_SYNTHETIC
edge_452488_768510_3509,452488,768510,ff_face2face_mayoral_evac_0091,2026-09-27T19:07:44.923581+00:00,1.0,SEMI_SYNTHETIC
edge_57188_772008_3510,57188,772008,dfdc_syn_bridge_collapse_84920,2026-09-27T01:27:52.195526+00:00,1.0,SEMI_SYNTHETIC
edge_546448_265652_3511,546448,265652,ff_face2face_mayoral_evac_0091,2026-09-27T19:10:12.428420+00:00,1.0,SEMI_SYNTHETIC
edge_655394_619058_3512,655394,619058,humaid_irma_2017_001928,2026-09-27T18:30:22.274538+00:00,1.0,SEMI_SYNTHETIC
edge_597582_539435_3513,597582,539435,dfdc_syn_bridge_collapse_84920,2026-09-27T01:27:57.392442+00:00,1.0,SEMI_SYNTHETIC
edge_239663_848295_3514,239663,848295,crisismmd_harvey_img_49102,2026-09-27T00:15:20.246027+00:00,1.0,SEMI_SYNTHETIC
edge_610414_511989_3515,610414,511989,ff_face2face_mayoral_evac_0091,2026-09-27T19:12:35.182235+00:00,1.0,SEMI_SYNTHETIC
edge_820246_575148_3516,820246,575148,crisislex_california_fire_81729,2026-09-27T19:38:34.024678+00:00,1.0,SEMI_SYNTHETIC
edge_605402_656233_3517,605402,656233,dfdc_syn_bridge_collapse_84920,2026-09-27T01:28:03.691447+00:00,1.0,SEMI_SYNTHETIC
edge_76290_141470_3518,76290,141470,ff_face2face_mayoral_evac_0091,2026-09-27T19:13:14.584857+00:00,1.0,SEMI_SYNTHETIC
edge_938657_272111_3519,938657,272111,humaid_irma_2017_001928,2026-09-27T18:32:13.529959+00:00,1.0,SEMI_SYNTHETIC
edge_346893_555883_3520,346893,555883,crisismmd_harvey_img_49102,2026-09-27T00:15:20.764542+00:00,1.0,SEMI_SYNTHETIC
edge_510124_608939_3521,510124,608939,crisislex_california_fire_81729,2026-09-27T19:38:46.745263+00:00,1.0,SEMI_SYNTHETIC
edge_675941_224007_3522,675941,224007,crisismmd_harvey_img_49102,2026-09-27T00:15:22.477250+00:00,1.0,SEMI_SYNTHETIC
edge_299204_664382_3523,299204,664382,humaid_irma_2017_001928,2026-09-27T18:33:13.441962+00:00,1.0,SEMI_SYNTHETIC
edge_894202_521187_3524,894202,521187,humaid_irma_2017_001928,2026-09-27T18:34:30.792442+00:00,1.0,SEMI_SYNTHETIC
edge_147755_911102_3525,147755,911102,crisismmd_harvey_img_49102,2026-09-27T00:15:24.685579+00:00,1.0,SEMI_SYNTHETIC
edge_701139_150440_3526,701139,150440,ff_face2face_mayoral_evac_0091,2026-09-27T19:15:32.937979+00:00,1.0,SEMI_SYNTHETIC
edge_45188_606964_3527,45188,606964,humaid_irma_2017_001928,2026-09-27T18:36:09.101869+00:00,1.0,SEMI_SYNTHETIC
edge_894078_92423_3528,894078,92423,dfdc_syn_bridge_collapse_84920,2026-09-27T01:28:11.030808+00:00,1.0,SEMI_SYNTHETIC
edge_892122_785643_3529,892122,785643,crisislex_california_fire_81729,2026-09-27T19:39:49.116386+00:00,1.0,SEMI_SYNTHETIC
edge_799471_869868_3530,799471,869868,ff_face2face_mayoral_evac_0091,2026-09-27T19:15:46.411737+00:00,1.0,SEMI_SYNTHETIC
edge_289979_185161_3531,289979,185161,humaid_irma_2017_001928,2026-09-27T18:37:16.470227+00:00,1.0,SEMI_SYNTHETIC
edge_685924_777712_3532,685924,777712,crisislex_california_fire_81729,2026-09-27T19:41:25.679715+00:00,1.0,SEMI_SYNTHETIC
edge_988338_508357_3533,988338,508357,dfdc_syn_bridge_collapse_84920,2026-09-27T01:28:12.342352+00:00,1.0,SEMI_SYNTHETIC
edge_683576_868545_3534,683576,868545,dfdc_syn_bridge_collapse_84920,2026-09-27T01:28:19.231168+00:00,1.0,SEMI_SYNTHETIC
edge_688473_506159_3535,688473,506159,humaid_irma_2017_001928,2026-09-27T18:39:10.902649+00:00,1.0,SEMI_SYNTHETIC
edge_857603_800141_3536,857603,800141,crisismmd_harvey_img_49102,2026-09-27T00:15:25.308851+00:00,1.0,SEMI_SYNTHETIC
edge_329480_132994_3537,329480,132994,ff_face2face_mayoral_evac_0091,2026-09-27T19:17:16.435530+00:00,1.0,SEMI_SYNTHETIC
edge_429225_552084_3538,429225,552084,dfdc_syn_bridge_collapse_84920,2026-09-27T01:28:29.980426+00:00,1.0,SEMI_SYNTHETIC
edge_677733_625643_3539,677733,625643,crisismmd_harvey_img_49102,2026-09-27T00:15:27.326019+00:00,1.0,SEMI_SYNTHETIC
edge_285106_32399_3540,285106,32399,dfdc_syn_bridge_collapse_84920,2026-09-27T01:28:32.926411+00:00,1.0,SEMI_SYNTHETIC
edge_916303_344217_3541,916303,344217,crisislex_california_fire_81729,2026-09-27T19:42:47.519581+00:00,1.0,SEMI_SYNTHETIC
edge_809577_578573_3542,809577,578573,ff_face2face_mayoral_evac_0091,2026-09-27T19:17:31.491253+00:00,1.0,SEMI_SYNTHETIC
edge_210967_795339_3543,210967,795339,dfdc_syn_bridge_collapse_84920,2026-09-27T01:28:42.016737+00:00,1.0,SEMI_SYNTHETIC
edge_93982_831665_3544,93982,831665,crisislex_california_fire_81729,2026-09-27T19:44:36.349816+00:00,1.0,SEMI_SYNTHETIC
edge_599144_239082_3545,599144,239082,crisislex_california_fire_81729,2026-09-27T19:47:05.138001+00:00,1.0,SEMI_SYNTHETIC
edge_104830_423316_3546,104830,423316,crisismmd_harvey_img_49102,2026-09-27T00:15:29.743880+00:00,1.0,SEMI_SYNTHETIC
edge_285161_298016_3547,285161,298016,humaid_irma_2017_001928,2026-09-27T18:40:51.664537+00:00,1.0,SEMI_SYNTHETIC
edge_730333_697894_3548,730333,697894,crisislex_california_fire_81729,2026-09-27T19:48:04.767245+00:00,1.0,SEMI_SYNTHETIC
edge_327180_379221_3549,327180,379221,dfdc_syn_bridge_collapse_84920,2026-09-27T01:28:56.631403+00:00,1.0,SEMI_SYNTHETIC
edge_650151_575148_3550,650151,575148,crisislex_california_fire_81729,2026-09-27T19:50:12.463171+00:00,1.0,SEMI_SYNTHETIC
edge_656898_73648_3551,656898,73648,ff_face2face_mayoral_evac_0091,2026-09-27T19:17:46.044542+00:00,1.0,SEMI_SYNTHETIC
edge_566271_366470_3552,566271,366470,crisislex_california_fire_81729,2026-09-27T19:51:37.125336+00:00,1.0,SEMI_SYNTHETIC
edge_834547_201999_3553,834547,201999,crisismmd_harvey_img_49102,2026-09-27T00:15:30.400681+00:00,1.0,SEMI_SYNTHETIC
edge_498540_836341_3554,498540,836341,humaid_irma_2017_001928,2026-09-27T18:43:00.218242+00:00,1.0,SEMI_SYNTHETIC
edge_674815_452374_3555,674815,452374,humaid_irma_2017_001928,2026-09-27T18:44:20.646740+00:00,1.0,SEMI_SYNTHETIC
edge_563337_504299_3556,563337,504299,crisismmd_harvey_img_49102,2026-09-27T00:15:32.092658+00:00,1.0,SEMI_SYNTHETIC
edge_975746_675181_3557,975746,675181,humaid_irma_2017_001928,2026-09-27T18:44:48.149285+00:00,1.0,SEMI_SYNTHETIC
edge_11544_657703_3558,11544,657703,dfdc_syn_bridge_collapse_84920,2026-09-27T01:29:10.248938+00:00,1.0,SEMI_SYNTHETIC
edge_173657_278355_3559,173657,278355,ff_face2face_mayoral_evac_0091,2026-09-27T19:20:07.745356+00:00,1.0,SEMI_SYNTHETIC
edge_548105_389332_3560,548105,389332,crisismmd_harvey_img_49102,2026-09-27T00:15:32.294733+00:00,1.0,SEMI_SYNTHETIC
edge_177073_132629_3561,177073,132629,humaid_irma_2017_001928,2026-09-27T18:46:26.138121+00:00,1.0,SEMI_SYNTHETIC
edge_692918_167744_3562,692918,167744,crisislex_california_fire_81729,2026-09-27T19:52:15.278084+00:00,1.0,SEMI_SYNTHETIC
edge_702598_412586_3563,702598,412586,crisismmd_harvey_img_49102,2026-09-27T00:15:34.393750+00:00,1.0,SEMI_SYNTHETIC
edge_602389_270702_3564,602389,270702,ff_face2face_mayoral_evac_0091,2026-09-27T19:20:42.787234+00:00,1.0,SEMI_SYNTHETIC
edge_12288_406267_3565,12288,406267,ff_face2face_mayoral_evac_0091,2026-09-27T19:22:40.116033+00:00,1.0,SEMI_SYNTHETIC
edge_189820_879793_3566,189820,879793,crisislex_california_fire_81729,2026-09-27T19:54:21.799988+00:00,1.0,SEMI_SYNTHETIC
edge_149952_306578_3567,149952,306578,ff_face2face_mayoral_evac_0091,2026-09-27T19:23:56.741264+00:00,1.0,SEMI_SYNTHETIC
edge_977657_824355_3568,977657,824355,dfdc_syn_bridge_collapse_84920,2026-09-27T01:29:19.997544+00:00,1.0,SEMI_SYNTHETIC
edge_670827_456087_3569,670827,456087,crisismmd_harvey_img_49102,2026-09-27T00:15:35.167216+00:00,1.0,SEMI_SYNTHETIC
edge_95168_296728_3570,95168,296728,crisismmd_harvey_img_49102,2026-09-27T00:15:36.068835+00:00,1.0,SEMI_SYNTHETIC
edge_180190_653644_3571,180190,653644,crisismmd_harvey_img_49102,2026-09-27T00:15:38.114050+00:00,1.0,SEMI_SYNTHETIC
edge_994390_286477_3572,994390,286477,crisismmd_harvey_img_49102,2026-09-27T00:15:38.729929+00:00,1.0,SEMI_SYNTHETIC
edge_963651_98049_3573,963651,98049,dfdc_syn_bridge_collapse_84920,2026-09-27T01:29:27.416955+00:00,1.0,SEMI_SYNTHETIC
edge_272065_805217_3574,272065,805217,ff_face2face_mayoral_evac_0091,2026-09-27T19:25:15.603003+00:00,1.0,SEMI_SYNTHETIC
edge_403669_342420_3575,403669,342420,ff_face2face_mayoral_evac_0091,2026-09-27T19:25:25.733760+00:00,1.0,SEMI_SYNTHETIC
edge_278269_180190_3576,278269,180190,crisismmd_harvey_img_49102,2026-09-27T00:15:38.930798+00:00,1.0,SEMI_SYNTHETIC
edge_722685_926403_3577,722685,926403,humaid_irma_2017_001928,2026-09-27T18:48:35.123216+00:00,1.0,SEMI_SYNTHETIC
edge_583344_791393_3578,583344,791393,dfdc_syn_bridge_collapse_84920,2026-09-27T01:29:40.648810+00:00,1.0,SEMI_SYNTHETIC
edge_552921_640794_3579,552921,640794,crisismmd_harvey_img_49102,2026-09-27T00:15:41.129066+00:00,1.0,SEMI_SYNTHETIC
edge_458672_142315_3580,458672,142315,ff_face2face_mayoral_evac_0091,2026-09-27T19:26:45.623119+00:00,1.0,SEMI_SYNTHETIC
edge_437559_236093_3581,437559,236093,ff_face2face_mayoral_evac_0091,2026-09-27T19:29:12.778640+00:00,1.0,SEMI_SYNTHETIC
edge_965641_919643_3582,965641,919643,humaid_irma_2017_001928,2026-09-27T18:49:07.112336+00:00,1.0,SEMI_SYNTHETIC
edge_644212_454420_3583,644212,454420,dfdc_syn_bridge_collapse_84920,2026-09-27T01:29:43.537248+00:00,1.0,SEMI_SYNTHETIC
edge_21617_966740_3584,21617,966740,dfdc_syn_bridge_collapse_84920,2026-09-27T01:29:46.858246+00:00,1.0,SEMI_SYNTHETIC
edge_438009_453745_3585,438009,453745,ff_face2face_mayoral_evac_0091,2026-09-27T19:29:35.132788+00:00,1.0,SEMI_SYNTHETIC
edge_871007_681176_3586,871007,681176,crisismmd_harvey_img_49102,2026-09-27T00:15:42.133759+00:00,1.0,SEMI_SYNTHETIC
edge_346190_923172_3587,346190,923172,crisislex_california_fire_81729,2026-09-27T19:56:46.291328+00:00,1.0,SEMI_SYNTHETIC
edge_754610_708687_3588,754610,708687,ff_face2face_mayoral_evac_0091,2026-09-27T19:32:12.210211+00:00,1.0,SEMI_SYNTHETIC
edge_325734_591395_3589,325734,591395,crisislex_california_fire_81729,2026-09-27T19:57:28.130808+00:00,1.0,SEMI_SYNTHETIC
edge_862595_267874_3590,862595,267874,crisismmd_harvey_img_49102,2026-09-27T00:15:43.494219+00:00,1.0,SEMI_SYNTHETIC
edge_98749_688506_3591,98749,688506,crisismmd_harvey_img_49102,2026-09-27T00:15:44.074560+00:00,1.0,SEMI_SYNTHETIC
edge_321941_233788_3592,321941,233788,dfdc_syn_bridge_collapse_84920,2026-09-27T01:29:53.492559+00:00,1.0,SEMI_SYNTHETIC
edge_793278_426385_3593,793278,426385,ff_face2face_mayoral_evac_0091,2026-09-27T19:35:00.301073+00:00,1.0,SEMI_SYNTHETIC
edge_776602_123609_3594,776602,123609,crisismmd_harvey_img_49102,2026-09-27T00:15:45.953419+00:00,1.0,SEMI_SYNTHETIC
edge_860948_881051_3595,860948,881051,humaid_irma_2017_001928,2026-09-27T18:49:54.125953+00:00,1.0,SEMI_SYNTHETIC
edge_148826_551358_3596,148826,551358,crisismmd_harvey_img_49102,2026-09-27T00:15:46.418953+00:00,1.0,SEMI_SYNTHETIC
edge_321555_108012_3597,321555,108012,crisislex_california_fire_81729,2026-09-27T19:59:09.955660+00:00,1.0,SEMI_SYNTHETIC
edge_168682_183695_3598,168682,183695,dfdc_syn_bridge_collapse_84920,2026-09-27T01:29:58.648480+00:00,1.0,SEMI_SYNTHETIC
edge_987784_211332_3599,987784,211332,dfdc_syn_bridge_collapse_84920,2026-09-27T01:30:02.917931+00:00,1.0,SEMI_SYNTHETIC
edge_999097_591868_3600,999097,591868,ff_face2face_mayoral_evac_0091,2026-09-27T19:36:23.079288+00:00,1.0,SEMI_SYNTHETIC
edge_975966_564842_3601,975966,564842,crisislex_california_fire_81729,2026-09-27T20:00:28.071051+00:00,1.0,SEMI_SYNTHETIC
edge_148106_188169_3602,148106,188169,humaid_irma_2017_001928,2026-09-27T18:51:54.461903+00:00,1.0,SEMI_SYNTHETIC
edge_480359_684498_3603,480359,684498,humaid_irma_2017_001928,2026-09-27T18:53:25.017775+00:00,1.0,SEMI_SYNTHETIC
edge_513622_224498_3604,513622,224498,ff_face2face_mayoral_evac_0091,2026-09-27T19:36:50.164975+00:00,1.0,SEMI_SYNTHETIC
edge_524591_508312_3605,524591,508312,crisismmd_harvey_img_49102,2026-09-27T00:15:48.557931+00:00,1.0,SEMI_SYNTHETIC
edge_515583_683576_3606,515583,683576,dfdc_syn_bridge_collapse_84920,2026-09-27T01:30:08.369758+00:00,1.0,SEMI_SYNTHETIC
edge_524003_497192_3607,524003,497192,crisismmd_harvey_img_49102,2026-09-27T00:15:50.698940+00:00,1.0,SEMI_SYNTHETIC
edge_246722_629482_3608,246722,629482,dfdc_syn_bridge_collapse_84920,2026-09-27T01:30:10.395602+00:00,1.0,SEMI_SYNTHETIC
edge_738770_199179_3609,738770,199179,crisislex_california_fire_81729,2026-09-27T20:02:47.576227+00:00,1.0,SEMI_SYNTHETIC
edge_217907_678933_3610,217907,678933,crisislex_california_fire_81729,2026-09-27T20:05:04.092071+00:00,1.0,SEMI_SYNTHETIC
edge_859729_904640_3611,859729,904640,dfdc_syn_bridge_collapse_84920,2026-09-27T01:30:14.335143+00:00,1.0,SEMI_SYNTHETIC
edge_10089_234754_3612,10089,234754,crisismmd_harvey_img_49102,2026-09-27T00:15:51.459088+00:00,1.0,SEMI_SYNTHETIC
edge_918068_215803_3613,918068,215803,ff_face2face_mayoral_evac_0091,2026-09-27T19:38:13.477800+00:00,1.0,SEMI_SYNTHETIC
edge_443626_165287_3614,443626,165287,dfdc_syn_bridge_collapse_84920,2026-09-27T01:30:19.748128+00:00,1.0,SEMI_SYNTHETIC
edge_594437_265570_3615,594437,265570,crisislex_california_fire_81729,2026-09-27T20:05:26.211786+00:00,1.0,SEMI_SYNTHETIC
edge_915841_102392_3616,915841,102392,crisismmd_harvey_img_49102,2026-09-27T00:15:51.774676+00:00,1.0,SEMI_SYNTHETIC
edge_48838_186214_3617,48838,186214,crisismmd_harvey_img_49102,2026-09-27T00:15:52.062973+00:00,1.0,SEMI_SYNTHETIC
edge_373139_760800_3618,373139,760800,humaid_irma_2017_001928,2026-09-27T18:55:09.936322+00:00,1.0,SEMI_SYNTHETIC
edge_283229_462476_3619,283229,462476,humaid_irma_2017_001928,2026-09-27T18:57:23.852681+00:00,1.0,SEMI_SYNTHETIC
edge_132655_799558_3620,132655,799558,crisislex_california_fire_81729,2026-09-27T20:06:42.919890+00:00,1.0,SEMI_SYNTHETIC
edge_308903_126970_3621,308903,126970,humaid_irma_2017_001928,2026-09-27T18:59:23.776799+00:00,1.0,SEMI_SYNTHETIC
edge_946156_648328_3622,946156,648328,dfdc_syn_bridge_collapse_84920,2026-09-27T01:30:33.239778+00:00,1.0,SEMI_SYNTHETIC
edge_977960_744831_3623,977960,744831,crisislex_california_fire_81729,2026-09-27T20:07:39.889433+00:00,1.0,SEMI_SYNTHETIC
edge_724051_427143_3624,724051,427143,crisislex_california_fire_81729,2026-09-27T20:08:15.323357+00:00,1.0,SEMI_SYNTHETIC
edge_51844_272065_3625,51844,272065,ff_face2face_mayoral_evac_0091,2026-09-27T19:39:30.399362+00:00,1.0,SEMI_SYNTHETIC
edge_302239_560549_3626,302239,560549,crisismmd_harvey_img_49102,2026-09-27T00:15:54.359786+00:00,1.0,SEMI_SYNTHETIC
edge_420771_75290_3627,420771,75290,humaid_irma_2017_001928,2026-09-27T19:01:25.988949+00:00,1.0,SEMI_SYNTHETIC
edge_735666_831417_3628,735666,831417,crisislex_california_fire_81729,2026-09-27T20:10:23.951825+00:00,1.0,SEMI_SYNTHETIC
edge_765848_918988_3629,765848,918988,crisislex_california_fire_81729,2026-09-27T20:11:09.081747+00:00,1.0,SEMI_SYNTHETIC
edge_286454_625049_3630,286454,625049,dfdc_syn_bridge_collapse_84920,2026-09-27T01:30:35.016691+00:00,1.0,SEMI_SYNTHETIC
edge_54639_625380_3631,54639,625380,crisislex_california_fire_81729,2026-09-27T20:13:53.421867+00:00,1.0,SEMI_SYNTHETIC
edge_186357_326282_3632,186357,326282,crisislex_california_fire_81729,2026-09-27T20:15:38.348023+00:00,1.0,SEMI_SYNTHETIC
edge_669765_756048_3633,669765,756048,humaid_irma_2017_001928,2026-09-27T19:03:17.901433+00:00,1.0,SEMI_SYNTHETIC
edge_907747_312143_3634,907747,312143,crisismmd_harvey_img_49102,2026-09-27T00:15:56.537353+00:00,1.0,SEMI_SYNTHETIC
edge_590433_284315_3635,590433,284315,ff_face2face_mayoral_evac_0091,2026-09-27T19:40:44.756656+00:00,1.0,SEMI_SYNTHETIC
edge_700109_607179_3636,700109,607179,humaid_irma_2017_001928,2026-09-27T19:04:26.196171+00:00,1.0,SEMI_SYNTHETIC
edge_714890_785643_3637,714890,785643,crisislex_california_fire_81729,2026-09-27T20:17:39.901645+00:00,1.0,SEMI_SYNTHETIC
edge_509173_999696_3638,509173,999696,dfdc_syn_bridge_collapse_84920,2026-09-27T01:30:36.269943+00:00,1.0,SEMI_SYNTHETIC
edge_838332_738664_3639,838332,738664,crisismmd_harvey_img_49102,2026-09-27T00:15:57.509413+00:00,1.0,SEMI_SYNTHETIC
edge_948894_251162_3640,948894,251162,crisislex_california_fire_81729,2026-09-27T20:19:45.313982+00:00,1.0,SEMI_SYNTHETIC
edge_872846_999097_3641,872846,999097,ff_face2face_mayoral_evac_0091,2026-09-27T19:43:02.378210+00:00,1.0,SEMI_SYNTHETIC
edge_852957_123762_3642,852957,123762,crisismmd_harvey_img_49102,2026-09-27T00:15:59.359480+00:00,1.0,SEMI_SYNTHETIC
edge_747277_734423_3643,747277,734423,ff_face2face_mayoral_evac_0091,2026-09-27T19:43:34.864199+00:00,1.0,SEMI_SYNTHETIC
edge_795425_34813_3644,795425,34813,ff_face2face_mayoral_evac_0091,2026-09-27T19:46:21.748544+00:00,1.0,SEMI_SYNTHETIC
edge_961284_503161_3645,961284,503161,crisislex_california_fire_81729,2026-09-27T20:20:46.519149+00:00,1.0,SEMI_SYNTHETIC
edge_983211_33839_3646,983211,33839,dfdc_syn_bridge_collapse_84920,2026-09-27T01:30:49.965836+00:00,1.0,SEMI_SYNTHETIC
edge_879515_207955_3647,879515,207955,ff_face2face_mayoral_evac_0091,2026-09-27T19:47:11.954230+00:00,1.0,SEMI_SYNTHETIC
edge_688407_212376_3648,688407,212376,humaid_irma_2017_001928,2026-09-27T19:04:58.171340+00:00,1.0,SEMI_SYNTHETIC
edge_21480_402022_3649,21480,402022,crisismmd_harvey_img_49102,2026-09-27T00:16:01.469287+00:00,1.0,SEMI_SYNTHETIC
edge_854621_172555_3650,854621,172555,crisislex_california_fire_81729,2026-09-27T20:21:03.965444+00:00,1.0,SEMI_SYNTHETIC
edge_365432_819679_3651,365432,819679,humaid_irma_2017_001928,2026-09-27T19:05:32.508947+00:00,1.0,SEMI_SYNTHETIC
edge_500199_666971_3652,500199,666971,dfdc_syn_bridge_collapse_84920,2026-09-27T01:31:01.709332+00:00,1.0,SEMI_SYNTHETIC
edge_421485_359740_3653,421485,359740,crisismmd_harvey_img_49102,2026-09-27T00:16:02.124324+00:00,1.0,SEMI_SYNTHETIC
edge_375761_945440_3654,375761,945440,crisislex_california_fire_81729,2026-09-27T20:23:15.788775+00:00,1.0,SEMI_SYNTHETIC
edge_670775_284516_3655,670775,284516,ff_face2face_mayoral_evac_0091,2026-09-27T19:50:00.809839+00:00,1.0,SEMI_SYNTHETIC
edge_305190_316975_3656,305190,316975,dfdc_syn_bridge_collapse_84920,2026-09-27T01:31:03.323158+00:00,1.0,SEMI_SYNTHETIC
edge_671254_827636_3657,671254,827636,crisismmd_harvey_img_49102,2026-09-27T00:16:02.764634+00:00,1.0,SEMI_SYNTHETIC
edge_231628_862095_3658,231628,862095,crisislex_california_fire_81729,2026-09-27T20:25:06.980079+00:00,1.0,SEMI_SYNTHETIC
edge_919069_915427_3659,919069,915427,crisismmd_harvey_img_49102,2026-09-27T00:16:04.693648+00:00,1.0,SEMI_SYNTHETIC
edge_340193_176309_3660,340193,176309,crisismmd_harvey_img_49102,2026-09-27T00:16:05.152227+00:00,1.0,SEMI_SYNTHETIC
edge_860248_48283_3661,860248,48283,ff_face2face_mayoral_evac_0091,2026-09-27T19:50:12.862013+00:00,1.0,SEMI_SYNTHETIC
edge_320727_148882_3662,320727,148882,dfdc_syn_bridge_collapse_84920,2026-09-27T01:31:08.657515+00:00,1.0,SEMI_SYNTHETIC
edge_147449_123037_3663,147449,123037,dfdc_syn_bridge_collapse_84920,2026-09-27T01:31:20.266287+00:00,1.0,SEMI_SYNTHETIC
edge_218716_844328_3664,218716,844328,humaid_irma_2017_001928,2026-09-27T19:06:44.724268+00:00,1.0,SEMI_SYNTHETIC
edge_453715_638397_3665,453715,638397,humaid_irma_2017_001928,2026-09-27T19:08:09.731511+00:00,1.0,SEMI_SYNTHETIC
edge_609871_967649_3666,609871,967649,humaid_irma_2017_001928,2026-09-27T19:09:13.457187+00:00,1.0,SEMI_SYNTHETIC
edge_629425_261338_3667,629425,261338,dfdc_syn_bridge_collapse_84920,2026-09-27T01:31:23.775685+00:00,1.0,SEMI_SYNTHETIC
edge_777476_548891_3668,777476,548891,ff_face2face_mayoral_evac_0091,2026-09-27T19:51:59.280510+00:00,1.0,SEMI_SYNTHETIC
edge_67057_246682_3669,67057,246682,dfdc_syn_bridge_collapse_84920,2026-09-27T01:31:26.134718+00:00,1.0,SEMI_SYNTHETIC
edge_987698_262673_3670,987698,262673,ff_face2face_mayoral_evac_0091,2026-09-27T19:52:30.208911+00:00,1.0,SEMI_SYNTHETIC
edge_618946_599822_3671,618946,599822,crisislex_california_fire_81729,2026-09-27T20:26:47.337986+00:00,1.0,SEMI_SYNTHETIC
edge_933907_509583_3672,933907,509583,crisismmd_harvey_img_49102,2026-09-27T00:16:06.184251+00:00,1.0,SEMI_SYNTHETIC
edge_425223_475660_3673,425223,475660,crisislex_california_fire_81729,2026-09-27T20:28:21.470332+00:00,1.0,SEMI_SYNTHETIC
edge_792334_431139_3674,792334,431139,humaid_irma_2017_001928,2026-09-27T19:10:27.080591+00:00,1.0,SEMI_SYNTHETIC
edge_907097_689068_3675,907097,689068,ff_face2face_mayoral_evac_0091,2026-09-27T19:54:56.428018+00:00,1.0,SEMI_SYNTHETIC
edge_463495_417990_3676,463495,417990,humaid_irma_2017_001928,2026-09-27T19:12:12.903122+00:00,1.0,SEMI_SYNTHETIC
edge_233033_405211_3677,233033,405211,dfdc_syn_bridge_collapse_84920,2026-09-27T01:31:29.789870+00:00,1.0,SEMI_SYNTHETIC
edge_281661_874745_3678,281661,874745,dfdc_syn_bridge_collapse_84920,2026-09-27T01:31:33.734536+00:00,1.0,SEMI_SYNTHETIC
edge_990178_595472_3679,990178,595472,crisislex_california_fire_81729,2026-09-27T20:31:08.135427+00:00,1.0,SEMI_SYNTHETIC
edge_280833_16578_3680,280833,16578,ff_face2face_mayoral_evac_0091,2026-09-27T19:56:10.358569+00:00,1.0,SEMI_SYNTHETIC
edge_244707_881548_3681,244707,881548,ff_face2face_mayoral_evac_0091,2026-09-27T19:58:56.494420+00:00,1.0,SEMI_SYNTHETIC
edge_201219_728247_3682,201219,728247,crisismmd_harvey_img_49102,2026-09-27T00:16:07.848344+00:00,1.0,SEMI_SYNTHETIC
edge_656811_973308_3683,656811,973308,humaid_irma_2017_001928,2026-09-27T19:13:05.634694+00:00,1.0,SEMI_SYNTHETIC
edge_528671_236667_3684,528671,236667,dfdc_syn_bridge_collapse_84920,2026-09-27T01:31:41.962256+00:00,1.0,SEMI_SYNTHETIC
edge_848541_881571_3685,848541,881571,crisislex_california_fire_81729,2026-09-27T20:32:58.603666+00:00,1.0,SEMI_SYNTHETIC
edge_733563_389264_3686,733563,389264,crisismmd_harvey_img_49102,2026-09-27T00:16:09.916052+00:00,1.0,SEMI_SYNTHETIC
edge_606004_37168_3687,606004,37168,ff_face2face_mayoral_evac_0091,2026-09-27T19:59:16.282842+00:00,1.0,SEMI_SYNTHETIC
edge_40885_204118_3688,40885,204118,crisislex_california_fire_81729,2026-09-27T20:33:20.408474+00:00,1.0,SEMI_SYNTHETIC
edge_172241_816731_3689,172241,816731,ff_face2face_mayoral_evac_0091,2026-09-27T20:01:40.345254+00:00,1.0,SEMI_SYNTHETIC
edge_526699_66415_3690,526699,66415,ff_face2face_mayoral_evac_0091,2026-09-27T20:04:39.137440+00:00,1.0,SEMI_SYNTHETIC
edge_540822_132994_3691,540822,132994,ff_face2face_mayoral_evac_0091,2026-09-27T20:05:26.255908+00:00,1.0,SEMI_SYNTHETIC
edge_39650_440321_3692,39650,440321,humaid_irma_2017_001928,2026-09-27T19:15:57.974770+00:00,1.0,SEMI_SYNTHETIC
edge_406835_471999_3693,406835,471999,ff_face2face_mayoral_evac_0091,2026-09-27T20:05:36.842240+00:00,1.0,SEMI_SYNTHETIC
edge_151843_458497_3694,151843,458497,crisismmd_harvey_img_49102,2026-09-27T00:16:11.490522+00:00,1.0,SEMI_SYNTHETIC
edge_321963_304032_3695,321963,304032,humaid_irma_2017_001928,2026-09-27T19:18:11.722211+00:00,1.0,SEMI_SYNTHETIC
edge_920732_286454_3696,920732,286454,dfdc_syn_bridge_collapse_84920,2026-09-27T01:31:55.531552+00:00,1.0,SEMI_SYNTHETIC
edge_399284_405451_3697,399284,405451,crisismmd_harvey_img_49102,2026-09-27T00:16:12.805737+00:00,1.0,SEMI_SYNTHETIC
edge_893708_353312_3698,893708,353312,humaid_irma_2017_001928,2026-09-27T19:20:44.837962+00:00,1.0,SEMI_SYNTHETIC
edge_898090_502796_3699,898090,502796,ff_face2face_mayoral_evac_0091,2026-09-27T20:06:19.296986+00:00,1.0,SEMI_SYNTHETIC
edge_84421_80304_3700,84421,80304,ff_face2face_mayoral_evac_0091,2026-09-27T20:08:59.413476+00:00,1.0,SEMI_SYNTHETIC
edge_229011_566624_3701,229011,566624,ff_face2face_mayoral_evac_0091,2026-09-27T20:09:54.848661+00:00,1.0,SEMI_SYNTHETIC
edge_517935_425267_3702,517935,425267,dfdc_syn_bridge_collapse_84920,2026-09-27T01:32:10.264715+00:00,1.0,SEMI_SYNTHETIC
edge_280204_822403_3703,280204,822403,crisislex_california_fire_81729,2026-09-27T20:35:30.779943+00:00,1.0,SEMI_SYNTHETIC
edge_863402_752650_3704,863402,752650,crisislex_california_fire_81729,2026-09-27T20:36:53.412329+00:00,1.0,SEMI_SYNTHETIC
edge_873550_117392_3705,873550,117392,crisismmd_harvey_img_49102,2026-09-27T00:16:14.339054+00:00,1.0,SEMI_SYNTHETIC
edge_629160_999097_3706,629160,999097,ff_face2face_mayoral_evac_0091,2026-09-27T20:10:55.270466+00:00,1.0,SEMI_SYNTHETIC
edge_624175_283603_3707,624175,283603,ff_face2face_mayoral_evac_0091,2026-09-27T20:11:22.513442+00:00,1.0,SEMI_SYNTHETIC
edge_655836_193869_3708,655836,193869,crisislex_california_fire_81729,2026-09-27T20:39:20.361198+00:00,1.0,SEMI_SYNTHETIC
edge_201315_994390_3709,201315,994390,crisismmd_harvey_img_49102,2026-09-27T00:16:14.986202+00:00,1.0,SEMI_SYNTHETIC
edge_963804_436911_3710,963804,436911,ff_face2face_mayoral_evac_0091,2026-09-27T20:13:38.536569+00:00,1.0,SEMI_SYNTHETIC
edge_324752_643870_3711,324752,643870,crisislex_california_fire_81729,2026-09-27T20:42:15.629938+00:00,1.0,SEMI_SYNTHETIC
edge_77333_388867_3712,77333,388867,dfdc_syn_bridge_collapse_84920,2026-09-27T01:32:16.038826+00:00,1.0,SEMI_SYNTHETIC
edge_482122_146384_3713,482122,146384,crisislex_california_fire_81729,2026-09-27T20:43:55.110373+00:00,1.0,SEMI_SYNTHETIC
edge_899003_206599_3714,899003,206599,crisislex_california_fire_81729,2026-09-27T20:45:55.428736+00:00,1.0,SEMI_SYNTHETIC
edge_219640_873355_3715,219640,873355,ff_face2face_mayoral_evac_0091,2026-09-27T20:15:17.303182+00:00,1.0,SEMI_SYNTHETIC
edge_793908_844080_3716,793908,844080,crisismmd_harvey_img_49102,2026-09-27T00:16:16.467485+00:00,1.0,SEMI_SYNTHETIC
edge_35691_832781_3717,35691,832781,crisislex_california_fire_81729,2026-09-27T20:47:36.630362+00:00,1.0,SEMI_SYNTHETIC
edge_604929_784031_3718,604929,784031,crisismmd_harvey_img_49102,2026-09-27T00:16:17.804238+00:00,1.0,SEMI_SYNTHETIC
edge_907912_296232_3719,907912,296232,ff_face2face_mayoral_evac_0091,2026-09-27T20:16:00.078799+00:00,1.0,SEMI_SYNTHETIC
edge_890185_194654_3720,890185,194654,ff_face2face_mayoral_evac_0091,2026-09-27T20:16:36.286899+00:00,1.0,SEMI_SYNTHETIC
edge_148840_923218_3721,148840,923218,crisislex_california_fire_81729,2026-09-27T20:50:16.240043+00:00,1.0,SEMI_SYNTHETIC
edge_727628_809577_3722,727628,809577,ff_face2face_mayoral_evac_0091,2026-09-27T20:17:41.137658+00:00,1.0,SEMI_SYNTHETIC
edge_348138_137154_3723,348138,137154,crisismmd_harvey_img_49102,2026-09-27T00:16:18.697544+00:00,1.0,SEMI_SYNTHETIC
edge_503103_651784_3724,503103,651784,crisismmd_harvey_img_49102,2026-09-27T00:16:20.929866+00:00,1.0,SEMI_SYNTHETIC
edge_556328_696420_3725,556328,696420,humaid_irma_2017_001928,2026-09-27T19:20:56.002222+00:00,1.0,SEMI_SYNTHETIC
edge_70282_905940_3726,70282,905940,ff_face2face_mayoral_evac_0091,2026-09-27T20:20:08.558284+00:00,1.0,SEMI_SYNTHETIC
edge_193631_817788_3727,193631,817788,ff_face2face_mayoral_evac_0091,2026-09-27T20:21:23.602752+00:00,1.0,SEMI_SYNTHETIC
edge_505252_717935_3728,505252,717935,crisismmd_harvey_img_49102,2026-09-27T00:16:21.653895+00:00,1.0,SEMI_SYNTHETIC
edge_564994_388108_3729,564994,388108,humaid_irma_2017_001928,2026-09-27T19:21:30.434673+00:00,1.0,SEMI_SYNTHETIC
edge_870442_716331_3730,870442,716331,crisislex_california_fire_81729,2026-09-27T20:53:15.919006+00:00,1.0,SEMI_SYNTHETIC
edge_213408_761210_3731,213408,761210,humaid_irma_2017_001928,2026-09-27T19:23:44.566933+00:00,1.0,SEMI_SYNTHETIC
edge_547599_449450_3732,547599,449450,crisislex_california_fire_81729,2026-09-27T20:54:16.629843+00:00,1.0,SEMI_SYNTHETIC
edge_576815_644347_3733,576815,644347,humaid_irma_2017_001928,2026-09-27T19:24:24.037873+00:00,1.0,SEMI_SYNTHETIC
edge_232917_170952_3734,232917,170952,crisislex_california_fire_81729,2026-09-27T20:55:04.597445+00:00,1.0,SEMI_SYNTHETIC
edge_873683_869834_3735,873683,869834,crisislex_california_fire_81729,2026-09-27T20:55:16.657163+00:00,1.0,SEMI_SYNTHETIC
edge_151483_860328_3736,151483,860328,crisislex_california_fire_81729,2026-09-27T20:56:49.071622+00:00,1.0,SEMI_SYNTHETIC
edge_390191_854554_3737,390191,854554,crisismmd_harvey_img_49102,2026-09-27T00:16:24.129973+00:00,1.0,SEMI_SYNTHETIC
edge_224584_195751_3738,224584,195751,crisismmd_harvey_img_49102,2026-09-27T00:16:25.493877+00:00,1.0,SEMI_SYNTHETIC
edge_610872_106864_3739,610872,106864,ff_face2face_mayoral_evac_0091,2026-09-27T20:23:41.407404+00:00,1.0,SEMI_SYNTHETIC
edge_878626_890779_3740,878626,890779,dfdc_syn_bridge_collapse_84920,2026-09-27T01:32:25.061347+00:00,1.0,SEMI_SYNTHETIC
edge_186775_625380_3741,186775,625380,crisislex_california_fire_81729,2026-09-27T20:57:06.748378+00:00,1.0,SEMI_SYNTHETIC
edge_104396_721875_3742,104396,721875,crisismmd_harvey_img_49102,2026-09-27T00:16:26.242513+00:00,1.0,SEMI_SYNTHETIC
edge_303985_778661_3743,303985,778661,crisislex_california_fire_81729,2026-09-27T20:58:58.827362+00:00,1.0,SEMI_SYNTHETIC
edge_248401_608717_3744,248401,608717,humaid_irma_2017_001928,2026-09-27T19:25:53.707324+00:00,1.0,SEMI_SYNTHETIC
edge_492634_108052_3745,492634,108052,ff_face2face_mayoral_evac_0091,2026-09-27T20:25:44.455346+00:00,1.0,SEMI_SYNTHETIC
edge_548428_598922_3746,548428,598922,crisismmd_harvey_img_49102,2026-09-27T00:16:28.636115+00:00,1.0,SEMI_SYNTHETIC
edge_221253_933907_3747,221253,933907,crisismmd_harvey_img_49102,2026-09-27T00:16:31.120347+00:00,1.0,SEMI_SYNTHETIC
edge_834922_20654_3748,834922,20654,crisislex_california_fire_81729,2026-09-27T21:01:17.111846+00:00,1.0,SEMI_SYNTHETIC
edge_608266_201970_3749,608266,201970,ff_face2face_mayoral_evac_0091,2026-09-27T20:27:52.831679+00:00,1.0,SEMI_SYNTHETIC
edge_782620_405758_3750,782620,405758,dfdc_syn_bridge_collapse_84920,2026-09-27T01:32:35.115187+00:00,1.0,SEMI_SYNTHETIC
edge_491554_326181_3751,491554,326181,crisislex_california_fire_81729,2026-09-27T21:02:31.158304+00:00,1.0,SEMI_SYNTHETIC
edge_211819_620527_3752,211819,620527,ff_face2face_mayoral_evac_0091,2026-09-27T20:28:52.562723+00:00,1.0,SEMI_SYNTHETIC
edge_683439_816731_3753,683439,816731,ff_face2face_mayoral_evac_0091,2026-09-27T20:30:11.048094+00:00,1.0,SEMI_SYNTHETIC
edge_501508_635290_3754,501508,635290,humaid_irma_2017_001928,2026-09-27T19:27:06.867503+00:00,1.0,SEMI_SYNTHETIC
edge_871617_111784_3755,871617,111784,dfdc_syn_bridge_collapse_84920,2026-09-27T01:32:40.243802+00:00,1.0,SEMI_SYNTHETIC
edge_982922_554173_3756,982922,554173,crisismmd_harvey_img_49102,2026-09-27T00:16:32.214714+00:00,1.0,SEMI_SYNTHETIC
edge_134829_605402_3757,134829,605402,dfdc_syn_bridge_collapse_84920,2026-09-27T01:32:47.686157+00:00,1.0,SEMI_SYNTHETIC
edge_249074_995299_3758,249074,995299,crisislex_california_fire_81729,2026-09-27T21:05:21.951073+00:00,1.0,SEMI_SYNTHETIC
edge_873944_887252_3759,873944,887252,crisislex_california_fire_81729,2026-09-27T21:05:41.575456+00:00,1.0,SEMI_SYNTHETIC
edge_304196_108012_3760,304196,108012,crisislex_california_fire_81729,2026-09-27T21:07:38.282311+00:00,1.0,SEMI_SYNTHETIC
edge_839488_19717_3761,839488,19717,ff_face2face_mayoral_evac_0091,2026-09-27T20:31:59.805339+00:00,1.0,SEMI_SYNTHETIC
edge_868304_851368_3762,868304,851368,ff_face2face_mayoral_evac_0091,2026-09-27T20:33:03.178572+00:00,1.0,SEMI_SYNTHETIC
edge_495248_78322_3763,495248,78322,crisislex_california_fire_81729,2026-09-27T21:09:20.216086+00:00,1.0,SEMI_SYNTHETIC
edge_594923_451308_3764,594923,451308,crisismmd_harvey_img_49102,2026-09-27T00:16:33.714359+00:00,1.0,SEMI_SYNTHETIC
edge_419580_302239_3765,419580,302239,crisismmd_harvey_img_49102,2026-09-27T00:16:35.038186+00:00,1.0,SEMI_SYNTHETIC
edge_440990_79439_3766,440990,79439,crisislex_california_fire_81729,2026-09-27T21:10:05.932726+00:00,1.0,SEMI_SYNTHETIC
edge_427955_299204_3767,427955,299204,humaid_irma_2017_001928,2026-09-27T19:29:43.279077+00:00,1.0,SEMI_SYNTHETIC
edge_991104_772008_3768,991104,772008,dfdc_syn_bridge_collapse_84920,2026-09-27T01:32:56.997647+00:00,1.0,SEMI_SYNTHETIC
edge_583761_491554_3769,583761,491554,crisislex_california_fire_81729,2026-09-27T21:10:20.668468+00:00,1.0,SEMI_SYNTHETIC
edge_558399_485306_3770,558399,485306,crisislex_california_fire_81729,2026-09-27T21:10:47.629076+00:00,1.0,SEMI_SYNTHETIC
edge_877717_73491_3771,877717,73491,humaid_irma_2017_001928,2026-09-27T19:31:20.105482+00:00,1.0,SEMI_SYNTHETIC
edge_925486_418405_3772,925486,418405,ff_face2face_mayoral_evac_0091,2026-09-27T20:34:19.142647+00:00,1.0,SEMI_SYNTHETIC
edge_628114_608266_3773,628114,608266,ff_face2face_mayoral_evac_0091,2026-09-27T20:36:08.785833+00:00,1.0,SEMI_SYNTHETIC
edge_959264_484419_3774,959264,484419,ff_face2face_mayoral_evac_0091,2026-09-27T20:37:52.843306+00:00,1.0,SEMI_SYNTHETIC
edge_264395_166080_3775,264395,166080,ff_face2face_mayoral_evac_0091,2026-09-27T20:39:55.273306+00:00,1.0,SEMI_SYNTHETIC
edge_443864_764124_3776,443864,764124,humaid_irma_2017_001928,2026-09-27T19:32:41.628414+00:00,1.0,SEMI_SYNTHETIC
edge_477760_488482_3777,477760,488482,dfdc_syn_bridge_collapse_84920,2026-09-27T01:33:11.949259+00:00,1.0,SEMI_SYNTHETIC
edge_890661_898090_3778,890661,898090,ff_face2face_mayoral_evac_0091,2026-09-27T20:41:20.457368+00:00,1.0,SEMI_SYNTHETIC
edge_724442_970369_3779,724442,970369,dfdc_syn_bridge_collapse_84920,2026-09-27T01:33:14.351360+00:00,1.0,SEMI_SYNTHETIC
edge_684976_60901_3780,684976,60901,crisismmd_harvey_img_49102,2026-09-27T00:16:36.194134+00:00,1.0,SEMI_SYNTHETIC
edge_551671_272065_3781,551671,272065,ff_face2face_mayoral_evac_0091,2026-09-27T20:43:15.494811+00:00,1.0,SEMI_SYNTHETIC
edge_229400_659146_3782,229400,659146,crisismmd_harvey_img_49102,2026-09-27T00:16:36.926312+00:00,1.0,SEMI_SYNTHETIC
edge_693043_248912_3783,693043,248912,humaid_irma_2017_001928,2026-09-27T19:33:44.560178+00:00,1.0,SEMI_SYNTHETIC
edge_902161_137211_3784,902161,137211,humaid_irma_2017_001928,2026-09-27T19:36:02.492444+00:00,1.0,SEMI_SYNTHETIC
edge_796486_633501_3785,796486,633501,ff_face2face_mayoral_evac_0091,2026-09-27T20:44:56.573017+00:00,1.0,SEMI_SYNTHETIC
edge_469182_285532_3786,469182,285532,crisislex_california_fire_81729,2026-09-27T21:12:39.924959+00:00,1.0,SEMI_SYNTHETIC
edge_679840_148948_3787,679840,148948,ff_face2face_mayoral_evac_0091,2026-09-27T20:46:51.617746+00:00,1.0,SEMI_SYNTHETIC
edge_506006_871784_3788,506006,871784,crisismmd_harvey_img_49102,2026-09-27T00:16:37.883497+00:00,1.0,SEMI_SYNTHETIC
edge_770877_14326_3789,770877,14326,crisismmd_harvey_img_49102,2026-09-27T00:16:38.042872+00:00,1.0,SEMI_SYNTHETIC
edge_652940_688346_3790,652940,688346,crisismmd_harvey_img_49102,2026-09-27T00:16:40.097440+00:00,1.0,SEMI_SYNTHETIC
edge_382314_463065_3791,382314,463065,dfdc_syn_bridge_collapse_84920,2026-09-27T01:33:25.968715+00:00,1.0,SEMI_SYNTHETIC
edge_964216_112463_3792,964216,112463,ff_face2face_mayoral_evac_0091,2026-09-27T20:48:03.846498+00:00,1.0,SEMI_SYNTHETIC
edge_596741_764121_3793,596741,764121,dfdc_syn_bridge_collapse_84920,2026-09-27T01:33:36.244364+00:00,1.0,SEMI_SYNTHETIC
edge_596374_44677_3794,596374,44677,dfdc_syn_bridge_collapse_84920,2026-09-27T01:33:47.193749+00:00,1.0,SEMI_SYNTHETIC
edge_193553_608097_3795,193553,608097,crisismmd_harvey_img_49102,2026-09-27T00:16:41.739519+00:00,1.0,SEMI_SYNTHETIC
edge_373813_553878_3796,373813,553878,ff_face2face_mayoral_evac_0091,2026-09-27T20:50:39.117692+00:00,1.0,SEMI_SYNTHETIC
edge_499227_134980_3797,499227,134980,crisismmd_harvey_img_49102,2026-09-27T00:16:43.129625+00:00,1.0,SEMI_SYNTHETIC
edge_276975_464434_3798,276975,464434,crisismmd_harvey_img_49102,2026-09-27T00:16:43.929554+00:00,1.0,SEMI_SYNTHETIC
edge_307203_494904_3799,307203,494904,humaid_irma_2017_001928,2026-09-27T19:37:11.206519+00:00,1.0,SEMI_SYNTHETIC
edge_455324_450191_3800,455324,450191,ff_face2face_mayoral_evac_0091,2026-09-27T20:51:34.632603+00:00,1.0,SEMI_SYNTHETIC
edge_548569_118954_3801,548569,118954,humaid_irma_2017_001928,2026-09-27T19:38:18.440437+00:00,1.0,SEMI_SYNTHETIC
edge_248998_269159_3802,248998,269159,ff_face2face_mayoral_evac_0091,2026-09-27T20:53:20.605094+00:00,1.0,SEMI_SYNTHETIC
edge_942560_504761_3803,942560,504761,crisismmd_harvey_img_49102,2026-09-27T00:16:46.040219+00:00,1.0,SEMI_SYNTHETIC
edge_860249_650151_3804,860249,650151,crisislex_california_fire_81729,2026-09-27T21:13:33.299701+00:00,1.0,SEMI_SYNTHETIC
edge_572051_576815_3805,572051,576815,humaid_irma_2017_001928,2026-09-27T19:40:33.550919+00:00,1.0,SEMI_SYNTHETIC
edge_455385_129169_3806,455385,129169,dfdc_syn_bridge_collapse_84920,2026-09-27T01:34:01.789057+00:00,1.0,SEMI_SYNTHETIC
edge_687180_664736_3807,687180,664736,crisismmd_harvey_img_49102,2026-09-27T00:16:48.466406+00:00,1.0,SEMI_SYNTHETIC
edge_484396_88701_3808,484396,88701,dfdc_syn_bridge_collapse_84920,2026-09-27T01:34:04.421108+00:00,1.0,SEMI_SYNTHETIC
edge_91746_285570_3809,91746,285570,crisislex_california_fire_81729,2026-09-27T21:15:50.163032+00:00,1.0,SEMI_SYNTHETIC
edge_860717_201999_3810,860717,201999,crisismmd_harvey_img_49102,2026-09-27T00:16:50.358259+00:00,1.0,SEMI_SYNTHETIC
edge_723083_849030_3811,723083,849030,humaid_irma_2017_001928,2026-09-27T19:41:06.403556+00:00,1.0,SEMI_SYNTHETIC
edge_953345_761759_3812,953345,761759,dfdc_syn_bridge_collapse_84920,2026-09-27T01:34:09.182416+00:00,1.0,SEMI_SYNTHETIC
edge_385477_896747_3813,385477,896747,ff_face2face_mayoral_evac_0091,2026-09-27T20:56:15.836471+00:00,1.0,SEMI_SYNTHETIC
edge_353301_423351_3814,353301,423351,humaid_irma_2017_001928,2026-09-27T19:41:32.347405+00:00,1.0,SEMI_SYNTHETIC
edge_38208_306080_3815,38208,306080,crisismmd_harvey_img_49102,2026-09-27T00:16:51.120847+00:00,1.0,SEMI_SYNTHETIC
edge_328814_635850_3816,328814,635850,dfdc_syn_bridge_collapse_84920,2026-09-27T01:34:13.616801+00:00,1.0,SEMI_SYNTHETIC
edge_125389_543296_3817,125389,543296,crisismmd_harvey_img_49102,2026-09-27T00:16:52.263121+00:00,1.0,SEMI_SYNTHETIC
edge_605183_614422_3818,605183,614422,dfdc_syn_bridge_collapse_84920,2026-09-27T01:34:21.471429+00:00,1.0,SEMI_SYNTHETIC
edge_361121_105280_3819,361121,105280,crisismmd_harvey_img_49102,2026-09-27T00:16:54.127275+00:00,1.0,SEMI_SYNTHETIC
edge_902136_927652_3820,902136,927652,dfdc_syn_bridge_collapse_84920,2026-09-27T01:34:31.422452+00:00,1.0,SEMI_SYNTHETIC
edge_349084_139827_3821,349084,139827,humaid_irma_2017_001928,2026-09-27T19:42:33.114601+00:00,1.0,SEMI_SYNTHETIC
edge_882146_878726_3822,882146,878726,dfdc_syn_bridge_collapse_84920,2026-09-27T01:34:42.823767+00:00,1.0,SEMI_SYNTHETIC
edge_428728_258918_3823,428728,258918,crisismmd_harvey_img_49102,2026-09-27T00:16:56.098045+00:00,1.0,SEMI_SYNTHETIC
edge_325296_362554_3824,325296,362554,dfdc_syn_bridge_collapse_84920,2026-09-27T01:34:51.291998+00:00,1.0,SEMI_SYNTHETIC
edge_406330_377624_3825,406330,377624,dfdc_syn_bridge_collapse_84920,2026-09-27T01:35:05.685827+00:00,1.0,SEMI_SYNTHETIC
edge_166045_967827_3826,166045,967827,humaid_irma_2017_001928,2026-09-27T19:43:46.659133+00:00,1.0,SEMI_SYNTHETIC
edge_552175_61288_3827,552175,61288,humaid_irma_2017_001928,2026-09-27T19:44:40.980575+00:00,1.0,SEMI_SYNTHETIC
edge_313576_675941_3828,313576,675941,crisismmd_harvey_img_49102,2026-09-27T00:16:56.710820+00:00,1.0,SEMI_SYNTHETIC
edge_455567_294790_3829,455567,294790,crisismmd_harvey_img_49102,2026-09-27T00:16:57.495816+00:00,1.0,SEMI_SYNTHETIC
edge_64104_82753_3830,64104,82753,dfdc_syn_bridge_collapse_84920,2026-09-27T01:35:07.410572+00:00,1.0,SEMI_SYNTHETIC
edge_620582_112137_3831,620582,112137,crisislex_california_fire_81729,2026-09-27T21:17:21.834987+00:00,1.0,SEMI_SYNTHETIC
edge_570842_741715_3832,570842,741715,humaid_irma_2017_001928,2026-09-27T19:47:30.494759+00:00,1.0,SEMI_SYNTHETIC
edge_585450_802309_3833,585450,802309,humaid_irma_2017_001928,2026-09-27T19:50:21.193815+00:00,1.0,SEMI_SYNTHETIC
edge_453804_617732_3834,453804,617732,humaid_irma_2017_001928,2026-09-27T19:52:15.767523+00:00,1.0,SEMI_SYNTHETIC
edge_584531_895752_3835,584531,895752,crisismmd_harvey_img_49102,2026-09-27T00:16:59.422183+00:00,1.0,SEMI_SYNTHETIC
edge_217536_954889_3836,217536,954889,humaid_irma_2017_001928,2026-09-27T19:52:50.041466+00:00,1.0,SEMI_SYNTHETIC
edge_22831_365432_3837,22831,365432,humaid_irma_2017_001928,2026-09-27T19:54:03.330380+00:00,1.0,SEMI_SYNTHETIC
edge_926747_909507_3838,926747,909507,humaid_irma_2017_001928,2026-09-27T19:54:44.727032+00:00,1.0,SEMI_SYNTHETIC
edge_186370_412586_3839,186370,412586,crisismmd_harvey_img_49102,2026-09-27T00:17:01.706072+00:00,1.0,SEMI_SYNTHETIC
edge_438718_73491_3840,438718,73491,humaid_irma_2017_001928,2026-09-27T19:55:11.019430+00:00,1.0,SEMI_SYNTHETIC
edge_603902_22831_3841,603902,22831,humaid_irma_2017_001928,2026-09-27T19:56:14.575736+00:00,1.0,SEMI_SYNTHETIC
edge_900036_410945_3842,900036,410945,humaid_irma_2017_001928,2026-09-27T19:59:11.703404+00:00,1.0,SEMI_SYNTHETIC
edge_43037_464626_3843,43037,464626,dfdc_syn_bridge_collapse_84920,2026-09-27T01:35:10.212722+00:00,1.0,SEMI_SYNTHETIC
edge_194655_100275_3844,194655,100275,dfdc_syn_bridge_collapse_84920,2026-09-27T01:35:23.379575+00:00,1.0,SEMI_SYNTHETIC
edge_653772_465915_3845,653772,465915,ff_face2face_mayoral_evac_0091,2026-09-27T20:56:49.608956+00:00,1.0,SEMI_SYNTHETIC
edge_229231_495968_3846,229231,495968,humaid_irma_2017_001928,2026-09-27T19:59:41.061608+00:00,1.0,SEMI_SYNTHETIC
edge_552138_570730_3847,552138,570730,humaid_irma_2017_001928,2026-09-27T20:00:23.776933+00:00,1.0,SEMI_SYNTHETIC
edge_276509_166045_3848,276509,166045,humaid_irma_2017_001928,2026-09-27T20:02:49.200135+00:00,1.0,SEMI_SYNTHETIC
edge_204689_431536_3849,204689,431536,ff_face2face_mayoral_evac_0091,2026-09-27T20:58:55.085691+00:00,1.0,SEMI_SYNTHETIC
edge_841574_134956_3850,841574,134956,crisismmd_harvey_img_49102,2026-09-27T00:17:03.660108+00:00,1.0,SEMI_SYNTHETIC
edge_192313_186214_3851,192313,186214,crisismmd_harvey_img_49102,2026-09-27T00:17:05.160868+00:00,1.0,SEMI_SYNTHETIC
edge_712567_368245_3852,712567,368245,crisislex_california_fire_81729,2026-09-27T21:20:13.463434+00:00,1.0,SEMI_SYNTHETIC
edge_388035_906864_3853,388035,906864,dfdc_syn_bridge_collapse_84920,2026-09-27T01:35:28.253766+00:00,1.0,SEMI_SYNTHETIC
edge_360862_890185_3854,360862,890185,ff_face2face_mayoral_evac_0091,2026-09-27T21:01:26.249864+00:00,1.0,SEMI_SYNTHETIC
edge_898209_650785_3855,898209,650785,ff_face2face_mayoral_evac_0091,2026-09-27T21:04:23.162062+00:00,1.0,SEMI_SYNTHETIC
edge_835789_178956_3856,835789,178956,ff_face2face_mayoral_evac_0091,2026-09-27T21:06:43.047265+00:00,1.0,SEMI_SYNTHETIC
edge_120337_402662_3857,120337,402662,crisislex_california_fire_81729,2026-09-27T21:20:33.761808+00:00,1.0,SEMI_SYNTHETIC
edge_398885_746578_3858,398885,746578,crisismmd_harvey_img_49102,2026-09-27T00:17:05.786889+00:00,1.0,SEMI_SYNTHETIC
edge_465398_406835_3859,465398,406835,ff_face2face_mayoral_evac_0091,2026-09-27T21:09:05.214563+00:00,1.0,SEMI_SYNTHETIC
edge_743698_596374_3860,743698,596374,dfdc_syn_bridge_collapse_84920,2026-09-27T01:35:33.986660+00:00,1.0,SEMI_SYNTHETIC
edge_941372_427827_3861,941372,427827,dfdc_syn_bridge_collapse_84920,2026-09-27T01:35:45.653110+00:00,1.0,SEMI_SYNTHETIC
edge_527843_406330_3862,527843,406330,dfdc_syn_bridge_collapse_84920,2026-09-27T01:35:48.810454+00:00,1.0,SEMI_SYNTHETIC
edge_682088_613656_3863,682088,613656,dfdc_syn_bridge_collapse_84920,2026-09-27T01:35:53.979797+00:00,1.0,SEMI_SYNTHETIC
edge_349719_635278_3864,349719,635278,ff_face2face_mayoral_evac_0091,2026-09-27T21:11:56.867924+00:00,1.0,SEMI_SYNTHETIC
edge_268317_687180_3865,268317,687180,crisismmd_harvey_img_49102,2026-09-27T00:17:06.872867+00:00,1.0,SEMI_SYNTHETIC
edge_164261_353301_3866,164261,353301,humaid_irma_2017_001928,2026-09-27T20:04:09.403128+00:00,1.0,SEMI_SYNTHETIC
edge_942623_265537_3867,942623,265537,ff_face2face_mayoral_evac_0091,2026-09-27T21:13:47.208334+00:00,1.0,SEMI_SYNTHETIC
edge_534385_191965_3868,534385,191965,humaid_irma_2017_001928,2026-09-27T20:05:30.000823+00:00,1.0,SEMI_SYNTHETIC
edge_494342_832072_3869,494342,832072,ff_face2face_mayoral_evac_0091,2026-09-27T21:16:29.687660+00:00,1.0,SEMI_SYNTHETIC
edge_407976_555252_3870,407976,555252,dfdc_syn_bridge_collapse_84920,2026-09-27T01:35:55.303497+00:00,1.0,SEMI_SYNTHETIC
edge_572357_584295_3871,572357,584295,dfdc_syn_bridge_collapse_84920,2026-09-27T01:36:07.153715+00:00,1.0,SEMI_SYNTHETIC
edge_949773_518136_3872,949773,518136,ff_face2face_mayoral_evac_0091,2026-09-27T21:19:22.705055+00:00,1.0,SEMI_SYNTHETIC
edge_427576_51880_3873,427576,51880,crisismmd_harvey_img_49102,2026-09-27T00:17:08.350085+00:00,1.0,SEMI_SYNTHETIC
edge_202878_600729_3874,202878,600729,crisislex_california_fire_81729,2026-09-27T21:22:54.358143+00:00,1.0,SEMI_SYNTHETIC
edge_417477_375459_3875,417477,375459,crisismmd_harvey_img_49102,2026-09-27T00:17:10.462074+00:00,1.0,SEMI_SYNTHETIC
edge_124173_856309_3876,124173,856309,crisismmd_harvey_img_49102,2026-09-27T00:17:11.388808+00:00,1.0,SEMI_SYNTHETIC
edge_235686_599822_3877,235686,599822,crisislex_california_fire_81729,2026-09-27T21:25:30.655821+00:00,1.0,SEMI_SYNTHETIC
edge_125172_968745_3878,125172,968745,crisislex_california_fire_81729,2026-09-27T21:26:25.240782+00:00,1.0,SEMI_SYNTHETIC
edge_492517_227264_3879,492517,227264,ff_face2face_mayoral_evac_0091,2026-09-27T21:21:32.132754+00:00,1.0,SEMI_SYNTHETIC
edge_942191_80304_3880,942191,80304,ff_face2face_mayoral_evac_0091,2026-09-27T21:22:58.887385+00:00,1.0,SEMI_SYNTHETIC
edge_418556_569951_3881,418556,569951,dfdc_syn_bridge_collapse_84920,2026-09-27T01:36:12.754627+00:00,1.0,SEMI_SYNTHETIC
edge_823769_926602_3882,823769,926602,crisismmd_harvey_img_49102,2026-09-27T00:17:13.373449+00:00,1.0,SEMI_SYNTHETIC
edge_214144_265570_3883,214144,265570,crisislex_california_fire_81729,2026-09-27T21:28:17.518215+00:00,1.0,SEMI_SYNTHETIC
edge_883705_389878_3884,883705,389878,crisismmd_harvey_img_49102,2026-09-27T00:17:15.806400+00:00,1.0,SEMI_SYNTHETIC
edge_57805_206059_3885,57805,206059,dfdc_syn_bridge_collapse_84920,2026-09-27T01:36:27.152591+00:00,1.0,SEMI_SYNTHETIC
edge_84615_35691_3886,84615,35691,crisislex_california_fire_81729,2026-09-27T21:30:43.032429+00:00,1.0,SEMI_SYNTHETIC
edge_105568_470823_3887,105568,470823,ff_face2face_mayoral_evac_0091,2026-09-27T21:24:50.971608+00:00,1.0,SEMI_SYNTHETIC
edge_705118_792334_3888,705118,792334,humaid_irma_2017_001928,2026-09-27T20:08:25.805152+00:00,1.0,SEMI_SYNTHETIC
edge_167833_343580_3889,167833,343580,humaid_irma_2017_001928,2026-09-27T20:08:43.890462+00:00,1.0,SEMI_SYNTHETIC
edge_44582_896552_3890,44582,896552,ff_face2face_mayoral_evac_0091,2026-09-27T21:27:26.018293+00:00,1.0,SEMI_SYNTHETIC
edge_161392_14892_3891,161392,14892,humaid_irma_2017_001928,2026-09-27T20:11:22.839535+00:00,1.0,SEMI_SYNTHETIC
edge_590404_283698_3892,590404,283698,dfdc_syn_bridge_collapse_84920,2026-09-27T01:36:31.762028+00:00,1.0,SEMI_SYNTHETIC
edge_456134_842685_3893,456134,842685,dfdc_syn_bridge_collapse_84920,2026-09-27T01:36:46.711812+00:00,1.0,SEMI_SYNTHETIC
edge_114531_424751_3894,114531,424751,ff_face2face_mayoral_evac_0091,2026-09-27T21:29:12.148919+00:00,1.0,SEMI_SYNTHETIC
edge_906755_44057_3895,906755,44057,crisislex_california_fire_81729,2026-09-27T21:31:57.999218+00:00,1.0,SEMI_SYNTHETIC
edge_112509_111836_3896,112509,111836,humaid_irma_2017_001928,2026-09-27T20:13:47.261202+00:00,1.0,SEMI_SYNTHETIC
edge_960232_703223_3897,960232,703223,crisismmd_harvey_img_49102,2026-09-27T00:17:18.129335+00:00,1.0,SEMI_SYNTHETIC
edge_102552_134166_3898,102552,134166,humaid_irma_2017_001928,2026-09-27T20:14:24.728437+00:00,1.0,SEMI_SYNTHETIC
edge_342517_930845_3899,342517,930845,humaid_irma_2017_001928,2026-09-27T20:14:57.256839+00:00,1.0,SEMI_SYNTHETIC
edge_467325_755055_3900,467325,755055,ff_face2face_mayoral_evac_0091,2026-09-27T21:32:00.909645+00:00,1.0,SEMI_SYNTHETIC
edge_644594_887252_3901,644594,887252,crisislex_california_fire_81729,2026-09-27T21:33:10.644625+00:00,1.0,SEMI_SYNTHETIC
edge_326319_598293_3902,326319,598293,crisislex_california_fire_81729,2026-09-27T21:35:34.709688+00:00,1.0,SEMI_SYNTHETIC
edge_187544_495175_3903,187544,495175,humaid_irma_2017_001928,2026-09-27T20:16:59.052463+00:00,1.0,SEMI_SYNTHETIC
edge_754474_33839_3904,754474,33839,dfdc_syn_bridge_collapse_84920,2026-09-27T01:36:49.377398+00:00,1.0,SEMI_SYNTHETIC
edge_464392_165565_3905,464392,165565,crisismmd_harvey_img_49102,2026-09-27T00:17:18.752043+00:00,1.0,SEMI_SYNTHETIC
edge_363511_448527_3906,363511,448527,dfdc_syn_bridge_collapse_84920,2026-09-27T01:36:55.816903+00:00,1.0,SEMI_SYNTHETIC
edge_946820_419580_3907,946820,419580,crisismmd_harvey_img_49102,2026-09-27T00:17:19.273244+00:00,1.0,SEMI_SYNTHETIC
edge_989618_590404_3908,989618,590404,dfdc_syn_bridge_collapse_84920,2026-09-27T01:37:05.678855+00:00,1.0,SEMI_SYNTHETIC
edge_561248_224124_3909,561248,224124,crisislex_california_fire_81729,2026-09-27T21:37:16.986281+00:00,1.0,SEMI_SYNTHETIC
edge_636927_37526_3910,636927,37526,crisismmd_harvey_img_49102,2026-09-27T00:17:20.395449+00:00,1.0,SEMI_SYNTHETIC
edge_775952_684498_3911,775952,684498,humaid_irma_2017_001928,2026-09-27T20:17:14.258800+00:00,1.0,SEMI_SYNTHETIC
edge_393380_730604_3912,393380,730604,ff_face2face_mayoral_evac_0091,2026-09-27T21:33:10.047222+00:00,1.0,SEMI_SYNTHETIC
edge_679150_75442_3913,679150,75442,crisislex_california_fire_81729,2026-09-27T21:38:17.347709+00:00,1.0,SEMI_SYNTHETIC
edge_389191_244707_3914,389191,244707,ff_face2face_mayoral_evac_0091,2026-09-27T21:33:46.577814+00:00,1.0,SEMI_SYNTHETIC
edge_705559_128661_3915,705559,128661,humaid_irma_2017_001928,2026-09-27T20:18:08.287194+00:00,1.0,SEMI_SYNTHETIC
edge_889579_682566_3916,889579,682566,crisismmd_harvey_img_49102,2026-09-27T00:17:22.557100+00:00,1.0,SEMI_SYNTHETIC
edge_283339_896747_3917,283339,896747,ff_face2face_mayoral_evac_0091,2026-09-27T21:35:23.149298+00:00,1.0,SEMI_SYNTHETIC
edge_679171_648551_3918,679171,648551,crisislex_california_fire_81729,2026-09-27T21:39:43.011260+00:00,1.0,SEMI_SYNTHETIC
edge_853272_46660_3919,853272,46660,ff_face2face_mayoral_evac_0091,2026-09-27T21:36:42.709571+00:00,1.0,SEMI_SYNTHETIC
edge_186685_99139_3920,186685,99139,ff_face2face_mayoral_evac_0091,2026-09-27T21:37:15.757424+00:00,1.0,SEMI_SYNTHETIC
edge_156807_322280_3921,156807,322280,humaid_irma_2017_001928,2026-09-27T20:18:38.978680+00:00,1.0,SEMI_SYNTHETIC
edge_23810_592316_3922,23810,592316,crisislex_california_fire_81729,2026-09-27T21:40:18.185407+00:00,1.0,SEMI_SYNTHETIC
edge_645432_16892_3923,645432,16892,ff_face2face_mayoral_evac_0091,2026-09-27T21:38:21.303591+00:00,1.0,SEMI_SYNTHETIC
edge_797804_603830_3924,797804,603830,crisismmd_harvey_img_49102,2026-09-27T00:17:22.733779+00:00,1.0,SEMI_SYNTHETIC
edge_116723_262207_3925,116723,262207,ff_face2face_mayoral_evac_0091,2026-09-27T21:40:14.211314+00:00,1.0,SEMI_SYNTHETIC
edge_344164_307992_3926,344164,307992,dfdc_syn_bridge_collapse_84920,2026-09-27T01:37:11.537265+00:00,1.0,SEMI_SYNTHETIC
edge_630808_813302_3927,630808,813302,ff_face2face_mayoral_evac_0091,2026-09-27T21:43:01.911064+00:00,1.0,SEMI_SYNTHETIC
edge_744222_683462_3928,744222,683462,humaid_irma_2017_001928,2026-09-27T20:21:03.541443+00:00,1.0,SEMI_SYNTHETIC
edge_806048_566379_3929,806048,566379,crisismmd_harvey_img_49102,2026-09-27T00:17:25.129385+00:00,1.0,SEMI_SYNTHETIC
edge_34882_915997_3930,34882,915997,dfdc_syn_bridge_collapse_84920,2026-09-27T01:37:12.946214+00:00,1.0,SEMI_SYNTHETIC
edge_264368_656811_3931,264368,656811,humaid_irma_2017_001928,2026-09-27T20:22:59.291588+00:00,1.0,SEMI_SYNTHETIC
edge_807914_23810_3932,807914,23810,crisislex_california_fire_81729,2026-09-27T21:41:24.781185+00:00,1.0,SEMI_SYNTHETIC
edge_778358_906929_3933,778358,906929,crisismmd_harvey_img_49102,2026-09-27T00:17:25.920372+00:00,1.0,SEMI_SYNTHETIC
edge_716881_515012_3934,716881,515012,dfdc_syn_bridge_collapse_84920,2026-09-27T01:37:21.654651+00:00,1.0,SEMI_SYNTHETIC
edge_531899_906755_3935,531899,906755,crisislex_california_fire_81729,2026-09-27T21:42:12.737536+00:00,1.0,SEMI_SYNTHETIC
edge_497230_64649_3936,497230,64649,crisislex_california_fire_81729,2026-09-27T21:44:11.958356+00:00,1.0,SEMI_SYNTHETIC
edge_770621_308734_3937,770621,308734,humaid_irma_2017_001928,2026-09-27T20:25:02.789435+00:00,1.0,SEMI_SYNTHETIC
edge_432049_525530_3938,432049,525530,ff_face2face_mayoral_evac_0091,2026-09-27T21:43:54.509836+00:00,1.0,SEMI_SYNTHETIC
edge_969411_376652_3939,969411,376652,humaid_irma_2017_001928,2026-09-27T20:26:07.008639+00:00,1.0,SEMI_SYNTHETIC
edge_581192_960232_3940,581192,960232,crisismmd_harvey_img_49102,2026-09-27T00:17:27.442028+00:00,1.0,SEMI_SYNTHETIC
edge_460809_519877_3941,460809,519877,dfdc_syn_bridge_collapse_84920,2026-09-27T01:37:30.717427+00:00,1.0,SEMI_SYNTHETIC
edge_647258_571916_3942,647258,571916,humaid_irma_2017_001928,2026-09-27T20:28:14.218615+00:00,1.0,SEMI_SYNTHETIC
edge_357665_895506_3943,357665,895506,ff_face2face_mayoral_evac_0091,2026-09-27T21:44:07.021191+00:00,1.0,SEMI_SYNTHETIC
edge_947091_985825_3944,947091,985825,dfdc_syn_bridge_collapse_84920,2026-09-27T01:37:34.986822+00:00,1.0,SEMI_SYNTHETIC
edge_448571_273926_3945,448571,273926,ff_face2face_mayoral_evac_0091,2026-09-27T21:45:11.140248+00:00,1.0,SEMI_SYNTHETIC
edge_385090_108042_3946,385090,108042,humaid_irma_2017_001928,2026-09-27T20:29:15.021573+00:00,1.0,SEMI_SYNTHETIC
edge_655886_877717_3947,655886,877717,humaid_irma_2017_001928,2026-09-27T20:30:52.066378+00:00,1.0,SEMI_SYNTHETIC
edge_821463_767703_3948,821463,767703,crisislex_california_fire_81729,2026-09-27T21:46:46.267874+00:00,1.0,SEMI_SYNTHETIC
edge_305681_98025_3949,305681,98025,dfdc_syn_bridge_collapse_84920,2026-09-27T01:37:40.510343+00:00,1.0,SEMI_SYNTHETIC
edge_326126_440189_3950,326126,440189,dfdc_syn_bridge_collapse_84920,2026-09-27T01:37:51.925596+00:00,1.0,SEMI_SYNTHETIC
edge_125983_21230_3951,125983,21230,humaid_irma_2017_001928,2026-09-27T20:31:48.630511+00:00,1.0,SEMI_SYNTHETIC
edge_353543_459068_3952,353543,459068,crisismmd_harvey_img_49102,2026-09-27T00:17:28.133869+00:00,1.0,SEMI_SYNTHETIC
edge_412834_677137_3953,412834,677137,crisismmd_harvey_img_49102,2026-09-27T00:17:29.334355+00:00,1.0,SEMI_SYNTHETIC
edge_182535_756172_3954,182535,756172,ff_face2face_mayoral_evac_0091,2026-09-27T21:46:56.867179+00:00,1.0,SEMI_SYNTHETIC
edge_161413_946389_3955,161413,946389,humaid_irma_2017_001928,2026-09-27T20:32:39.288023+00:00,1.0,SEMI_SYNTHETIC
edge_899531_103624_3956,899531,103624,crisismmd_harvey_img_49102,2026-09-27T00:17:31.055931+00:00,1.0,SEMI_SYNTHETIC
edge_58329_632408_3957,58329,632408,crisislex_california_fire_81729,2026-09-27T21:49:32.943714+00:00,1.0,SEMI_SYNTHETIC
edge_639244_878626_3958,639244,878626,dfdc_syn_bridge_collapse_84920,2026-09-27T01:38:01.397008+00:00,1.0,SEMI_SYNTHETIC
edge_155578_194888_3959,155578,194888,dfdc_syn_bridge_collapse_84920,2026-09-27T01:38:03.785931+00:00,1.0,SEMI_SYNTHETIC
edge_959142_576330_3960,959142,576330,humaid_irma_2017_001928,2026-09-27T20:33:40.634055+00:00,1.0,SEMI_SYNTHETIC
edge_230112_814402_3961,230112,814402,dfdc_syn_bridge_collapse_84920,2026-09-27T01:38:13.050695+00:00,1.0,SEMI_SYNTHETIC
edge_44620_946081_3962,44620,946081,humaid_irma_2017_001928,2026-09-27T20:34:57.990619+00:00,1.0,SEMI_SYNTHETIC
edge_326743_75646_3963,326743,75646,humaid_irma_2017_001928,2026-09-27T20:37:30.620878+00:00,1.0,SEMI_SYNTHETIC
edge_714039_873760_3964,714039,873760,crisismmd_harvey_img_49102,2026-09-27T00:17:31.174147+00:00,1.0,SEMI_SYNTHETIC
edge_659063_489341_3965,659063,489341,humaid_irma_2017_001928,2026-09-27T20:39:18.618096+00:00,1.0,SEMI_SYNTHETIC
edge_687513_980342_3966,687513,980342,crisislex_california_fire_81729,2026-09-27T21:51:05.770020+00:00,1.0,SEMI_SYNTHETIC
edge_203153_422766_3967,203153,422766,crisislex_california_fire_81729,2026-09-27T21:53:05.935301+00:00,1.0,SEMI_SYNTHETIC
edge_77098_898055_3968,77098,898055,ff_face2face_mayoral_evac_0091,2026-09-27T21:49:08.509334+00:00,1.0,SEMI_SYNTHETIC
edge_481331_648720_3969,481331,648720,crisismmd_harvey_img_49102,2026-09-27T00:17:32.123501+00:00,1.0,SEMI_SYNTHETIC
edge_842487_7912_3970,842487,7912,crisislex_california_fire_81729,2026-09-27T21:55:33.957530+00:00,1.0,SEMI_SYNTHETIC
edge_668007_98914_3971,668007,98914,dfdc_syn_bridge_collapse_84920,2026-09-27T01:38:15.964725+00:00,1.0,SEMI_SYNTHETIC
edge_472518_422766_3972,472518,422766,crisislex_california_fire_81729,2026-09-27T21:57:54.582052+00:00,1.0,SEMI_SYNTHETIC
edge_320072_502984_3973,320072,502984,dfdc_syn_bridge_collapse_84920,2026-09-27T01:38:23.179855+00:00,1.0,SEMI_SYNTHETIC
edge_712629_416951_3974,712629,416951,crisismmd_harvey_img_49102,2026-09-27T00:17:32.693449+00:00,1.0,SEMI_SYNTHETIC
edge_71250_535927_3975,71250,535927,ff_face2face_mayoral_evac_0091,2026-09-27T21:50:31.253727+00:00,1.0,SEMI_SYNTHETIC
edge_37790_150440_3976,37790,150440,ff_face2face_mayoral_evac_0091,2026-09-27T21:52:31.431172+00:00,1.0,SEMI_SYNTHETIC
edge_509950_51249_3977,509950,51249,dfdc_syn_bridge_collapse_84920,2026-09-27T01:38:31.932695+00:00,1.0,SEMI_SYNTHETIC
edge_173451_236093_3978,173451,236093,ff_face2face_mayoral_evac_0091,2026-09-27T21:54:34.001919+00:00,1.0,SEMI_SYNTHETIC
edge_722772_293275_3979,722772,293275,humaid_irma_2017_001928,2026-09-27T20:41:23.397410+00:00,1.0,SEMI_SYNTHETIC
edge_224431_930845_3980,224431,930845,humaid_irma_2017_001928,2026-09-27T20:42:39.082352+00:00,1.0,SEMI_SYNTHETIC
edge_383015_210924_3981,383015,210924,dfdc_syn_bridge_collapse_84920,2026-09-27T01:38:35.049056+00:00,1.0,SEMI_SYNTHETIC
edge_765458_352585_3982,765458,352585,humaid_irma_2017_001928,2026-09-27T20:45:16.813151+00:00,1.0,SEMI_SYNTHETIC
edge_97164_819884_3983,97164,819884,crisislex_california_fire_81729,2026-09-27T21:59:07.079879+00:00,1.0,SEMI_SYNTHETIC
edge_994570_272778_3984,994570,272778,dfdc_syn_bridge_collapse_84920,2026-09-27T01:38:44.536892+00:00,1.0,SEMI_SYNTHETIC
edge_798887_590684_3985,798887,590684,ff_face2face_mayoral_evac_0091,2026-09-27T21:57:05.132195+00:00,1.0,SEMI_SYNTHETIC
edge_160157_624923_3986,160157,624923,dfdc_syn_bridge_collapse_84920,2026-09-27T01:38:57.768713+00:00,1.0,SEMI_SYNTHETIC
edge_652363_649760_3987,652363,649760,crisismmd_harvey_img_49102,2026-09-27T00:17:34.232101+00:00,1.0,SEMI_SYNTHETIC
edge_524734_20821_3988,524734,20821,ff_face2face_mayoral_evac_0091,2026-09-27T21:59:23.476370+00:00,1.0,SEMI_SYNTHETIC
edge_85055_228742_3989,85055,228742,dfdc_syn_bridge_collapse_84920,2026-09-27T01:39:09.988976+00:00,1.0,SEMI_SYNTHETIC
edge_108825_624549_3990,108825,624549,crisismmd_harvey_img_49102,2026-09-27T00:17:36.481341+00:00,1.0,SEMI_SYNTHETIC
edge_181617_157290_3991,181617,157290,crisismmd_harvey_img_49102,2026-09-27T00:17:38.182858+00:00,1.0,SEMI_SYNTHETIC
edge_923838_373813_3992,923838,373813,ff_face2face_mayoral_evac_0091,2026-09-27T22:00:23.258679+00:00,1.0,SEMI_SYNTHETIC
edge_998877_57652_3993,998877,57652,humaid_irma_2017_001928,2026-09-27T20:47:43.745115+00:00,1.0,SEMI_SYNTHETIC
edge_339268_859729_3994,339268,859729,dfdc_syn_bridge_collapse_84920,2026-09-27T01:39:17.835101+00:00,1.0,SEMI_SYNTHETIC
edge_472722_945566_3995,472722,945566,ff_face2face_mayoral_evac_0091,2026-09-27T22:02:17.569839+00:00,1.0,SEMI_SYNTHETIC
edge_752557_992429_3996,752557,992429,crisislex_california_fire_81729,2026-09-27T22:00:29.476162+00:00,1.0,SEMI_SYNTHETIC
edge_16095_104458_3997,16095,104458,humaid_irma_2017_001928,2026-09-27T20:47:57.430753+00:00,1.0,SEMI_SYNTHETIC
edge_569763_24219_3998,569763,24219,crisislex_california_fire_81729,2026-09-27T22:01:01.510520+00:00,1.0,SEMI_SYNTHETIC
edge_142512_148272_3999,142512,148272,humaid_irma_2017_001928,2026-09-27T20:48:31.739823+00:00,1.0,SEMI_SYNTHETIC
edge_345100_951331_4000,345100,951331,ff_face2face_mayoral_evac_0091,2026-09-27T22:04:28.433368+00:00,1.0,SEMI_SYNTHETIC
edge_929953_797017_4001,929953,797017,crisislex_california_fire_81729,2026-09-27T22:02:26.454962+00:00,1.0,SEMI_SYNTHETIC
edge_920873_329751_4002,920873,329751,dfdc_syn_bridge_collapse_84920,2026-09-27T01:39:19.856390+00:00,1.0,SEMI_SYNTHETIC
edge_946356_835954_4003,946356,835954,crisismmd_harvey_img_49102,2026-09-27T00:17:40.445340+00:00,1.0,SEMI_SYNTHETIC
edge_775378_321555_4004,775378,321555,crisislex_california_fire_81729,2026-09-27T22:05:23.729182+00:00,1.0,SEMI_SYNTHETIC
edge_496162_733563_4005,496162,733563,crisismmd_harvey_img_49102,2026-09-27T00:17:42.731039+00:00,1.0,SEMI_SYNTHETIC
edge_697277_759923_4006,697277,759923,dfdc_syn_bridge_collapse_84920,2026-09-27T01:39:26.086514+00:00,1.0,SEMI_SYNTHETIC
edge_108154_635290_4007,108154,635290,humaid_irma_2017_001928,2026-09-27T20:49:16.353828+00:00,1.0,SEMI_SYNTHETIC
edge_264820_93927_4008,264820,93927,crisislex_california_fire_81729,2026-09-27T22:07:29.437012+00:00,1.0,SEMI_SYNTHETIC
edge_292828_596374_4009,292828,596374,dfdc_syn_bridge_collapse_84920,2026-09-27T01:39:36.794331+00:00,1.0,SEMI_SYNTHETIC
edge_424632_576216_4010,424632,576216,ff_face2face_mayoral_evac_0091,2026-09-27T22:06:01.433770+00:00,1.0,SEMI_SYNTHETIC
edge_220198_993665_4011,220198,993665,dfdc_syn_bridge_collapse_84920,2026-09-27T01:39:47.186964+00:00,1.0,SEMI_SYNTHETIC
edge_871621_848403_4012,871621,848403,humaid_irma_2017_001928,2026-09-27T20:52:14.388546+00:00,1.0,SEMI_SYNTHETIC
edge_537831_840782_4013,537831,840782,humaid_irma_2017_001928,2026-09-27T20:54:55.916569+00:00,1.0,SEMI_SYNTHETIC
edge_224531_571498_4014,224531,571498,dfdc_syn_bridge_collapse_84920,2026-09-27T01:39:53.614740+00:00,1.0,SEMI_SYNTHETIC
edge_34055_427827_4015,34055,427827,dfdc_syn_bridge_collapse_84920,2026-09-27T01:40:00.534775+00:00,1.0,SEMI_SYNTHETIC
edge_435167_48821_4016,435167,48821,crisislex_california_fire_81729,2026-09-27T22:08:07.722566+00:00,1.0,SEMI_SYNTHETIC
edge_720073_295693_4017,720073,295693,humaid_irma_2017_001928,2026-09-27T20:57:04.459586+00:00,1.0,SEMI_SYNTHETIC
edge_35193_396177_4018,35193,396177,crisismmd_harvey_img_49102,2026-09-27T00:17:44.968605+00:00,1.0,SEMI_SYNTHETIC
edge_129248_852957_4019,129248,852957,crisismmd_harvey_img_49102,2026-09-27T00:17:47.269950+00:00,1.0,SEMI_SYNTHETIC
edge_985729_657703_4020,985729,657703,dfdc_syn_bridge_collapse_84920,2026-09-27T01:40:05.196489+00:00,1.0,SEMI_SYNTHETIC
edge_123541_1409_4021,123541,1409,humaid_irma_2017_001928,2026-09-27T20:59:34.687514+00:00,1.0,SEMI_SYNTHETIC
edge_760146_496162_4022,760146,496162,crisismmd_harvey_img_49102,2026-09-27T00:17:48.309561+00:00,1.0,SEMI_SYNTHETIC
edge_544324_257749_4023,544324,257749,humaid_irma_2017_001928,2026-09-27T21:01:16.639386+00:00,1.0,SEMI_SYNTHETIC
edge_74420_369731_4024,74420,369731,humaid_irma_2017_001928,2026-09-27T21:02:15.232399+00:00,1.0,SEMI_SYNTHETIC
edge_89532_257411_4025,89532,257411,humaid_irma_2017_001928,2026-09-27T21:03:24.489461+00:00,1.0,SEMI_SYNTHETIC
edge_550070_105563_4026,550070,105563,crisismmd_harvey_img_49102,2026-09-27T00:17:48.867798+00:00,1.0,SEMI_SYNTHETIC
edge_216658_225727_4027,216658,225727,ff_face2face_mayoral_evac_0091,2026-09-27T22:07:04.183800+00:00,1.0,SEMI_SYNTHETIC
edge_305522_149687_4028,305522,149687,humaid_irma_2017_001928,2026-09-27T21:03:52.018042+00:00,1.0,SEMI_SYNTHETIC
edge_105641_915213_4029,105641,915213,ff_face2face_mayoral_evac_0091,2026-09-27T22:09:37.118939+00:00,1.0,SEMI_SYNTHETIC
edge_434461_546002_4030,434461,546002,crisislex_california_fire_81729,2026-09-27T22:08:24.046866+00:00,1.0,SEMI_SYNTHETIC
edge_745813_819327_4031,745813,819327,crisislex_california_fire_81729,2026-09-27T22:10:32.012390+00:00,1.0,SEMI_SYNTHETIC
edge_847637_762420_4032,847637,762420,humaid_irma_2017_001928,2026-09-27T21:04:20.157567+00:00,1.0,SEMI_SYNTHETIC
edge_882000_116429_4033,882000,116429,ff_face2face_mayoral_evac_0091,2026-09-27T22:10:06.298806+00:00,1.0,SEMI_SYNTHETIC
edge_218882_495964_4034,218882,495964,crisismmd_harvey_img_49102,2026-09-27T00:17:50.357740+00:00,1.0,SEMI_SYNTHETIC
edge_359007_462476_4035,359007,462476,humaid_irma_2017_001928,2026-09-27T21:05:51.160935+00:00,1.0,SEMI_SYNTHETIC
edge_575306_760537_4036,575306,760537,crisislex_california_fire_81729,2026-09-27T22:11:17.266882+00:00,1.0,SEMI_SYNTHETIC
edge_397572_10096_4037,397572,10096,crisismmd_harvey_img_49102,2026-09-27T00:17:51.470497+00:00,1.0,SEMI_SYNTHETIC
edge_181016_914246_4038,181016,914246,dfdc_syn_bridge_collapse_84920,2026-09-27T01:40:20.019933+00:00,1.0,SEMI_SYNTHETIC
edge_744421_737679_4039,744421,737679,ff_face2face_mayoral_evac_0091,2026-09-27T22:11:24.329362+00:00,1.0,SEMI_SYNTHETIC
edge_984159_427143_4040,984159,427143,crisislex_california_fire_81729,2026-09-27T22:11:34.630322+00:00,1.0,SEMI_SYNTHETIC
edge_222225_389580_4041,222225,389580,crisislex_california_fire_81729,2026-09-27T22:13:07.059481+00:00,1.0,SEMI_SYNTHETIC
edge_512257_523340_4042,512257,523340,crisislex_california_fire_81729,2026-09-27T22:14:15.024787+00:00,1.0,SEMI_SYNTHETIC
edge_342037_268635_4043,342037,268635,ff_face2face_mayoral_evac_0091,2026-09-27T22:13:15.058947+00:00,1.0,SEMI_SYNTHETIC
edge_141891_497546_4044,141891,497546,crisismmd_harvey_img_49102,2026-09-27T00:17:53.516912+00:00,1.0,SEMI_SYNTHETIC
edge_852836_728247_4045,852836,728247,crisismmd_harvey_img_49102,2026-09-27T00:17:55.881043+00:00,1.0,SEMI_SYNTHETIC
edge_141136_728378_4046,141136,728378,dfdc_syn_bridge_collapse_84920,2026-09-27T01:40:34.199209+00:00,1.0,SEMI_SYNTHETIC
edge_917048_191965_4047,917048,191965,humaid_irma_2017_001928,2026-09-27T21:07:49.775392+00:00,1.0,SEMI_SYNTHETIC
edge_974536_448586_4048,974536,448586,dfdc_syn_bridge_collapse_84920,2026-09-27T01:40:48.501044+00:00,1.0,SEMI_SYNTHETIC
edge_344537_427476_4049,344537,427476,humaid_irma_2017_001928,2026-09-27T21:08:20.323391+00:00,1.0,SEMI_SYNTHETIC
edge_828133_160255_4050,828133,160255,ff_face2face_mayoral_evac_0091,2026-09-27T22:15:15.979395+00:00,1.0,SEMI_SYNTHETIC
edge_877466_425594_4051,877466,425594,humaid_irma_2017_001928,2026-09-27T21:09:45.562905+00:00,1.0,SEMI_SYNTHETIC
edge_237128_840116_4052,237128,840116,crisismmd_harvey_img_49102,2026-09-27T00:17:56.318992+00:00,1.0,SEMI_SYNTHETIC
edge_478750_674815_4053,478750,674815,humaid_irma_2017_001928,2026-09-27T21:10:54.858694+00:00,1.0,SEMI_SYNTHETIC
edge_957169_89532_4054,957169,89532,humaid_irma_2017_001928,2026-09-27T21:13:13.615210+00:00,1.0,SEMI_SYNTHETIC
edge_404472_123707_4055,404472,123707,humaid_irma_2017_001928,2026-09-27T21:15:18.850682+00:00,1.0,SEMI_SYNTHETIC
edge_487373_463000_4056,487373,463000,crisislex_california_fire_81729,2026-09-27T22:15:38.890211+00:00,1.0,SEMI_SYNTHETIC
edge_906212_298060_4057,906212,298060,humaid_irma_2017_001928,2026-09-27T21:17:12.084144+00:00,1.0,SEMI_SYNTHETIC
edge_394455_519049_4058,394455,519049,crisismmd_harvey_img_49102,2026-09-27T00:17:58.288541+00:00,1.0,SEMI_SYNTHETIC
edge_757263_521265_4059,757263,521265,crisismmd_harvey_img_49102,2026-09-27T00:18:00.656484+00:00,1.0,SEMI_SYNTHETIC
edge_888484_27094_4060,888484,27094,ff_face2face_mayoral_evac_0091,2026-09-27T22:17:12.083705+00:00,1.0,SEMI_SYNTHETIC
edge_23930_237497_4061,23930,237497,humaid_irma_2017_001928,2026-09-27T21:19:31.324783+00:00,1.0,SEMI_SYNTHETIC
edge_62500_877176_4062,62500,877176,crisismmd_harvey_img_49102,2026-09-27T00:18:02.420355+00:00,1.0,SEMI_SYNTHETIC
edge_961973_131531_4063,961973,131531,crisismmd_harvey_img_49102,2026-09-27T00:18:03.703175+00:00,1.0,SEMI_SYNTHETIC
edge_753271_300794_4064,753271,300794,humaid_irma_2017_001928,2026-09-27T21:21:48.012460+00:00,1.0,SEMI_SYNTHETIC
edge_430820_569951_4065,430820,569951,dfdc_syn_bridge_collapse_84920,2026-09-27T01:40:55.367870+00:00,1.0,SEMI_SYNTHETIC
edge_636915_874774_4066,636915,874774,crisislex_california_fire_81729,2026-09-27T22:17:50.910738+00:00,1.0,SEMI_SYNTHETIC
edge_542257_517417_4067,542257,517417,crisislex_california_fire_81729,2026-09-27T22:20:37.058092+00:00,1.0,SEMI_SYNTHETIC
edge_123033_245561_4068,123033,245561,dfdc_syn_bridge_collapse_84920,2026-09-27T01:41:01.382063+00:00,1.0,SEMI_SYNTHETIC
edge_264244_508306_4069,264244,508306,ff_face2face_mayoral_evac_0091,2026-09-27T22:18:42.322628+00:00,1.0,SEMI_SYNTHETIC
edge_721751_632408_4070,721751,632408,crisislex_california_fire_81729,2026-09-27T22:23:24.159711+00:00,1.0,SEMI_SYNTHETIC
edge_155446_980766_4071,155446,980766,dfdc_syn_bridge_collapse_84920,2026-09-27T01:41:02.703303+00:00,1.0,SEMI_SYNTHETIC
edge_335454_265051_4072,335454,265051,ff_face2face_mayoral_evac_0091,2026-09-27T22:20:04.280673+00:00,1.0,SEMI_SYNTHETIC
edge_532253_572203_4073,532253,572203,crisismmd_harvey_img_49102,2026-09-27T00:18:04.436462+00:00,1.0,SEMI_SYNTHETIC
edge_718104_147755_4074,718104,147755,crisismmd_harvey_img_49102,2026-09-27T00:18:04.542735+00:00,1.0,SEMI_SYNTHETIC
edge_708917_373656_4075,708917,373656,humaid_irma_2017_001928,2026-09-27T21:23:30.850200+00:00,1.0,SEMI_SYNTHETIC
edge_364335_82481_4076,364335,82481,humaid_irma_2017_001928,2026-09-27T21:24:35.187222+00:00,1.0,SEMI_SYNTHETIC
edge_775075_57188_4077,775075,57188,dfdc_syn_bridge_collapse_84920,2026-09-27T01:41:10.640405+00:00,1.0,SEMI_SYNTHETIC
edge_963759_183688_4078,963759,183688,dfdc_syn_bridge_collapse_84920,2026-09-27T01:41:25.477332+00:00,1.0,SEMI_SYNTHETIC
edge_103752_374750_4079,103752,374750,crisislex_california_fire_81729,2026-09-27T22:25:35.330332+00:00,1.0,SEMI_SYNTHETIC
edge_627238_807962_4080,627238,807962,humaid_irma_2017_001928,2026-09-27T21:26:47.992145+00:00,1.0,SEMI_SYNTHETIC
edge_905072_871722_4081,905072,871722,crisislex_california_fire_81729,2026-09-27T22:27:00.702769+00:00,1.0,SEMI_SYNTHETIC
edge_742975_338497_4082,742975,338497,humaid_irma_2017_001928,2026-09-27T21:27:27.485474+00:00,1.0,SEMI_SYNTHETIC
edge_198440_774923_4083,198440,774923,humaid_irma_2017_001928,2026-09-27T21:28:34.452969+00:00,1.0,SEMI_SYNTHETIC
edge_241342_550472_4084,241342,550472,humaid_irma_2017_001928,2026-09-27T21:30:30.131350+00:00,1.0,SEMI_SYNTHETIC
edge_188670_402383_4085,188670,402383,ff_face2face_mayoral_evac_0091,2026-09-27T22:21:26.479255+00:00,1.0,SEMI_SYNTHETIC
edge_717137_785959_4086,717137,785959,humaid_irma_2017_001928,2026-09-27T21:32:07.144990+00:00,1.0,SEMI_SYNTHETIC
edge_327823_679171_4087,327823,679171,crisislex_california_fire_81729,2026-09-27T22:27:22.055339+00:00,1.0,SEMI_SYNTHETIC
edge_240988_665643_4088,240988,665643,crisismmd_harvey_img_49102,2026-09-27T00:18:06.488584+00:00,1.0,SEMI_SYNTHETIC
edge_717100_802309_4089,717100,802309,humaid_irma_2017_001928,2026-09-27T21:32:23.322088+00:00,1.0,SEMI_SYNTHETIC
edge_644032_918833_4090,644032,918833,dfdc_syn_bridge_collapse_84920,2026-09-27T01:41:26.594470+00:00,1.0,SEMI_SYNTHETIC
edge_140853_514575_4091,140853,514575,crisislex_california_fire_81729,2026-09-27T22:28:21.392045+00:00,1.0,SEMI_SYNTHETIC
edge_779074_555252_4092,779074,555252,dfdc_syn_bridge_collapse_84920,2026-09-27T01:41:36.936194+00:00,1.0,SEMI_SYNTHETIC
edge_512201_197123_4093,512201,197123,humaid_irma_2017_001928,2026-09-27T21:34:42.091667+00:00,1.0,SEMI_SYNTHETIC
edge_566553_873245_4094,566553,873245,humaid_irma_2017_001928,2026-09-27T21:36:18.636476+00:00,1.0,SEMI_SYNTHETIC
edge_960064_613682_4095,960064,613682,dfdc_syn_bridge_collapse_84920,2026-09-27T01:41:43.664533+00:00,1.0,SEMI_SYNTHETIC
edge_830318_457232_4096,830318,457232,crisismmd_harvey_img_49102,2026-09-27T00:18:06.647564+00:00,1.0,SEMI_SYNTHETIC
edge_455764_911347_4097,455764,911347,ff_face2face_mayoral_evac_0091,2026-09-27T22:24:13.613387+00:00,1.0,SEMI_SYNTHETIC
edge_743203_453555_4098,743203,453555,ff_face2face_mayoral_evac_0091,2026-09-27T22:25:51.116338+00:00,1.0,SEMI_SYNTHETIC
edge_350645_969064_4099,350645,969064,ff_face2face_mayoral_evac_0091,2026-09-27T22:27:50.525170+00:00,1.0,SEMI_SYNTHETIC
edge_648788_854621_4100,648788,854621,crisislex_california_fire_81729,2026-09-27T22:31:07.244084+00:00,1.0,SEMI_SYNTHETIC
edge_571471_128238_4101,571471,128238,crisismmd_harvey_img_49102,2026-09-27T00:18:08.141436+00:00,1.0,SEMI_SYNTHETIC
edge_464908_69611_4102,464908,69611,crisismmd_harvey_img_49102,2026-09-27T00:18:09.060792+00:00,1.0,SEMI_SYNTHETIC
edge_889340_516983_4103,889340,516983,crisislex_california_fire_81729,2026-09-27T22:33:39.354881+00:00,1.0,SEMI_SYNTHETIC
edge_40750_516983_4104,40750,516983,crisislex_california_fire_81729,2026-09-27T22:34:52.145658+00:00,1.0,SEMI_SYNTHETIC
edge_355675_481331_4105,355675,481331,crisismmd_harvey_img_49102,2026-09-27T00:18:09.460308+00:00,1.0,SEMI_SYNTHETIC
edge_914891_99913_4106,914891,99913,crisislex_california_fire_81729,2026-09-27T22:35:34.185728+00:00,1.0,SEMI_SYNTHETIC
edge_94178_108052_4107,94178,108052,ff_face2face_mayoral_evac_0091,2026-09-27T22:29:00.181378+00:00,1.0,SEMI_SYNTHETIC
edge_821459_512235_4108,821459,512235,crisismmd_harvey_img_49102,2026-09-27T00:18:10.821705+00:00,1.0,SEMI_SYNTHETIC
edge_199736_594437_4109,199736,594437,crisislex_california_fire_81729,2026-09-27T22:36:15.403792+00:00,1.0,SEMI_SYNTHETIC
edge_495548_892600_4110,495548,892600,ff_face2face_mayoral_evac_0091,2026-09-27T22:30:45.581662+00:00,1.0,SEMI_SYNTHETIC
edge_28893_889041_4111,28893,889041,dfdc_syn_bridge_collapse_84920,2026-09-27T01:41:53.660379+00:00,1.0,SEMI_SYNTHETIC
edge_420438_516569_4112,420438,516569,dfdc_syn_bridge_collapse_84920,2026-09-27T01:41:59.418915+00:00,1.0,SEMI_SYNTHETIC
edge_431003_187544_4113,431003,187544,humaid_irma_2017_001928,2026-09-27T21:37:52.515770+00:00,1.0,SEMI_SYNTHETIC
edge_902319_141113_4114,902319,141113,crisislex_california_fire_81729,2026-09-27T22:37:23.990815+00:00,1.0,SEMI_SYNTHETIC
edge_413116_389615_4115,413116,389615,crisislex_california_fire_81729,2026-09-27T22:38:09.830319+00:00,1.0,SEMI_SYNTHETIC
edge_30775_507350_4116,30775,507350,humaid_irma_2017_001928,2026-09-27T21:38:04.834584+00:00,1.0,SEMI_SYNTHETIC
edge_454045_294790_4117,454045,294790,crisismmd_harvey_img_49102,2026-09-27T00:18:12.806896+00:00,1.0,SEMI_SYNTHETIC
edge_675904_648788_4118,675904,648788,crisislex_california_fire_81729,2026-09-27T22:39:36.539812+00:00,1.0,SEMI_SYNTHETIC
edge_106491_544324_4119,106491,544324,humaid_irma_2017_001928,2026-09-27T21:40:13.373236+00:00,1.0,SEMI_SYNTHETIC
edge_955072_165565_4120,955072,165565,crisismmd_harvey_img_49102,2026-09-27T00:18:13.639077+00:00,1.0,SEMI_SYNTHETIC
edge_837311_737382_4121,837311,737382,ff_face2face_mayoral_evac_0091,2026-09-27T22:31:39.052730+00:00,1.0,SEMI_SYNTHETIC
edge_769749_502331_4122,769749,502331,crisismmd_harvey_img_49102,2026-09-27T00:18:14.346642+00:00,1.0,SEMI_SYNTHETIC
edge_872685_553114_4123,872685,553114,ff_face2face_mayoral_evac_0091,2026-09-27T22:33:40.456516+00:00,1.0,SEMI_SYNTHETIC
edge_217931_264963_4124,217931,264963,crisislex_california_fire_81729,2026-09-27T22:40:20.306342+00:00,1.0,SEMI_SYNTHETIC
edge_583605_992750_4125,583605,992750,crisislex_california_fire_81729,2026-09-27T22:42:36.345931+00:00,1.0,SEMI_SYNTHETIC
edge_420661_843862_4126,420661,843862,dfdc_syn_bridge_collapse_84920,2026-09-27T01:42:12.384379+00:00,1.0,SEMI_SYNTHETIC
edge_505727_566999_4127,505727,566999,crisislex_california_fire_81729,2026-09-27T22:43:39.588203+00:00,1.0,SEMI_SYNTHETIC
edge_265541_265537_4128,265541,265537,ff_face2face_mayoral_evac_0091,2026-09-27T22:33:51.234338+00:00,1.0,SEMI_SYNTHETIC
edge_879396_175722_4129,879396,175722,ff_face2face_mayoral_evac_0091,2026-09-27T22:36:12.381437+00:00,1.0,SEMI_SYNTHETIC
edge_734050_203910_4130,734050,203910,crisismmd_harvey_img_49102,2026-09-27T00:18:15.031894+00:00,1.0,SEMI_SYNTHETIC
edge_330446_655836_4131,330446,655836,crisislex_california_fire_81729,2026-09-27T22:43:54.972743+00:00,1.0,SEMI_SYNTHETIC
edge_567854_621866_4132,567854,621866,humaid_irma_2017_001928,2026-09-27T21:41:24.773522+00:00,1.0,SEMI_SYNTHETIC
edge_216646_98425_4133,216646,98425,ff_face2face_mayoral_evac_0091,2026-09-27T22:36:50.462881+00:00,1.0,SEMI_SYNTHETIC
edge_478542_189820_4134,478542,189820,crisislex_california_fire_81729,2026-09-27T22:46:13.915574+00:00,1.0,SEMI_SYNTHETIC
edge_292739_214459_4135,292739,214459,ff_face2face_mayoral_evac_0091,2026-09-27T22:39:34.650410+00:00,1.0,SEMI_SYNTHETIC
edge_599538_522340_4136,599538,522340,crisismmd_harvey_img_49102,2026-09-27T00:18:16.732584+00:00,1.0,SEMI_SYNTHETIC
edge_381560_695815_4137,381560,695815,humaid_irma_2017_001928,2026-09-27T21:42:46.464244+00:00,1.0,SEMI_SYNTHETIC
edge_34284_699525_4138,34284,699525,dfdc_syn_bridge_collapse_84920,2026-09-27T01:42:23.032166+00:00,1.0,SEMI_SYNTHETIC
edge_156034_109335_4139,156034,109335,crisislex_california_fire_81729,2026-09-27T22:46:39.931830+00:00,1.0,SEMI_SYNTHETIC
edge_253836_432394_4140,253836,432394,crisislex_california_fire_81729,2026-09-27T22:47:34.951784+00:00,1.0,SEMI_SYNTHETIC
edge_92490_125063_4141,92490,125063,ff_face2face_mayoral_evac_0091,2026-09-27T22:41:30.125302+00:00,1.0,SEMI_SYNTHETIC
edge_40610_942358_4142,40610,942358,humaid_irma_2017_001928,2026-09-27T21:43:15.449050+00:00,1.0,SEMI_SYNTHETIC
edge_166224_720034_4143,166224,720034,dfdc_syn_bridge_collapse_84920,2026-09-27T01:42:29.647636+00:00,1.0,SEMI_SYNTHETIC
edge_735510_976372_4144,735510,976372,ff_face2face_mayoral_evac_0091,2026-09-27T22:44:14.164119+00:00,1.0,SEMI_SYNTHETIC
edge_719778_127957_4145,719778,127957,crisismmd_harvey_img_49102,2026-09-27T00:18:18.022768+00:00,1.0,SEMI_SYNTHETIC
edge_462344_732986_4146,462344,732986,crisismmd_harvey_img_49102,2026-09-27T00:18:18.944100+00:00,1.0,SEMI_SYNTHETIC
edge_349926_908849_4147,349926,908849,crisislex_california_fire_81729,2026-09-27T22:50:04.997301+00:00,1.0,SEMI_SYNTHETIC
edge_384844_976372_4148,384844,976372,ff_face2face_mayoral_evac_0091,2026-09-27T22:46:17.309695+00:00,1.0,SEMI_SYNTHETIC
edge_506926_289692_4149,506926,289692,dfdc_syn_bridge_collapse_84920,2026-09-27T01:42:40.288565+00:00,1.0,SEMI_SYNTHETIC
edge_413986_571221_4150,413986,571221,humaid_irma_2017_001928,2026-09-27T21:44:36.123682+00:00,1.0,SEMI_SYNTHETIC
edge_453734_293242_4151,453734,293242,dfdc_syn_bridge_collapse_84920,2026-09-27T01:42:53.130550+00:00,1.0,SEMI_SYNTHETIC
edge_799847_579460_4152,799847,579460,dfdc_syn_bridge_collapse_84920,2026-09-27T01:43:04.785258+00:00,1.0,SEMI_SYNTHETIC
edge_473549_512257_4153,473549,512257,crisislex_california_fire_81729,2026-09-27T22:50:58.778858+00:00,1.0,SEMI_SYNTHETIC
edge_255410_409948_4154,255410,409948,humaid_irma_2017_001928,2026-09-27T21:46:26.280108+00:00,1.0,SEMI_SYNTHETIC
edge_636747_28223_4155,636747,28223,ff_face2face_mayoral_evac_0091,2026-09-27T22:47:08.194514+00:00,1.0,SEMI_SYNTHETIC
edge_361888_700077_4156,361888,700077,humaid_irma_2017_001928,2026-09-27T21:47:50.370630+00:00,1.0,SEMI_SYNTHETIC
edge_972262_854483_4157,972262,854483,crisismmd_harvey_img_49102,2026-09-27T00:18:20.774749+00:00,1.0,SEMI_SYNTHETIC
edge_807535_121090_4158,807535,121090,ff_face2face_mayoral_evac_0091,2026-09-27T22:48:33.115759+00:00,1.0,SEMI_SYNTHETIC
edge_50347_988099_4159,50347,988099,dfdc_syn_bridge_collapse_84920,2026-09-27T01:43:17.374243+00:00,1.0,SEMI_SYNTHETIC
edge_169649_806573_4160,169649,806573,crisismmd_harvey_img_49102,2026-09-27T00:18:22.915251+00:00,1.0,SEMI_SYNTHETIC
edge_58442_357412_4161,58442,357412,crisismmd_harvey_img_49102,2026-09-27T00:18:24.473987+00:00,1.0,SEMI_SYNTHETIC
edge_268281_379221_4162,268281,379221,dfdc_syn_bridge_collapse_84920,2026-09-27T01:43:26.115922+00:00,1.0,SEMI_SYNTHETIC
edge_203782_974893_4163,203782,974893,ff_face2face_mayoral_evac_0091,2026-09-27T22:49:44.623780+00:00,1.0,SEMI_SYNTHETIC
edge_794845_47870_4164,794845,47870,humaid_irma_2017_001928,2026-09-27T21:48:19.104479+00:00,1.0,SEMI_SYNTHETIC
edge_688320_524591_4165,688320,524591,crisismmd_harvey_img_49102,2026-09-27T00:18:25.039785+00:00,1.0,SEMI_SYNTHETIC
edge_939666_248998_4166,939666,248998,ff_face2face_mayoral_evac_0091,2026-09-27T22:52:24.722289+00:00,1.0,SEMI_SYNTHETIC
edge_721148_828149_4167,721148,828149,dfdc_syn_bridge_collapse_84920,2026-09-27T01:43:36.418536+00:00,1.0,SEMI_SYNTHETIC
edge_715845_677137_4168,715845,677137,crisismmd_harvey_img_49102,2026-09-27T00:18:25.177704+00:00,1.0,SEMI_SYNTHETIC
edge_963891_500636_4169,963891,500636,crisislex_california_fire_81729,2026-09-27T22:51:30.285057+00:00,1.0,SEMI_SYNTHETIC
edge_654228_825572_4170,654228,825572,dfdc_syn_bridge_collapse_84920,2026-09-27T01:43:44.547807+00:00,1.0,SEMI_SYNTHETIC
edge_174344_638328_4171,174344,638328,humaid_irma_2017_001928,2026-09-27T21:50:33.400706+00:00,1.0,SEMI_SYNTHETIC
edge_347917_226092_4172,347917,226092,crisislex_california_fire_81729,2026-09-27T22:52:22.136610+00:00,1.0,SEMI_SYNTHETIC
edge_386422_907912_4173,386422,907912,ff_face2face_mayoral_evac_0091,2026-09-27T22:53:48.697700+00:00,1.0,SEMI_SYNTHETIC
edge_316202_600729_4174,316202,600729,crisislex_california_fire_81729,2026-09-27T22:54:28.152199+00:00,1.0,SEMI_SYNTHETIC
edge_915328_355888_4175,915328,355888,crisislex_california_fire_81729,2026-09-27T22:56:44.034665+00:00,1.0,SEMI_SYNTHETIC
edge_16163_955072_4176,16163,955072,crisismmd_harvey_img_49102,2026-09-27T00:18:25.935698+00:00,1.0,SEMI_SYNTHETIC
edge_591908_445544_4177,591908,445544,ff_face2face_mayoral_evac_0091,2026-09-27T22:56:04.905913+00:00,1.0,SEMI_SYNTHETIC
edge_188363_991784_4178,188363,991784,dfdc_syn_bridge_collapse_84920,2026-09-27T01:43:55.974672+00:00,1.0,SEMI_SYNTHETIC
edge_690079_721444_4179,690079,721444,crisislex_california_fire_81729,2026-09-27T22:58:01.994724+00:00,1.0,SEMI_SYNTHETIC
edge_296410_129248_4180,296410,129248,crisismmd_harvey_img_49102,2026-09-27T00:18:26.056119+00:00,1.0,SEMI_SYNTHETIC
edge_755520_553878_4181,755520,553878,ff_face2face_mayoral_evac_0091,2026-09-27T22:58:10.407311+00:00,1.0,SEMI_SYNTHETIC
edge_89185_123000_4182,89185,123000,dfdc_syn_bridge_collapse_84920,2026-09-27T01:44:08.017979+00:00,1.0,SEMI_SYNTHETIC
edge_923674_692139_4183,923674,692139,crisislex_california_fire_81729,2026-09-27T23:00:05.049958+00:00,1.0,SEMI_SYNTHETIC
edge_581989_117197_4184,581989,117197,humaid_irma_2017_001928,2026-09-27T21:51:24.827050+00:00,1.0,SEMI_SYNTHETIC
edge_187271_429225_4185,187271,429225,dfdc_syn_bridge_collapse_84920,2026-09-27T01:44:09.058887+00:00,1.0,SEMI_SYNTHETIC
edge_728422_160157_4186,728422,160157,dfdc_syn_bridge_collapse_84920,2026-09-27T01:44:12.492264+00:00,1.0,SEMI_SYNTHETIC
edge_243060_688044_4187,243060,688044,ff_face2face_mayoral_evac_0091,2026-09-27T22:59:49.312530+00:00,1.0,SEMI_SYNTHETIC
edge_100128_567379_4188,100128,567379,humaid_irma_2017_001928,2026-09-27T21:52:15.212084+00:00,1.0,SEMI_SYNTHETIC
edge_498486_354492_4189,498486,354492,ff_face2face_mayoral_evac_0091,2026-09-27T23:02:47.673246+00:00,1.0,SEMI_SYNTHETIC
edge_203134_887252_4190,203134,887252,crisislex_california_fire_81729,2026-09-27T23:02:15.143201+00:00,1.0,SEMI_SYNTHETIC
edge_114567_480359_4191,114567,480359,humaid_irma_2017_001928,2026-09-27T21:53:25.322076+00:00,1.0,SEMI_SYNTHETIC
edge_292060_298671_4192,292060,298671,ff_face2face_mayoral_evac_0091,2026-09-27T23:05:32.938451+00:00,1.0,SEMI_SYNTHETIC
edge_119261_119619_4193,119261,119619,humaid_irma_2017_001928,2026-09-27T21:55:50.379571+00:00,1.0,SEMI_SYNTHETIC
edge_935003_406835_4194,935003,406835,ff_face2face_mayoral_evac_0091,2026-09-27T23:05:44.029810+00:00,1.0,SEMI_SYNTHETIC
edge_282149_402125_4195,282149,402125,humaid_irma_2017_001928,2026-09-27T21:57:46.156254+00:00,1.0,SEMI_SYNTHETIC
edge_364871_969064_4196,364871,969064,ff_face2face_mayoral_evac_0091,2026-09-27T23:07:36.966157+00:00,1.0,SEMI_SYNTHETIC
edge_257807_133527_4197,257807,133527,humaid_irma_2017_001928,2026-09-27T21:59:38.163023+00:00,1.0,SEMI_SYNTHETIC
edge_796519_75646_4198,796519,75646,humaid_irma_2017_001928,2026-09-27T22:01:45.139782+00:00,1.0,SEMI_SYNTHETIC
edge_788237_817788_4199,788237,817788,ff_face2face_mayoral_evac_0091,2026-09-27T23:08:27.854161+00:00,1.0,SEMI_SYNTHETIC
edge_400337_476428_4200,400337,476428,ff_face2face_mayoral_evac_0091,2026-09-27T23:11:14.877485+00:00,1.0,SEMI_SYNTHETIC
edge_793747_729349_4201,793747,729349,dfdc_syn_bridge_collapse_84920,2026-09-27T01:44:19.914993+00:00,1.0,SEMI_SYNTHETIC
edge_982689_45188_4202,982689,45188,humaid_irma_2017_001928,2026-09-27T22:02:23.338237+00:00,1.0,SEMI_SYNTHETIC
edge_835710_14359_4203,835710,14359,crisismmd_harvey_img_49102,2026-09-27T00:18:27.757439+00:00,1.0,SEMI_SYNTHETIC
edge_10889_546448_4204,10889,546448,ff_face2face_mayoral_evac_0091,2026-09-27T23:11:54.781973+00:00,1.0,SEMI_SYNTHETIC
edge_727433_537831_4205,727433,537831,humaid_irma_2017_001928,2026-09-27T22:02:45.513361+00:00,1.0,SEMI_SYNTHETIC
edge_640157_229242_4206,640157,229242,humaid_irma_2017_001928,2026-09-27T22:03:59.194215+00:00,1.0,SEMI_SYNTHETIC
edge_512475_27531_4207,512475,27531,crisislex_california_fire_81729,2026-09-27T23:04:30.453935+00:00,1.0,SEMI_SYNTHETIC
edge_631968_896581_4208,631968,896581,crisismmd_harvey_img_49102,2026-09-27T00:18:28.789355+00:00,1.0,SEMI_SYNTHETIC
edge_827270_432346_4209,827270,432346,ff_face2face_mayoral_evac_0091,2026-09-27T23:14:42.367325+00:00,1.0,SEMI_SYNTHETIC
edge_642659_260417_4210,642659,260417,humaid_irma_2017_001928,2026-09-27T22:04:14.006373+00:00,1.0,SEMI_SYNTHETIC
edge_371250_620610_4211,371250,620610,dfdc_syn_bridge_collapse_84920,2026-09-27T01:44:26.536897+00:00,1.0,SEMI_SYNTHETIC
edge_129133_325296_4212,129133,325296,dfdc_syn_bridge_collapse_84920,2026-09-27T01:44:37.992377+00:00,1.0,SEMI_SYNTHETIC
edge_243889_283698_4213,243889,283698,dfdc_syn_bridge_collapse_84920,2026-09-27T01:44:45.748137+00:00,1.0,SEMI_SYNTHETIC
edge_162204_900036_4214,162204,900036,humaid_irma_2017_001928,2026-09-27T22:06:58.339656+00:00,1.0,SEMI_SYNTHETIC
edge_304404_903891_4215,304404,903891,humaid_irma_2017_001928,2026-09-27T22:08:40.686393+00:00,1.0,SEMI_SYNTHETIC
edge_740357_729656_4216,740357,729656,crisislex_california_fire_81729,2026-09-27T23:05:13.192458+00:00,1.0,SEMI_SYNTHETIC
edge_720038_902964_4217,720038,902964,ff_face2face_mayoral_evac_0091,2026-09-27T23:16:43.207941+00:00,1.0,SEMI_SYNTHETIC
edge_274287_373624_4218,274287,373624,crisislex_california_fire_81729,2026-09-27T23:07:27.139175+00:00,1.0,SEMI_SYNTHETIC
edge_639426_303814_4219,639426,303814,ff_face2face_mayoral_evac_0091,2026-09-27T23:19:25.254244+00:00,1.0,SEMI_SYNTHETIC
edge_125740_875932_4220,125740,875932,dfdc_syn_bridge_collapse_84920,2026-09-27T01:44:59.766156+00:00,1.0,SEMI_SYNTHETIC
edge_783607_232964_4221,783607,232964,ff_face2face_mayoral_evac_0091,2026-09-27T23:21:49.643908+00:00,1.0,SEMI_SYNTHETIC
edge_90708_62578_4222,90708,62578,crisislex_california_fire_81729,2026-09-27T23:09:08.010492+00:00,1.0,SEMI_SYNTHETIC
edge_879364_864141_4223,879364,864141,crisismmd_harvey_img_49102,2026-09-27T00:18:29.864672+00:00,1.0,SEMI_SYNTHETIC
edge_867710_519825_4224,867710,519825,crisislex_california_fire_81729,2026-09-27T23:10:36.380213+00:00,1.0,SEMI_SYNTHETIC
edge_238504_265537_4225,238504,265537,ff_face2face_mayoral_evac_0091,2026-09-27T23:22:17.214385+00:00,1.0,SEMI_SYNTHETIC
edge_904378_736515_4226,904378,736515,crisislex_california_fire_81729,2026-09-27T23:12:12.590030+00:00,1.0,SEMI_SYNTHETIC
edge_566166_29116_4227,566166,29116,crisislex_california_fire_81729,2026-09-27T23:14:12.795973+00:00,1.0,SEMI_SYNTHETIC
edge_873290_17804_4228,873290,17804,dfdc_syn_bridge_collapse_84920,2026-09-27T01:45:10.533947+00:00,1.0,SEMI_SYNTHETIC
edge_726458_215888_4229,726458,215888,humaid_irma_2017_001928,2026-09-27T22:10:03.109495+00:00,1.0,SEMI_SYNTHETIC
edge_452070_498540_4230,452070,498540,humaid_irma_2017_001928,2026-09-27T22:11:19.242465+00:00,1.0,SEMI_SYNTHETIC
edge_290767_704379_4231,290767,704379,dfdc_syn_bridge_collapse_84920,2026-09-27T01:45:12.610291+00:00,1.0,SEMI_SYNTHETIC
edge_509354_926057_4232,509354,926057,humaid_irma_2017_001928,2026-09-27T22:12:22.022755+00:00,1.0,SEMI_SYNTHETIC
edge_359079_811674_4233,359079,811674,crisislex_california_fire_81729,2026-09-27T23:15:23.529688+00:00,1.0,SEMI_SYNTHETIC
edge_723118_296410_4234,723118,296410,crisismmd_harvey_img_49102,2026-09-27T00:18:31.632299+00:00,1.0,SEMI_SYNTHETIC
edge_901930_136215_4235,901930,136215,crisislex_california_fire_81729,2026-09-27T23:17:06.716669+00:00,1.0,SEMI_SYNTHETIC
edge_945304_885849_4236,945304,885849,dfdc_syn_bridge_collapse_84920,2026-09-27T01:45:22.062884+00:00,1.0,SEMI_SYNTHETIC
edge_785701_354492_4237,785701,354492,ff_face2face_mayoral_evac_0091,2026-09-27T23:24:44.697121+00:00,1.0,SEMI_SYNTHETIC
edge_882490_249074_4238,882490,249074,crisislex_california_fire_81729,2026-09-27T23:19:46.416053+00:00,1.0,SEMI_SYNTHETIC
edge_747374_720029_4239,747374,720029,ff_face2face_mayoral_evac_0091,2026-09-27T23:27:27.362272+00:00,1.0,SEMI_SYNTHETIC
edge_424360_724442_4240,424360,724442,dfdc_syn_bridge_collapse_84920,2026-09-27T01:45:28.744309+00:00,1.0,SEMI_SYNTHETIC
edge_768464_882490_4241,768464,882490,crisislex_california_fire_81729,2026-09-27T23:20:40.806479+00:00,1.0,SEMI_SYNTHETIC
edge_823674_134980_4242,823674,134980,crisismmd_harvey_img_49102,2026-09-27T00:18:32.496313+00:00,1.0,SEMI_SYNTHETIC
edge_429370_999696_4243,429370,999696,dfdc_syn_bridge_collapse_84920,2026-09-27T01:45:29.865786+00:00,1.0,SEMI_SYNTHETIC
edge_459471_294790_4244,459471,294790,crisismmd_harvey_img_49102,2026-09-27T00:18:34.456721+00:00,1.0,SEMI_SYNTHETIC
edge_152198_115338_4245,152198,115338,crisismmd_harvey_img_49102,2026-09-27T00:18:35.426391+00:00,1.0,SEMI_SYNTHETIC
edge_746748_171447_4246,746748,171447,humaid_irma_2017_001928,2026-09-27T22:14:07.631325+00:00,1.0,SEMI_SYNTHETIC
edge_807373_503563_4247,807373,503563,ff_face2face_mayoral_evac_0091,2026-09-27T23:29:25.490969+00:00,1.0,SEMI_SYNTHETIC
edge_236274_785701_4248,236274,785701,ff_face2face_mayoral_evac_0091,2026-09-27T23:30:43.569183+00:00,1.0,SEMI_SYNTHETIC
edge_736045_557957_4249,736045,557957,ff_face2face_mayoral_evac_0091,2026-09-27T23:31:26.227793+00:00,1.0,SEMI_SYNTHETIC
edge_974565_453555_4250,974565,453555,ff_face2face_mayoral_evac_0091,2026-09-27T23:33:27.894387+00:00,1.0,SEMI_SYNTHETIC
edge_108626_668007_4251,108626,668007,dfdc_syn_bridge_collapse_84920,2026-09-27T01:45:39.972173+00:00,1.0,SEMI_SYNTHETIC
edge_858694_341863_4252,858694,341863,crisislex_california_fire_81729,2026-09-27T23:23:20.331517+00:00,1.0,SEMI_SYNTHETIC
edge_955592_529238_4253,955592,529238,dfdc_syn_bridge_collapse_84920,2026-09-27T01:45:43.559758+00:00,1.0,SEMI_SYNTHETIC
edge_186366_696433_4254,186366,696433,crisislex_california_fire_81729,2026-09-27T23:23:47.310784+00:00,1.0,SEMI_SYNTHETIC
edge_42314_899753_4255,42314,899753,crisislex_california_fire_81729,2026-09-27T23:26:25.655361+00:00,1.0,SEMI_SYNTHETIC
edge_741598_673877_4256,741598,673877,crisismmd_harvey_img_49102,2026-09-27T00:18:36.113553+00:00,1.0,SEMI_SYNTHETIC
edge_710771_609743_4257,710771,609743,ff_face2face_mayoral_evac_0091,2026-09-27T23:34:47.824353+00:00,1.0,SEMI_SYNTHETIC
edge_18456_818184_4258,18456,818184,ff_face2face_mayoral_evac_0091,2026-09-27T23:36:49.577255+00:00,1.0,SEMI_SYNTHETIC
edge_661162_344347_4259,661162,344347,crisislex_california_fire_81729,2026-09-27T23:27:24.106576+00:00,1.0,SEMI_SYNTHETIC
edge_881175_747435_4260,881175,747435,humaid_irma_2017_001928,2026-09-27T22:16:50.164653+00:00,1.0,SEMI_SYNTHETIC
edge_663880_104509_4261,663880,104509,crisismmd_harvey_img_49102,2026-09-27T00:18:38.226603+00:00,1.0,SEMI_SYNTHETIC
edge_38480_125740_4262,38480,125740,dfdc_syn_bridge_collapse_84920,2026-09-27T01:45:49.957367+00:00,1.0,SEMI_SYNTHETIC
edge_615979_103624_4263,615979,103624,crisismmd_harvey_img_49102,2026-09-27T00:18:39.246597+00:00,1.0,SEMI_SYNTHETIC
edge_410798_546270_4264,410798,546270,dfdc_syn_bridge_collapse_84920,2026-09-27T01:45:51.450624+00:00,1.0,SEMI_SYNTHETIC
edge_191685_121600_4265,191685,121600,ff_face2face_mayoral_evac_0091,2026-09-27T23:38:38.701878+00:00,1.0,SEMI_SYNTHETIC
edge_606305_672951_4266,606305,672951,crisislex_california_fire_81729,2026-09-27T23:28:33.092174+00:00,1.0,SEMI_SYNTHETIC
edge_648404_187544_4267,648404,187544,humaid_irma_2017_001928,2026-09-27T22:18:46.433780+00:00,1.0,SEMI_SYNTHETIC
edge_304065_965632_4268,304065,965632,crisislex_california_fire_81729,2026-09-27T23:30:57.910596+00:00,1.0,SEMI_SYNTHETIC
edge_547277_443626_4269,547277,443626,dfdc_syn_bridge_collapse_84920,2026-09-27T01:45:56.567410+00:00,1.0,SEMI_SYNTHETIC
edge_552525_799762_4270,552525,799762,crisismmd_harvey_img_49102,2026-09-27T00:18:40.330865+00:00,1.0,SEMI_SYNTHETIC
edge_117507_889950_4271,117507,889950,dfdc_syn_bridge_collapse_84920,2026-09-27T01:46:10.899218+00:00,1.0,SEMI_SYNTHETIC
edge_49093_353772_4272,49093,353772,crisislex_california_fire_81729,2026-09-27T23:32:12.722916+00:00,1.0,SEMI_SYNTHETIC
edge_599320_351092_4273,599320,351092,crisismmd_harvey_img_49102,2026-09-27T00:18:42.379510+00:00,1.0,SEMI_SYNTHETIC
edge_481614_563810_4274,481614,563810,crisislex_california_fire_81729,2026-09-27T23:35:03.324379+00:00,1.0,SEMI_SYNTHETIC
edge_805993_665643_4275,805993,665643,crisismmd_harvey_img_49102,2026-09-27T00:18:44.450372+00:00,1.0,SEMI_SYNTHETIC
edge_931842_606724_4276,931842,606724,crisislex_california_fire_81729,2026-09-27T23:37:30.507690+00:00,1.0,SEMI_SYNTHETIC
edge_457658_734423_4277,457658,734423,ff_face2face_mayoral_evac_0091,2026-09-27T23:41:12.101638+00:00,1.0,SEMI_SYNTHETIC
edge_348392_24219_4278,348392,24219,crisislex_california_fire_81729,2026-09-27T23:40:09.023857+00:00,1.0,SEMI_SYNTHETIC
edge_851553_398837_4279,851553,398837,ff_face2face_mayoral_evac_0091,2026-09-27T23:42:30.927430+00:00,1.0,SEMI_SYNTHETIC
edge_297277_298465_4280,297277,298465,dfdc_syn_bridge_collapse_84920,2026-09-27T01:46:11.962641+00:00,1.0,SEMI_SYNTHETIC
edge_785497_999178_4281,785497,999178,crisislex_california_fire_81729,2026-09-27T23:43:00.445649+00:00,1.0,SEMI_SYNTHETIC
edge_481831_298671_4282,481831,298671,ff_face2face_mayoral_evac_0091,2026-09-27T23:44:34.310971+00:00,1.0,SEMI_SYNTHETIC
edge_121664_200436_4283,121664,200436,crisislex_california_fire_81729,2026-09-27T23:44:48.942074+00:00,1.0,SEMI_SYNTHETIC
edge_63991_741715_4284,63991,741715,humaid_irma_2017_001928,2026-09-27T22:21:24.704819+00:00,1.0,SEMI_SYNTHETIC
edge_805572_644565_4285,805572,644565,crisismmd_harvey_img_49102,2026-09-27T00:18:46.041313+00:00,1.0,SEMI_SYNTHETIC
edge_117614_231628_4286,117614,231628,crisislex_california_fire_81729,2026-09-27T23:45:43.262768+00:00,1.0,SEMI_SYNTHETIC
edge_10054_610414_4287,10054,610414,ff_face2face_mayoral_evac_0091,2026-09-27T23:47:05.286748+00:00,1.0,SEMI_SYNTHETIC
edge_110581_206694_4288,110581,206694,humaid_irma_2017_001928,2026-09-27T22:23:06.984141+00:00,1.0,SEMI_SYNTHETIC
edge_224339_807420_4289,224339,807420,crisismmd_harvey_img_49102,2026-09-27T00:18:46.767136+00:00,1.0,SEMI_SYNTHETIC
edge_613438_822514_4290,613438,822514,dfdc_syn_bridge_collapse_84920,2026-09-27T01:46:26.537835+00:00,1.0,SEMI_SYNTHETIC
edge_806360_770585_4291,806360,770585,humaid_irma_2017_001928,2026-09-27T22:25:47.084521+00:00,1.0,SEMI_SYNTHETIC
edge_839410_524591_4292,839410,524591,crisismmd_harvey_img_49102,2026-09-27T00:18:48.742832+00:00,1.0,SEMI_SYNTHETIC
edge_795792_77098_4293,795792,77098,ff_face2face_mayoral_evac_0091,2026-09-27T23:48:13.623214+00:00,1.0,SEMI_SYNTHETIC
edge_573147_998378_4294,573147,998378,dfdc_syn_bridge_collapse_84920,2026-09-27T01:46:38.673502+00:00,1.0,SEMI_SYNTHETIC
edge_356489_123609_4295,356489,123609,crisismmd_harvey_img_49102,2026-09-27T00:18:50.766522+00:00,1.0,SEMI_SYNTHETIC
edge_790736_875932_4296,790736,875932,dfdc_syn_bridge_collapse_84920,2026-09-27T01:46:47.218344+00:00,1.0,SEMI_SYNTHETIC
edge_669748_551671_4297,669748,551671,ff_face2face_mayoral_evac_0091,2026-09-27T23:50:52.295759+00:00,1.0,SEMI_SYNTHETIC
edge_795021_973055_4298,795021,973055,dfdc_syn_bridge_collapse_84920,2026-09-27T01:46:55.460569+00:00,1.0,SEMI_SYNTHETIC
edge_547027_787048_4299,547027,787048,crisislex_california_fire_81729,2026-09-27T23:48:20.852073+00:00,1.0,SEMI_SYNTHETIC
edge_901450_659063_4300,901450,659063,humaid_irma_2017_001928,2026-09-27T22:27:59.499892+00:00,1.0,SEMI_SYNTHETIC
edge_855689_362508_4301,855689,362508,ff_face2face_mayoral_evac_0091,2026-09-27T23:52:35.671911+00:00,1.0,SEMI_SYNTHETIC
edge_164591_552084_4302,164591,552084,dfdc_syn_bridge_collapse_84920,2026-09-27T01:46:56.482042+00:00,1.0,SEMI_SYNTHETIC
edge_61141_280833_4303,61141,280833,ff_face2face_mayoral_evac_0091,2026-09-27T23:54:03.815209+00:00,1.0,SEMI_SYNTHETIC
edge_452983_314598_4304,452983,314598,ff_face2face_mayoral_evac_0091,2026-09-27T23:55:09.498353+00:00,1.0,SEMI_SYNTHETIC
edge_432540_456087_4305,432540,456087,crisismmd_harvey_img_49102,2026-09-27T00:18:52.498529+00:00,1.0,SEMI_SYNTHETIC
edge_120049_936074_4306,120049,936074,crisislex_california_fire_81729,2026-09-27T23:49:35.030467+00:00,1.0,SEMI_SYNTHETIC
edge_103089_305190_4307,103089,305190,dfdc_syn_bridge_collapse_84920,2026-09-27T01:47:00.228510+00:00,1.0,SEMI_SYNTHETIC
edge_326096_438705_4308,326096,438705,humaid_irma_2017_001928,2026-09-27T22:29:25.743737+00:00,1.0,SEMI_SYNTHETIC
edge_443561_613080_4309,443561,613080,crisismmd_harvey_img_49102,2026-09-27T00:18:53.704891+00:00,1.0,SEMI_SYNTHETIC
edge_740459_381904_4310,740459,381904,ff_face2face_mayoral_evac_0091,2026-09-27T23:56:01.148862+00:00,1.0,SEMI_SYNTHETIC
edge_863244_363032_4311,863244,363032,crisislex_california_fire_81729,2026-09-27T23:52:18.324371+00:00,1.0,SEMI_SYNTHETIC
edge_727371_174016_4312,727371,174016,ff_face2face_mayoral_evac_0091,2026-09-27T23:58:55.400904+00:00,1.0,SEMI_SYNTHETIC
edge_155057_743698_4313,155057,743698,dfdc_syn_bridge_collapse_84920,2026-09-27T01:47:14.401796+00:00,1.0,SEMI_SYNTHETIC
edge_799826_448527_4314,799826,448527,dfdc_syn_bridge_collapse_84920,2026-09-27T01:47:21.647548+00:00,1.0,SEMI_SYNTHETIC
edge_36237_750581_4315,36237,750581,ff_face2face_mayoral_evac_0091,2026-09-28T00:00:11.580782+00:00,1.0,SEMI_SYNTHETIC
edge_381920_466333_4316,381920,466333,dfdc_syn_bridge_collapse_84920,2026-09-27T01:47:22.962931+00:00,1.0,SEMI_SYNTHETIC
edge_342493_846507_4317,342493,846507,crisislex_california_fire_81729,2026-09-27T23:53:44.000238+00:00,1.0,SEMI_SYNTHETIC
edge_71015_930971_4318,71015,930971,dfdc_syn_bridge_collapse_84920,2026-09-27T01:47:33.087301+00:00,1.0,SEMI_SYNTHETIC
edge_438910_481579_4319,438910,481579,humaid_irma_2017_001928,2026-09-27T22:31:12.809551+00:00,1.0,SEMI_SYNTHETIC
edge_767440_652940_4320,767440,652940,crisismmd_harvey_img_49102,2026-09-27T00:18:55.547225+00:00,1.0,SEMI_SYNTHETIC
edge_699150_615659_4321,699150,615659,dfdc_syn_bridge_collapse_84920,2026-09-27T01:47:41.441973+00:00,1.0,SEMI_SYNTHETIC
edge_146455_402435_4322,146455,402435,dfdc_syn_bridge_collapse_84920,2026-09-27T01:47:47.229364+00:00,1.0,SEMI_SYNTHETIC
edge_24133_195691_4323,24133,195691,ff_face2face_mayoral_evac_0091,2026-09-28T00:03:08.835849+00:00,1.0,SEMI_SYNTHETIC
edge_92503_519719_4324,92503,519719,humaid_irma_2017_001928,2026-09-27T22:32:07.048379+00:00,1.0,SEMI_SYNTHETIC
edge_389241_123033_4325,389241,123033,dfdc_syn_bridge_collapse_84920,2026-09-27T01:47:59.638423+00:00,1.0,SEMI_SYNTHETIC
edge_605273_995815_4326,605273,995815,humaid_irma_2017_001928,2026-09-27T22:32:30.421330+00:00,1.0,SEMI_SYNTHETIC
edge_116747_973800_4327,116747,973800,ff_face2face_mayoral_evac_0091,2026-09-28T00:05:40.539021+00:00,1.0,SEMI_SYNTHETIC
edge_984283_374314_4328,984283,374314,crisismmd_harvey_img_49102,2026-09-27T00:18:56.852943+00:00,1.0,SEMI_SYNTHETIC
edge_455697_116429_4329,455697,116429,ff_face2face_mayoral_evac_0091,2026-09-28T00:06:03.544154+00:00,1.0,SEMI_SYNTHETIC
edge_711423_894272_4330,711423,894272,crisislex_california_fire_81729,2026-09-27T23:55:43.282393+00:00,1.0,SEMI_SYNTHETIC
edge_910201_195691_4331,910201,195691,ff_face2face_mayoral_evac_0091,2026-09-28T00:08:18.167356+00:00,1.0,SEMI_SYNTHETIC
edge_786338_735091_4332,786338,735091,ff_face2face_mayoral_evac_0091,2026-09-28T00:10:01.252572+00:00,1.0,SEMI_SYNTHETIC
edge_403139_245561_4333,403139,245561,dfdc_syn_bridge_collapse_84920,2026-09-27T01:48:05.802464+00:00,1.0,SEMI_SYNTHETIC
edge_735253_738770_4334,735253,738770,crisislex_california_fire_81729,2026-09-27T23:56:04.808292+00:00,1.0,SEMI_SYNTHETIC
edge_906915_990696_4335,906915,990696,dfdc_syn_bridge_collapse_84920,2026-09-27T01:48:14.841986+00:00,1.0,SEMI_SYNTHETIC
edge_452846_784031_4336,452846,784031,crisismmd_harvey_img_49102,2026-09-27T00:18:58.964565+00:00,1.0,SEMI_SYNTHETIC
edge_928207_233788_4337,928207,233788,dfdc_syn_bridge_collapse_84920,2026-09-27T01:48:16.781181+00:00,1.0,SEMI_SYNTHETIC
edge_919760_259628_4338,919760,259628,ff_face2face_mayoral_evac_0091,2026-09-28T00:11:15.188966+00:00,1.0,SEMI_SYNTHETIC
edge_786627_368245_4339,786627,368245,crisislex_california_fire_81729,2026-09-27T23:57:55.241024+00:00,1.0,SEMI_SYNTHETIC
edge_12792_256525_4340,12792,256525,dfdc_syn_bridge_collapse_84920,2026-09-27T01:48:21.437283+00:00,1.0,SEMI_SYNTHETIC
edge_184570_860249_4341,184570,860249,crisislex_california_fire_81729,2026-09-27T23:58:49.858480+00:00,1.0,SEMI_SYNTHETIC
edge_96074_211205_4342,96074,211205,dfdc_syn_bridge_collapse_84920,2026-09-27T01:48:33.400558+00:00,1.0,SEMI_SYNTHETIC
edge_512337_243060_4343,512337,243060,ff_face2face_mayoral_evac_0091,2026-09-28T00:12:35.504331+00:00,1.0,SEMI_SYNTHETIC
edge_540036_238981_4344,540036,238981,dfdc_syn_bridge_collapse_84920,2026-09-27T01:48:35.662974+00:00,1.0,SEMI_SYNTHETIC
edge_954454_705684_4345,954454,705684,humaid_irma_2017_001928,2026-09-27T22:33:04.451551+00:00,1.0,SEMI_SYNTHETIC
edge_230240_538373_4346,230240,538373,ff_face2face_mayoral_evac_0091,2026-09-28T00:14:56.820156+00:00,1.0,SEMI_SYNTHETIC
edge_134704_484379_4347,134704,484379,crisislex_california_fire_81729,2026-09-28T00:01:11.747914+00:00,1.0,SEMI_SYNTHETIC
edge_70697_349926_4348,70697,349926,crisislex_california_fire_81729,2026-09-28T00:02:17.485534+00:00,1.0,SEMI_SYNTHETIC
edge_971202_889340_4349,971202,889340,crisislex_california_fire_81729,2026-09-28T00:03:19.095589+00:00,1.0,SEMI_SYNTHETIC
edge_890282_473549_4350,890282,473549,crisislex_california_fire_81729,2026-09-28T00:06:15.560629+00:00,1.0,SEMI_SYNTHETIC
edge_235582_295853_4351,235582,295853,humaid_irma_2017_001928,2026-09-27T22:34:18.505816+00:00,1.0,SEMI_SYNTHETIC
edge_106154_647258_4352,106154,647258,humaid_irma_2017_001928,2026-09-27T22:36:08.397249+00:00,1.0,SEMI_SYNTHETIC
edge_868914_242612_4353,868914,242612,humaid_irma_2017_001928,2026-09-27T22:38:22.894980+00:00,1.0,SEMI_SYNTHETIC
edge_191455_794096_4354,191455,794096,ff_face2face_mayoral_evac_0091,2026-09-28T00:15:38.963517+00:00,1.0,SEMI_SYNTHETIC
edge_495816_958327_4355,495816,958327,dfdc_syn_bridge_collapse_84920,2026-09-27T01:48:38.102123+00:00,1.0,SEMI_SYNTHETIC
edge_978612_160427_4356,978612,160427,dfdc_syn_bridge_collapse_84920,2026-09-27T01:48:52.795172+00:00,1.0,SEMI_SYNTHETIC
edge_105082_221740_4357,105082,221740,humaid_irma_2017_001928,2026-09-27T22:40:00.446751+00:00,1.0,SEMI_SYNTHETIC
edge_358483_351092_4358,358483,351092,crisismmd_harvey_img_49102,2026-09-27T00:19:00.801515+00:00,1.0,SEMI_SYNTHETIC
edge_244311_641728_4359,244311,641728,crisismmd_harvey_img_49102,2026-09-27T00:19:01.771379+00:00,1.0,SEMI_SYNTHETIC
edge_568706_56151_4360,568706,56151,humaid_irma_2017_001928,2026-09-27T22:42:27.886201+00:00,1.0,SEMI_SYNTHETIC
edge_388077_438718_4361,388077,438718,humaid_irma_2017_001928,2026-09-27T22:45:09.815768+00:00,1.0,SEMI_SYNTHETIC
edge_787437_589761_4362,787437,589761,crisismmd_harvey_img_49102,2026-09-27T00:19:03.464124+00:00,1.0,SEMI_SYNTHETIC
edge_328322_757868_4363,328322,757868,ff_face2face_mayoral_evac_0091,2026-09-28T00:16:29.318266+00:00,1.0,SEMI_SYNTHETIC
edge_158225_697894_4364,158225,697894,crisislex_california_fire_81729,2026-09-28T00:08:31.697650+00:00,1.0,SEMI_SYNTHETIC
edge_67751_810432_4365,67751,810432,crisislex_california_fire_81729,2026-09-28T00:11:07.504439+00:00,1.0,SEMI_SYNTHETIC
edge_34020_717100_4366,34020,717100,humaid_irma_2017_001928,2026-09-27T22:47:58.754822+00:00,1.0,SEMI_SYNTHETIC
edge_733540_212376_4367,733540,212376,humaid_irma_2017_001928,2026-09-27T22:50:44.766889+00:00,1.0,SEMI_SYNTHETIC
edge_746435_438910_4368,746435,438910,humaid_irma_2017_001928,2026-09-27T22:51:04.775372+00:00,1.0,SEMI_SYNTHETIC
edge_139496_381920_4369,139496,381920,dfdc_syn_bridge_collapse_84920,2026-09-27T01:48:56.035694+00:00,1.0,SEMI_SYNTHETIC
edge_730386_717256_4370,730386,717256,dfdc_syn_bridge_collapse_84920,2026-09-27T01:49:02.879339+00:00,1.0,SEMI_SYNTHETIC
edge_830158_666912_4371,830158,666912,ff_face2face_mayoral_evac_0091,2026-09-28T00:17:39.811006+00:00,1.0,SEMI_SYNTHETIC
edge_564778_645818_4372,564778,645818,crisislex_california_fire_81729,2026-09-28T00:12:54.146167+00:00,1.0,SEMI_SYNTHETIC
edge_791981_524003_4373,791981,524003,crisismmd_harvey_img_49102,2026-09-27T00:19:04.755890+00:00,1.0,SEMI_SYNTHETIC
edge_674118_961973_4374,674118,961973,crisismmd_harvey_img_49102,2026-09-27T00:19:06.220777+00:00,1.0,SEMI_SYNTHETIC
edge_488009_983157_4375,488009,983157,crisismmd_harvey_img_49102,2026-09-27T00:19:07.502241+00:00,1.0,SEMI_SYNTHETIC
edge_495807_109903_4376,495807,109903,dfdc_syn_bridge_collapse_84920,2026-09-27T01:49:06.089948+00:00,1.0,SEMI_SYNTHETIC
edge_276431_104396_4377,276431,104396,crisismmd_harvey_img_49102,2026-09-27T00:19:08.943497+00:00,1.0,SEMI_SYNTHETIC
edge_102665_33033_4378,102665,33033,crisislex_california_fire_81729,2026-09-28T00:14:22.869875+00:00,1.0,SEMI_SYNTHETIC
edge_546576_900941_4379,546576,900941,dfdc_syn_bridge_collapse_84920,2026-09-27T01:49:19.703494+00:00,1.0,SEMI_SYNTHETIC
edge_428836_116768_4380,428836,116768,humaid_irma_2017_001928,2026-09-27T22:53:14.879869+00:00,1.0,SEMI_SYNTHETIC
edge_990736_665698_4381,990736,665698,ff_face2face_mayoral_evac_0091,2026-09-28T00:17:57.277036+00:00,1.0,SEMI_SYNTHETIC
edge_939467_674118_4382,939467,674118,crisismmd_harvey_img_49102,2026-09-27T00:19:09.074202+00:00,1.0,SEMI_SYNTHETIC
edge_53681_794096_4383,53681,794096,ff_face2face_mayoral_evac_0091,2026-09-28T00:20:49.562325+00:00,1.0,SEMI_SYNTHETIC
edge_622812_909507_4384,622812,909507,humaid_irma_2017_001928,2026-09-27T22:54:08.599730+00:00,1.0,SEMI_SYNTHETIC
edge_108323_855091_4385,108323,855091,ff_face2face_mayoral_evac_0091,2026-09-28T00:22:06.226562+00:00,1.0,SEMI_SYNTHETIC
edge_241271_464908_4386,241271,464908,crisismmd_harvey_img_49102,2026-09-27T00:19:10.679014+00:00,1.0,SEMI_SYNTHETIC
edge_932823_663986_4387,932823,663986,ff_face2face_mayoral_evac_0091,2026-09-28T00:23:46.469894+00:00,1.0,SEMI_SYNTHETIC
edge_879885_735091_4388,879885,735091,ff_face2face_mayoral_evac_0091,2026-09-28T00:25:55.003577+00:00,1.0,SEMI_SYNTHETIC
edge_144193_875846_4389,144193,875846,dfdc_syn_bridge_collapse_84920,2026-09-27T01:49:26.154434+00:00,1.0,SEMI_SYNTHETIC
edge_848194_44677_4390,848194,44677,dfdc_syn_bridge_collapse_84920,2026-09-27T01:49:38.961276+00:00,1.0,SEMI_SYNTHETIC
edge_881060_903978_4391,881060,903978,dfdc_syn_bridge_collapse_84920,2026-09-27T01:49:47.745452+00:00,1.0,SEMI_SYNTHETIC
edge_26173_290110_4392,26173,290110,ff_face2face_mayoral_evac_0091,2026-09-28T00:28:38.437212+00:00,1.0,SEMI_SYNTHETIC
edge_278803_501508_4393,278803,501508,humaid_irma_2017_001928,2026-09-27T22:54:53.843195+00:00,1.0,SEMI_SYNTHETIC
edge_267836_381643_4394,267836,381643,crisislex_california_fire_81729,2026-09-28T00:16:12.636658+00:00,1.0,SEMI_SYNTHETIC
edge_137963_714890_4395,137963,714890,crisislex_california_fire_81729,2026-09-28T00:17:11.910864+00:00,1.0,SEMI_SYNTHETIC
edge_471897_716331_4396,471897,716331,crisislex_california_fire_81729,2026-09-28T00:19:26.193953+00:00,1.0,SEMI_SYNTHETIC
edge_507268_320072_4397,507268,320072,dfdc_syn_bridge_collapse_84920,2026-09-27T01:49:56.984787+00:00,1.0,SEMI_SYNTHETIC
edge_699447_946389_4398,699447,946389,humaid_irma_2017_001928,2026-09-27T22:57:23.255684+00:00,1.0,SEMI_SYNTHETIC
edge_806015_243060_4399,806015,243060,ff_face2face_mayoral_evac_0091,2026-09-28T00:28:49.767723+00:00,1.0,SEMI_SYNTHETIC
edge_408456_675904_4400,408456,675904,crisislex_california_fire_81729,2026-09-28T00:21:43.390447+00:00,1.0,SEMI_SYNTHETIC
edge_994886_187271_4401,994886,187271,dfdc_syn_bridge_collapse_84920,2026-09-27T01:50:06.286804+00:00,1.0,SEMI_SYNTHETIC
edge_572583_682465_4402,572583,682465,dfdc_syn_bridge_collapse_84920,2026-09-27T01:50:19.503730+00:00,1.0,SEMI_SYNTHETIC
edge_53761_408895_4403,53761,408895,humaid_irma_2017_001928,2026-09-27T22:59:02.835880+00:00,1.0,SEMI_SYNTHETIC
edge_724613_899003_4404,724613,899003,crisislex_california_fire_81729,2026-09-28T00:23:20.811115+00:00,1.0,SEMI_SYNTHETIC
edge_29369_728115_4405,29369,728115,ff_face2face_mayoral_evac_0091,2026-09-28T00:30:22.210663+00:00,1.0,SEMI_SYNTHETIC
edge_291858_476428_4406,291858,476428,ff_face2face_mayoral_evac_0091,2026-09-28T00:31:19.562783+00:00,1.0,SEMI_SYNTHETIC
edge_93203_830411_4407,93203,830411,crisislex_california_fire_81729,2026-09-28T00:24:26.138259+00:00,1.0,SEMI_SYNTHETIC
edge_835535_895730_4408,835535,895730,dfdc_syn_bridge_collapse_84920,2026-09-27T01:50:21.639983+00:00,1.0,SEMI_SYNTHETIC
edge_522276_321555_4409,522276,321555,crisislex_california_fire_81729,2026-09-28T00:26:22.984659+00:00,1.0,SEMI_SYNTHETIC
edge_750036_605294_4410,750036,605294,ff_face2face_mayoral_evac_0091,2026-09-28T00:34:13.675337+00:00,1.0,SEMI_SYNTHETIC
edge_475319_916222_4411,475319,916222,crisislex_california_fire_81729,2026-09-28T00:27:38.565850+00:00,1.0,SEMI_SYNTHETIC
edge_658878_877466_4412,658878,877466,humaid_irma_2017_001928,2026-09-27T23:01:35.471059+00:00,1.0,SEMI_SYNTHETIC
edge_835366_895752_4413,835366,895752,crisismmd_harvey_img_49102,2026-09-27T00:19:11.582162+00:00,1.0,SEMI_SYNTHETIC
edge_432893_503393_4414,432893,503393,crisismmd_harvey_img_49102,2026-09-27T00:19:13.550921+00:00,1.0,SEMI_SYNTHETIC
edge_62240_238275_4415,62240,238275,crisislex_california_fire_81729,2026-09-28T00:29:01.116397+00:00,1.0,SEMI_SYNTHETIC
edge_885634_100275_4416,885634,100275,dfdc_syn_bridge_collapse_84920,2026-09-27T01:50:27.553457+00:00,1.0,SEMI_SYNTHETIC
edge_613567_509950_4417,613567,509950,dfdc_syn_bridge_collapse_84920,2026-09-27T01:50:40.273188+00:00,1.0,SEMI_SYNTHETIC
edge_304402_586802_4418,304402,586802,dfdc_syn_bridge_collapse_84920,2026-09-27T01:50:43.688915+00:00,1.0,SEMI_SYNTHETIC
edge_410105_617913_4419,410105,617913,dfdc_syn_bridge_collapse_84920,2026-09-27T01:50:48.963250+00:00,1.0,SEMI_SYNTHETIC
edge_696719_553725_4420,696719,553725,humaid_irma_2017_001928,2026-09-27T23:03:21.984414+00:00,1.0,SEMI_SYNTHETIC
edge_18500_481579_4421,18500,481579,humaid_irma_2017_001928,2026-09-27T23:05:48.743359+00:00,1.0,SEMI_SYNTHETIC
edge_922750_563948_4422,922750,563948,dfdc_syn_bridge_collapse_84920,2026-09-27T01:51:02.703101+00:00,1.0,SEMI_SYNTHETIC
edge_793150_659358_4423,793150,659358,dfdc_syn_bridge_collapse_84920,2026-09-27T01:51:08.949292+00:00,1.0,SEMI_SYNTHETIC
edge_266951_521945_4424,266951,521945,crisismmd_harvey_img_49102,2026-09-27T00:19:14.434031+00:00,1.0,SEMI_SYNTHETIC
edge_290308_478383_4425,290308,478383,ff_face2face_mayoral_evac_0091,2026-09-28T00:34:30.628832+00:00,1.0,SEMI_SYNTHETIC
edge_669686_523358_4426,669686,523358,ff_face2face_mayoral_evac_0091,2026-09-28T00:36:28.237482+00:00,1.0,SEMI_SYNTHETIC
edge_664364_573147_4427,664364,573147,dfdc_syn_bridge_collapse_84920,2026-09-27T01:51:15.480520+00:00,1.0,SEMI_SYNTHETIC
edge_375978_515258_4428,375978,515258,humaid_irma_2017_001928,2026-09-27T23:07:40.624495+00:00,1.0,SEMI_SYNTHETIC
edge_99644_111514_4429,99644,111514,dfdc_syn_bridge_collapse_84920,2026-09-27T01:51:27.722794+00:00,1.0,SEMI_SYNTHETIC
edge_690534_939467_4430,690534,939467,crisismmd_harvey_img_49102,2026-09-27T00:19:16.861671+00:00,1.0,SEMI_SYNTHETIC
edge_486041_443626_4431,486041,443626,dfdc_syn_bridge_collapse_84920,2026-09-27T01:51:36.521953+00:00,1.0,SEMI_SYNTHETIC
edge_201252_172230_4432,201252,172230,crisismmd_harvey_img_49102,2026-09-27T00:19:18.279325+00:00,1.0,SEMI_SYNTHETIC
edge_546869_424804_4433,546869,424804,dfdc_syn_bridge_collapse_84920,2026-09-27T01:51:50.715456+00:00,1.0,SEMI_SYNTHETIC
edge_33462_193631_4434,33462,193631,ff_face2face_mayoral_evac_0091,2026-09-28T00:36:38.667189+00:00,1.0,SEMI_SYNTHETIC
edge_607182_934166_4435,607182,934166,crisismmd_harvey_img_49102,2026-09-27T00:19:18.576572+00:00,1.0,SEMI_SYNTHETIC
edge_81850_841122_4436,81850,841122,crisislex_california_fire_81729,2026-09-28T00:30:36.944711+00:00,1.0,SEMI_SYNTHETIC
edge_183236_443612_4437,183236,443612,crisismmd_harvey_img_49102,2026-09-27T00:19:19.394017+00:00,1.0,SEMI_SYNTHETIC
edge_555273_576330_4438,555273,576330,humaid_irma_2017_001928,2026-09-27T23:09:03.629981+00:00,1.0,SEMI_SYNTHETIC
edge_508984_977657_4439,508984,977657,dfdc_syn_bridge_collapse_84920,2026-09-27T01:51:58.958345+00:00,1.0,SEMI_SYNTHETIC
edge_951506_244410_4440,951506,244410,ff_face2face_mayoral_evac_0091,2026-09-28T00:38:02.510611+00:00,1.0,SEMI_SYNTHETIC
edge_690150_593143_4441,690150,593143,humaid_irma_2017_001928,2026-09-27T23:10:15.109588+00:00,1.0,SEMI_SYNTHETIC
edge_573130_453734_4442,573130,453734,dfdc_syn_bridge_collapse_84920,2026-09-27T01:52:08.899404+00:00,1.0,SEMI_SYNTHETIC
edge_193208_898209_4443,193208,898209,ff_face2face_mayoral_evac_0091,2026-09-28T00:38:29.824871+00:00,1.0,SEMI_SYNTHETIC
edge_951196_593143_4444,951196,593143,humaid_irma_2017_001928,2026-09-27T23:12:46.221221+00:00,1.0,SEMI_SYNTHETIC
edge_128020_994774_4445,128020,994774,ff_face2face_mayoral_evac_0091,2026-09-28T00:41:20.748396+00:00,1.0,SEMI_SYNTHETIC
edge_60057_371551_4446,60057,371551,crisismmd_harvey_img_49102,2026-09-27T00:19:20.918999+00:00,1.0,SEMI_SYNTHETIC
edge_813733_60057_4447,813733,60057,crisismmd_harvey_img_49102,2026-09-27T00:19:22.563277+00:00,1.0,SEMI_SYNTHETIC
edge_737957_429083_4448,737957,429083,crisismmd_harvey_img_49102,2026-09-27T00:19:23.240218+00:00,1.0,SEMI_SYNTHETIC
edge_363125_625049_4449,363125,625049,dfdc_syn_bridge_collapse_84920,2026-09-27T01:52:12.320687+00:00,1.0,SEMI_SYNTHETIC
edge_521493_353301_4450,521493,353301,humaid_irma_2017_001928,2026-09-27T23:13:34.173853+00:00,1.0,SEMI_SYNTHETIC
edge_234391_868271_4451,234391,868271,ff_face2face_mayoral_evac_0091,2026-09-28T00:43:01.522826+00:00,1.0,SEMI_SYNTHETIC
edge_400992_124798_4452,400992,124798,crisismmd_harvey_img_49102,2026-09-27T00:19:23.704175+00:00,1.0,SEMI_SYNTHETIC
edge_887317_300910_4453,887317,300910,humaid_irma_2017_001928,2026-09-27T23:16:05.952127+00:00,1.0,SEMI_SYNTHETIC
edge_695371_855891_4454,695371,855891,crisislex_california_fire_81729,2026-09-28T00:31:38.184729+00:00,1.0,SEMI_SYNTHETIC
edge_963242_515258_4455,963242,515258,humaid_irma_2017_001928,2026-09-27T23:16:42.367399+00:00,1.0,SEMI_SYNTHETIC
edge_787690_166532_4456,787690,166532,humaid_irma_2017_001928,2026-09-27T23:19:04.405489+00:00,1.0,SEMI_SYNTHETIC
edge_273845_69611_4457,273845,69611,crisismmd_harvey_img_49102,2026-09-27T00:19:24.869870+00:00,1.0,SEMI_SYNTHETIC
edge_276847_231628_4458,276847,231628,crisislex_california_fire_81729,2026-09-28T00:34:37.690250+00:00,1.0,SEMI_SYNTHETIC
edge_870372_105568_4459,870372,105568,ff_face2face_mayoral_evac_0091,2026-09-28T00:45:05.327790+00:00,1.0,SEMI_SYNTHETIC
edge_366563_334348_4460,366563,334348,crisismmd_harvey_img_49102,2026-09-27T00:19:25.268635+00:00,1.0,SEMI_SYNTHETIC
edge_758562_987408_4461,758562,987408,crisislex_california_fire_81729,2026-09-28T00:36:48.877793+00:00,1.0,SEMI_SYNTHETIC
edge_417166_606964_4462,417166,606964,humaid_irma_2017_001928,2026-09-27T23:19:35.257894+00:00,1.0,SEMI_SYNTHETIC
edge_897497_792354_4463,897497,792354,humaid_irma_2017_001928,2026-09-27T23:21:03.477841+00:00,1.0,SEMI_SYNTHETIC
edge_610601_869860_4464,610601,869860,humaid_irma_2017_001928,2026-09-27T23:22:27.993846+00:00,1.0,SEMI_SYNTHETIC
edge_636400_527915_4465,636400,527915,crisismmd_harvey_img_49102,2026-09-27T00:19:26.747733+00:00,1.0,SEMI_SYNTHETIC
edge_173678_685127_4466,173678,685127,crisislex_california_fire_81729,2026-09-28T00:37:52.019977+00:00,1.0,SEMI_SYNTHETIC
edge_818085_153461_4467,818085,153461,crisismmd_harvey_img_49102,2026-09-27T00:19:28.235655+00:00,1.0,SEMI_SYNTHETIC
edge_217557_685156_4468,217557,685156,crisislex_california_fire_81729,2026-09-28T00:39:14.137464+00:00,1.0,SEMI_SYNTHETIC
edge_383341_329885_4469,383341,329885,ff_face2face_mayoral_evac_0091,2026-09-28T00:48:05.303511+00:00,1.0,SEMI_SYNTHETIC
edge_149292_785643_4470,149292,785643,crisislex_california_fire_81729,2026-09-28T00:40:33.415733+00:00,1.0,SEMI_SYNTHETIC
edge_849747_902919_4471,849747,902919,dfdc_syn_bridge_collapse_84920,2026-09-27T01:52:17.101956+00:00,1.0,SEMI_SYNTHETIC
edge_208769_933783_4472,208769,933783,humaid_irma_2017_001928,2026-09-27T23:24:46.051712+00:00,1.0,SEMI_SYNTHETIC
edge_334802_979638_4473,334802,979638,ff_face2face_mayoral_evac_0091,2026-09-28T00:50:50.135358+00:00,1.0,SEMI_SYNTHETIC
edge_513090_604639_4474,513090,604639,dfdc_syn_bridge_collapse_84920,2026-09-27T01:52:24.152942+00:00,1.0,SEMI_SYNTHETIC
edge_291049_532230_4475,291049,532230,crisislex_california_fire_81729,2026-09-28T00:41:53.803616+00:00,1.0,SEMI_SYNTHETIC
edge_706456_567379_4476,706456,567379,humaid_irma_2017_001928,2026-09-27T23:25:29.374638+00:00,1.0,SEMI_SYNTHETIC
edge_669439_869868_4477,669439,869868,ff_face2face_mayoral_evac_0091,2026-09-28T00:52:54.637908+00:00,1.0,SEMI_SYNTHETIC
edge_548618_723118_4478,548618,723118,crisismmd_harvey_img_49102,2026-09-27T00:19:29.681383+00:00,1.0,SEMI_SYNTHETIC
edge_950495_628771_4479,950495,628771,crisismmd_harvey_img_49102,2026-09-27T00:19:30.216922+00:00,1.0,SEMI_SYNTHETIC
edge_158363_217931_4480,158363,217931,crisislex_california_fire_81729,2026-09-28T00:44:44.619495+00:00,1.0,SEMI_SYNTHETIC
edge_859606_193869_4481,859606,193869,crisislex_california_fire_81729,2026-09-28T00:46:00.977332+00:00,1.0,SEMI_SYNTHETIC
edge_286671_92423_4482,286671,92423,dfdc_syn_bridge_collapse_84920,2026-09-27T01:52:38.549739+00:00,1.0,SEMI_SYNTHETIC
edge_978121_832215_4483,978121,832215,dfdc_syn_bridge_collapse_84920,2026-09-27T01:52:44.061538+00:00,1.0,SEMI_SYNTHETIC
edge_893846_949773_4484,893846,949773,ff_face2face_mayoral_evac_0091,2026-09-28T00:55:18.889986+00:00,1.0,SEMI_SYNTHETIC
edge_343943_326319_4485,343943,326319,crisislex_california_fire_81729,2026-09-28T00:48:38.052296+00:00,1.0,SEMI_SYNTHETIC
edge_235202_187160_4486,235202,187160,crisismmd_harvey_img_49102,2026-09-27T00:19:31.826947+00:00,1.0,SEMI_SYNTHETIC
edge_112294_854554_4487,112294,854554,crisismmd_harvey_img_49102,2026-09-27T00:19:32.599341+00:00,1.0,SEMI_SYNTHETIC
edge_99472_692918_4488,99472,692918,crisislex_california_fire_81729,2026-09-28T00:50:41.226858+00:00,1.0,SEMI_SYNTHETIC
edge_161398_550069_4489,161398,550069,ff_face2face_mayoral_evac_0091,2026-09-28T00:56:00.778627+00:00,1.0,SEMI_SYNTHETIC
edge_631923_386556_4490,631923,386556,crisislex_california_fire_81729,2026-09-28T00:53:11.566869+00:00,1.0,SEMI_SYNTHETIC
edge_951420_553114_4491,951420,553114,ff_face2face_mayoral_evac_0091,2026-09-28T00:57:37.987104+00:00,1.0,SEMI_SYNTHETIC
edge_183867_73285_4492,183867,73285,ff_face2face_mayoral_evac_0091,2026-09-28T01:00:27.634040+00:00,1.0,SEMI_SYNTHETIC
edge_349364_127369_4493,349364,127369,humaid_irma_2017_001928,2026-09-27T23:26:23.750669+00:00,1.0,SEMI_SYNTHETIC
edge_578016_944607_4494,578016,944607,humaid_irma_2017_001928,2026-09-27T23:29:06.648701+00:00,1.0,SEMI_SYNTHETIC
edge_825488_773181_4495,825488,773181,ff_face2face_mayoral_evac_0091,2026-09-28T01:00:39.575086+00:00,1.0,SEMI_SYNTHETIC
edge_21080_505252_4496,21080,505252,crisismmd_harvey_img_49102,2026-09-27T00:19:33.824252+00:00,1.0,SEMI_SYNTHETIC
edge_497621_52581_4497,497621,52581,ff_face2face_mayoral_evac_0091,2026-09-28T01:02:03.608487+00:00,1.0,SEMI_SYNTHETIC
edge_732513_655226_4498,732513,655226,crisislex_california_fire_81729,2026-09-28T00:54:25.006880+00:00,1.0,SEMI_SYNTHETIC
edge_305634_14548_4499,305634,14548,ff_face2face_mayoral_evac_0091,2026-09-28T01:02:45.150589+00:00,1.0,SEMI_SYNTHETIC
edge_535340_430775_4500,535340,430775,crisislex_california_fire_81729,2026-09-28T00:55:42.114697+00:00,1.0,SEMI_SYNTHETIC
edge_179696_858694_4501,179696,858694,crisislex_california_fire_81729,2026-09-28T00:56:29.917655+00:00,1.0,SEMI_SYNTHETIC
edge_460258_449033_4502,460258,449033,crisismmd_harvey_img_49102,2026-09-27T00:19:35.494671+00:00,1.0,SEMI_SYNTHETIC
edge_762797_541971_4503,762797,541971,humaid_irma_2017_001928,2026-09-27T23:30:56.748497+00:00,1.0,SEMI_SYNTHETIC
edge_844755_429370_4504,844755,429370,dfdc_syn_bridge_collapse_84920,2026-09-27T01:52:53.590703+00:00,1.0,SEMI_SYNTHETIC
edge_686512_161392_4505,686512,161392,humaid_irma_2017_001928,2026-09-27T23:33:50.842036+00:00,1.0,SEMI_SYNTHETIC
edge_635143_131531_4506,635143,131531,crisismmd_harvey_img_49102,2026-09-27T00:19:35.908323+00:00,1.0,SEMI_SYNTHETIC
edge_595790_951196_4507,595790,951196,humaid_irma_2017_001928,2026-09-27T23:34:21.817116+00:00,1.0,SEMI_SYNTHETIC
edge_497112_153578_4508,497112,153578,dfdc_syn_bridge_collapse_84920,2026-09-27T01:53:00.150188+00:00,1.0,SEMI_SYNTHETIC
edge_268581_650785_4509,268581,650785,ff_face2face_mayoral_evac_0091,2026-09-28T01:03:42.286831+00:00,1.0,SEMI_SYNTHETIC
edge_927115_490921_4510,927115,490921,dfdc_syn_bridge_collapse_84920,2026-09-27T01:53:10.076816+00:00,1.0,SEMI_SYNTHETIC
edge_454012_440189_4511,454012,440189,dfdc_syn_bridge_collapse_84920,2026-09-27T01:53:16.698224+00:00,1.0,SEMI_SYNTHETIC
edge_299768_574752_4512,299768,574752,humaid_irma_2017_001928,2026-09-27T23:36:05.385617+00:00,1.0,SEMI_SYNTHETIC
edge_820237_720828_4513,820237,720828,dfdc_syn_bridge_collapse_84920,2026-09-27T01:53:29.805977+00:00,1.0,SEMI_SYNTHETIC
edge_725593_797574_4514,725593,797574,crisislex_california_fire_81729,2026-09-28T00:57:19.152025+00:00,1.0,SEMI_SYNTHETIC
edge_352120_605791_4515,352120,605791,humaid_irma_2017_001928,2026-09-27T23:36:16.110111+00:00,1.0,SEMI_SYNTHETIC
edge_238245_52942_4516,238245,52942,ff_face2face_mayoral_evac_0091,2026-09-28T01:04:45.241559+00:00,1.0,SEMI_SYNTHETIC
edge_329037_104396_4517,329037,104396,crisismmd_harvey_img_49102,2026-09-27T00:19:36.301406+00:00,1.0,SEMI_SYNTHETIC
edge_609111_215888_4518,609111,215888,humaid_irma_2017_001928,2026-09-27T23:36:51.702221+00:00,1.0,SEMI_SYNTHETIC
edge_616274_299946_4519,616274,299946,crisislex_california_fire_81729,2026-09-28T01:00:10.909145+00:00,1.0,SEMI_SYNTHETIC
edge_114822_931330_4520,114822,931330,dfdc_syn_bridge_collapse_84920,2026-09-27T01:53:35.550224+00:00,1.0,SEMI_SYNTHETIC
edge_44244_211939_4521,44244,211939,ff_face2face_mayoral_evac_0091,2026-09-28T01:05:09.087364+00:00,1.0,SEMI_SYNTHETIC
edge_87294_178734_4522,87294,178734,crisislex_california_fire_81729,2026-09-28T01:01:37.732357+00:00,1.0,SEMI_SYNTHETIC
edge_577143_921270_4523,577143,921270,ff_face2face_mayoral_evac_0091,2026-09-28T01:05:19.905525+00:00,1.0,SEMI_SYNTHETIC
edge_595750_992413_4524,595750,992413,crisislex_california_fire_81729,2026-09-28T01:03:28.133787+00:00,1.0,SEMI_SYNTHETIC
edge_917720_440552_4525,917720,440552,crisislex_california_fire_81729,2026-09-28T01:04:55.236526+00:00,1.0,SEMI_SYNTHETIC
edge_997488_126185_4526,997488,126185,humaid_irma_2017_001928,2026-09-27T23:37:03.298511+00:00,1.0,SEMI_SYNTHETIC
edge_892937_316747_4527,892937,316747,crisislex_california_fire_81729,2026-09-28T01:07:21.073002+00:00,1.0,SEMI_SYNTHETIC
edge_248704_386536_4528,248704,386536,humaid_irma_2017_001928,2026-09-27T23:39:01.937479+00:00,1.0,SEMI_SYNTHETIC
edge_770526_741598_4529,770526,741598,crisismmd_harvey_img_49102,2026-09-27T00:19:37.793752+00:00,1.0,SEMI_SYNTHETIC
edge_131960_364871_4530,131960,364871,ff_face2face_mayoral_evac_0091,2026-09-28T01:08:02.248812+00:00,1.0,SEMI_SYNTHETIC
edge_625145_60057_4531,625145,60057,crisismmd_harvey_img_49102,2026-09-27T00:19:39.196580+00:00,1.0,SEMI_SYNTHETIC
edge_107234_561356_4532,107234,561356,ff_face2face_mayoral_evac_0091,2026-09-28T01:10:15.560317+00:00,1.0,SEMI_SYNTHETIC
edge_517142_486133_4533,517142,486133,ff_face2face_mayoral_evac_0091,2026-09-28T01:10:28.881050+00:00,1.0,SEMI_SYNTHETIC
edge_617881_555611_4534,617881,555611,crisislex_california_fire_81729,2026-09-28T01:09:43.579585+00:00,1.0,SEMI_SYNTHETIC
edge_122724_220647_4535,122724,220647,crisismmd_harvey_img_49102,2026-09-27T00:19:41.223171+00:00,1.0,SEMI_SYNTHETIC
edge_314013_130847_4536,314013,130847,crisislex_california_fire_81729,2026-09-28T01:11:13.931185+00:00,1.0,SEMI_SYNTHETIC
edge_838635_819539_4537,838635,819539,crisismmd_harvey_img_49102,2026-09-27T00:19:42.327157+00:00,1.0,SEMI_SYNTHETIC
edge_364264_658522_4538,364264,658522,dfdc_syn_bridge_collapse_84920,2026-09-27T01:53:41.973840+00:00,1.0,SEMI_SYNTHETIC
edge_280345_606964_4539,280345,606964,humaid_irma_2017_001928,2026-09-27T23:41:20.833480+00:00,1.0,SEMI_SYNTHETIC
edge_893793_818184_4540,893793,818184,ff_face2face_mayoral_evac_0091,2026-09-28T01:12:08.713254+00:00,1.0,SEMI_SYNTHETIC
edge_762697_276847_4541,762697,276847,crisislex_california_fire_81729,2026-09-28T01:13:27.846544+00:00,1.0,SEMI_SYNTHETIC
edge_584474_609689_4542,584474,609689,humaid_irma_2017_001928,2026-09-27T23:42:07.975738+00:00,1.0,SEMI_SYNTHETIC
edge_470359_943153_4543,470359,943153,crisislex_california_fire_81729,2026-09-28T01:15:48.326599+00:00,1.0,SEMI_SYNTHETIC
edge_946462_816519_4544,946462,816519,ff_face2face_mayoral_evac_0091,2026-09-28T01:12:25.662890+00:00,1.0,SEMI_SYNTHETIC
edge_932056_889041_4545,932056,889041,dfdc_syn_bridge_collapse_84920,2026-09-27T01:53:48.241319+00:00,1.0,SEMI_SYNTHETIC
edge_806172_263690_4546,806172,263690,ff_face2face_mayoral_evac_0091,2026-09-28T01:12:47.521934+00:00,1.0,SEMI_SYNTHETIC
edge_206536_399843_4547,206536,399843,crisismmd_harvey_img_49102,2026-09-27T00:19:42.722843+00:00,1.0,SEMI_SYNTHETIC
edge_311381_195272_4548,311381,195272,humaid_irma_2017_001928,2026-09-27T23:43:27.143065+00:00,1.0,SEMI_SYNTHETIC
edge_836061_546270_4549,836061,546270,dfdc_syn_bridge_collapse_84920,2026-09-27T01:53:51.937612+00:00,1.0,SEMI_SYNTHETIC
edge_33653_326181_4550,33653,326181,crisislex_california_fire_81729,2026-09-28T01:17:38.522326+00:00,1.0,SEMI_SYNTHETIC
edge_281151_298060_4551,281151,298060,humaid_irma_2017_001928,2026-09-27T23:45:59.011205+00:00,1.0,SEMI_SYNTHETIC
edge_367589_230800_4552,367589,230800,humaid_irma_2017_001928,2026-09-27T23:47:16.811735+00:00,1.0,SEMI_SYNTHETIC
edge_153172_192055_4553,153172,192055,ff_face2face_mayoral_evac_0091,2026-09-28T01:13:52.452113+00:00,1.0,SEMI_SYNTHETIC
edge_411122_569951_4554,411122,569951,dfdc_syn_bridge_collapse_84920,2026-09-27T01:53:59.691131+00:00,1.0,SEMI_SYNTHETIC
edge_311222_578977_4555,311222,578977,crisismmd_harvey_img_49102,2026-09-27T00:19:43.431983+00:00,1.0,SEMI_SYNTHETIC
edge_800042_933271_4556,800042,933271,crisismmd_harvey_img_49102,2026-09-27T00:19:44.120964+00:00,1.0,SEMI_SYNTHETIC
edge_336126_949103_4557,336126,949103,crisislex_california_fire_81729,2026-09-28T01:20:01.683794+00:00,1.0,SEMI_SYNTHETIC
edge_807056_347279_4558,807056,347279,crisislex_california_fire_81729,2026-09-28T01:22:28.051206+00:00,1.0,SEMI_SYNTHETIC
edge_911397_548329_4559,911397,548329,dfdc_syn_bridge_collapse_84920,2026-09-27T01:54:05.803420+00:00,1.0,SEMI_SYNTHETIC
edge_426166_486438_4560,426166,486438,ff_face2face_mayoral_evac_0091,2026-09-28T01:15:36.062369+00:00,1.0,SEMI_SYNTHETIC
edge_138286_738834_4561,138286,738834,dfdc_syn_bridge_collapse_84920,2026-09-27T01:54:07.392025+00:00,1.0,SEMI_SYNTHETIC
edge_761914_884625_4562,761914,884625,humaid_irma_2017_001928,2026-09-27T23:50:02.710775+00:00,1.0,SEMI_SYNTHETIC
edge_823365_783544_4563,823365,783544,crisislex_california_fire_81729,2026-09-28T01:23:46.269443+00:00,1.0,SEMI_SYNTHETIC
edge_517548_729349_4564,517548,729349,dfdc_syn_bridge_collapse_84920,2026-09-27T01:54:15.951263+00:00,1.0,SEMI_SYNTHETIC
edge_273819_321555_4565,273819,321555,crisislex_california_fire_81729,2026-09-28T01:25:20.770158+00:00,1.0,SEMI_SYNTHETIC
edge_867141_613080_4566,867141,613080,crisismmd_harvey_img_49102,2026-09-27T00:19:45.582685+00:00,1.0,SEMI_SYNTHETIC
edge_255843_429028_4567,255843,429028,crisislex_california_fire_81729,2026-09-28T01:26:37.461470+00:00,1.0,SEMI_SYNTHETIC
edge_30327_998378_4568,30327,998378,dfdc_syn_bridge_collapse_84920,2026-09-27T01:54:24.537891+00:00,1.0,SEMI_SYNTHETIC
edge_93139_794490_4569,93139,794490,humaid_irma_2017_001928,2026-09-27T23:50:43.106340+00:00,1.0,SEMI_SYNTHETIC
edge_798680_669765_4570,798680,669765,humaid_irma_2017_001928,2026-09-27T23:51:18.120068+00:00,1.0,SEMI_SYNTHETIC
edge_427699_848603_4571,427699,848603,ff_face2face_mayoral_evac_0091,2026-09-28T01:16:47.407262+00:00,1.0,SEMI_SYNTHETIC
edge_68252_669225_4572,68252,669225,ff_face2face_mayoral_evac_0091,2026-09-28T01:18:42.724639+00:00,1.0,SEMI_SYNTHETIC
edge_691819_193652_4573,691819,193652,crisismmd_harvey_img_49102,2026-09-27T00:19:46.656583+00:00,1.0,SEMI_SYNTHETIC
edge_479045_450267_4574,479045,450267,humaid_irma_2017_001928,2026-09-27T23:52:28.557060+00:00,1.0,SEMI_SYNTHETIC
edge_68093_456134_4575,68093,456134,dfdc_syn_bridge_collapse_84920,2026-09-27T01:54:37.091204+00:00,1.0,SEMI_SYNTHETIC
edge_221459_464908_4576,221459,464908,crisismmd_harvey_img_49102,2026-09-27T00:19:47.458234+00:00,1.0,SEMI_SYNTHETIC
edge_592369_771485_4577,592369,771485,crisismmd_harvey_img_49102,2026-09-27T00:19:48.776687+00:00,1.0,SEMI_SYNTHETIC
edge_102195_913625_4578,102195,913625,crisislex_california_fire_81729,2026-09-28T01:28:47.688496+00:00,1.0,SEMI_SYNTHETIC
edge_430831_981733_4579,430831,981733,crisismmd_harvey_img_49102,2026-09-27T00:19:49.945729+00:00,1.0,SEMI_SYNTHETIC
edge_114567_248632_4580,114567,248632,crisismmd_harvey_img_49102,2026-09-27T00:19:51.825393+00:00,1.0,SEMI_SYNTHETIC
edge_602965_19041_4581,602965,19041,ff_face2face_mayoral_evac_0091,2026-09-28T01:18:53.909084+00:00,1.0,SEMI_SYNTHETIC
edge_39054_899753_4582,39054,899753,crisislex_california_fire_81729,2026-09-28T01:31:44.495312+00:00,1.0,SEMI_SYNTHETIC
edge_599667_272732_4583,599667,272732,crisismmd_harvey_img_49102,2026-09-27T00:19:52.102066+00:00,1.0,SEMI_SYNTHETIC
edge_481820_185445_4584,481820,185445,crisismmd_harvey_img_49102,2026-09-27T00:19:52.505253+00:00,1.0,SEMI_SYNTHETIC
edge_623931_428728_4585,623931,428728,crisismmd_harvey_img_49102,2026-09-27T00:19:53.986091+00:00,1.0,SEMI_SYNTHETIC
edge_962688_108080_4586,962688,108080,dfdc_syn_bridge_collapse_84920,2026-09-27T01:54:46.398661+00:00,1.0,SEMI_SYNTHETIC
edge_851033_452846_4587,851033,452846,crisismmd_harvey_img_49102,2026-09-27T00:19:56.031421+00:00,1.0,SEMI_SYNTHETIC
edge_835814_518136_4588,835814,518136,ff_face2face_mayoral_evac_0091,2026-09-28T01:19:18.067011+00:00,1.0,SEMI_SYNTHETIC
edge_969174_679840_4589,969174,679840,ff_face2face_mayoral_evac_0091,2026-09-28T01:20:19.526679+00:00,1.0,SEMI_SYNTHETIC
edge_176148_285532_4590,176148,285532,crisislex_california_fire_81729,2026-09-28T01:34:12.314768+00:00,1.0,SEMI_SYNTHETIC
edge_736768_29902_4591,736768,29902,crisismmd_harvey_img_49102,2026-09-27T00:19:57.574517+00:00,1.0,SEMI_SYNTHETIC
edge_772961_218882_4592,772961,218882,crisismmd_harvey_img_49102,2026-09-27T00:19:59.242042+00:00,1.0,SEMI_SYNTHETIC
edge_798000_558887_4593,798000,558887,ff_face2face_mayoral_evac_0091,2026-09-28T01:22:29.934288+00:00,1.0,SEMI_SYNTHETIC
edge_662881_228742_4594,662881,228742,dfdc_syn_bridge_collapse_84920,2026-09-27T01:54:56.293650+00:00,1.0,SEMI_SYNTHETIC
edge_389482_758562_4595,389482,758562,crisislex_california_fire_81729,2026-09-28T01:35:46.534020+00:00,1.0,SEMI_SYNTHETIC
edge_243623_241271_4596,243623,241271,crisismmd_harvey_img_49102,2026-09-27T00:20:01.511651+00:00,1.0,SEMI_SYNTHETIC
edge_809957_895964_4597,809957,895964,humaid_irma_2017_001928,2026-09-27T23:55:00.493091+00:00,1.0,SEMI_SYNTHETIC
edge_141450_394531_4598,141450,394531,crisismmd_harvey_img_49102,2026-09-27T00:20:03.839081+00:00,1.0,SEMI_SYNTHETIC
edge_766018_313012_4599,766018,313012,crisislex_california_fire_81729,2026-09-28T01:38:23.438499+00:00,1.0,SEMI_SYNTHETIC
edge_516387_180190_4600,516387,180190,crisismmd_harvey_img_49102,2026-09-27T00:20:03.961842+00:00,1.0,SEMI_SYNTHETIC
edge_738259_516828_4601,738259,516828,ff_face2face_mayoral_evac_0091,2026-09-28T01:23:01.599904+00:00,1.0,SEMI_SYNTHETIC
edge_241550_323388_4602,241550,323388,dfdc_syn_bridge_collapse_84920,2026-09-27T01:54:59.056120+00:00,1.0,SEMI_SYNTHETIC
edge_291469_296604_4603,291469,296604,crisislex_california_fire_81729,2026-09-28T01:39:12.696409+00:00,1.0,SEMI_SYNTHETIC
edge_263468_104834_4604,263468,104834,humaid_irma_2017_001928,2026-09-27T23:57:45.596129+00:00,1.0,SEMI_SYNTHETIC
edge_335833_419660_4605,335833,419660,humaid_irma_2017_001928,2026-09-28T00:00:03.460291+00:00,1.0,SEMI_SYNTHETIC
edge_836235_123762_4606,836235,123762,crisismmd_harvey_img_49102,2026-09-27T00:20:05.241064+00:00,1.0,SEMI_SYNTHETIC
edge_845909_873245_4607,845909,873245,humaid_irma_2017_001928,2026-09-28T00:02:01.263141+00:00,1.0,SEMI_SYNTHETIC
edge_850042_978001_4608,850042,978001,crisismmd_harvey_img_49102,2026-09-27T00:20:06.807031+00:00,1.0,SEMI_SYNTHETIC
edge_808657_573130_4609,808657,573130,dfdc_syn_bridge_collapse_84920,2026-09-27T01:55:08.109040+00:00,1.0,SEMI_SYNTHETIC
edge_835771_563337_4610,835771,563337,crisismmd_harvey_img_49102,2026-09-27T00:20:08.386527+00:00,1.0,SEMI_SYNTHETIC
edge_838001_101790_4611,838001,101790,humaid_irma_2017_001928,2026-09-28T00:04:58.362620+00:00,1.0,SEMI_SYNTHETIC
edge_773986_652805_4612,773986,652805,ff_face2face_mayoral_evac_0091,2026-09-28T01:25:22.355068+00:00,1.0,SEMI_SYNTHETIC
edge_644507_332998_4613,644507,332998,ff_face2face_mayoral_evac_0091,2026-09-28T01:26:27.511100+00:00,1.0,SEMI_SYNTHETIC
edge_325216_440816_4614,325216,440816,crisislex_california_fire_81729,2026-09-28T01:39:29.145459+00:00,1.0,SEMI_SYNTHETIC
edge_162724_569102_4615,162724,569102,ff_face2face_mayoral_evac_0091,2026-09-28T01:26:48.995226+00:00,1.0,SEMI_SYNTHETIC
edge_282428_633501_4616,282428,633501,ff_face2face_mayoral_evac_0091,2026-09-28T01:27:41.396549+00:00,1.0,SEMI_SYNTHETIC
edge_141010_212376_4617,141010,212376,humaid_irma_2017_001928,2026-09-28T00:07:09.810379+00:00,1.0,SEMI_SYNTHETIC
edge_780396_590433_4618,780396,590433,ff_face2face_mayoral_evac_0091,2026-09-28T01:29:33.174019+00:00,1.0,SEMI_SYNTHETIC
edge_662185_881405_4619,662185,881405,crisismmd_harvey_img_49102,2026-09-27T00:20:10.433946+00:00,1.0,SEMI_SYNTHETIC
edge_344983_465052_4620,344983,465052,dfdc_syn_bridge_collapse_84920,2026-09-27T01:55:18.683779+00:00,1.0,SEMI_SYNTHETIC
edge_192994_685924_4621,192994,685924,crisislex_california_fire_81729,2026-09-28T01:42:06.216951+00:00,1.0,SEMI_SYNTHETIC
edge_877419_57800_4622,877419,57800,crisislex_california_fire_81729,2026-09-28T01:44:14.182198+00:00,1.0,SEMI_SYNTHETIC
edge_253734_149816_4623,253734,149816,crisislex_california_fire_81729,2026-09-28T01:44:40.945557+00:00,1.0,SEMI_SYNTHETIC
edge_199570_463065_4624,199570,463065,dfdc_syn_bridge_collapse_84920,2026-09-27T01:55:28.490777+00:00,1.0,SEMI_SYNTHETIC
edge_804981_793171_4625,804981,793171,ff_face2face_mayoral_evac_0091,2026-09-28T01:30:35.912466+00:00,1.0,SEMI_SYNTHETIC
edge_759290_329544_4626,759290,329544,crisismmd_harvey_img_49102,2026-09-27T00:20:10.585879+00:00,1.0,SEMI_SYNTHETIC
edge_970343_435110_4627,970343,435110,dfdc_syn_bridge_collapse_84920,2026-09-27T01:55:30.260283+00:00,1.0,SEMI_SYNTHETIC
edge_868630_916496_4628,868630,916496,humaid_irma_2017_001928,2026-09-28T00:07:41.147673+00:00,1.0,SEMI_SYNTHETIC
edge_532879_495968_4629,532879,495968,humaid_irma_2017_001928,2026-09-28T00:08:53.306051+00:00,1.0,SEMI_SYNTHETIC
edge_296662_325734_4630,296662,325734,crisislex_california_fire_81729,2026-09-28T01:47:33.469326+00:00,1.0,SEMI_SYNTHETIC
edge_632572_695436_4631,632572,695436,crisismmd_harvey_img_49102,2026-09-27T00:20:12.957007+00:00,1.0,SEMI_SYNTHETIC
edge_253867_393588_4632,253867,393588,crisismmd_harvey_img_49102,2026-09-27T00:20:15.008236+00:00,1.0,SEMI_SYNTHETIC
edge_105559_912628_4633,105559,912628,humaid_irma_2017_001928,2026-09-28T00:11:43.340703+00:00,1.0,SEMI_SYNTHETIC
edge_774648_506006_4634,774648,506006,crisismmd_harvey_img_49102,2026-09-27T00:20:17.276441+00:00,1.0,SEMI_SYNTHETIC
edge_757582_314561_4635,757582,314561,crisislex_california_fire_81729,2026-09-28T01:50:26.838986+00:00,1.0,SEMI_SYNTHETIC
edge_385329_705559_4636,385329,705559,humaid_irma_2017_001928,2026-09-28T00:12:49.981569+00:00,1.0,SEMI_SYNTHETIC
edge_192114_364335_4637,192114,364335,humaid_irma_2017_001928,2026-09-28T00:15:31.984769+00:00,1.0,SEMI_SYNTHETIC
edge_831909_915997_4638,831909,915997,dfdc_syn_bridge_collapse_84920,2026-09-27T01:55:44.989545+00:00,1.0,SEMI_SYNTHETIC
edge_924996_195691_4639,924996,195691,ff_face2face_mayoral_evac_0091,2026-09-28T01:31:08.714205+00:00,1.0,SEMI_SYNTHETIC
edge_147807_771485_4640,147807,771485,crisismmd_harvey_img_49102,2026-09-27T00:20:19.516707+00:00,1.0,SEMI_SYNTHETIC
edge_313208_65718_4641,313208,65718,humaid_irma_2017_001928,2026-09-28T00:16:59.879013+00:00,1.0,SEMI_SYNTHETIC
edge_385913_248632_4642,385913,248632,crisismmd_harvey_img_49102,2026-09-27T00:20:21.073779+00:00,1.0,SEMI_SYNTHETIC
edge_209069_858799_4643,209069,858799,ff_face2face_mayoral_evac_0091,2026-09-28T01:32:59.974098+00:00,1.0,SEMI_SYNTHETIC
edge_812644_111255_4644,812644,111255,ff_face2face_mayoral_evac_0091,2026-09-28T01:33:14.050475+00:00,1.0,SEMI_SYNTHETIC
edge_447883_125983_4645,447883,125983,humaid_irma_2017_001928,2026-09-28T00:17:17.381338+00:00,1.0,SEMI_SYNTHETIC
edge_548385_197123_4646,548385,197123,humaid_irma_2017_001928,2026-09-28T00:19:31.936861+00:00,1.0,SEMI_SYNTHETIC
edge_848072_896365_4647,848072,896365,crisislex_california_fire_81729,2026-09-28T01:50:53.526730+00:00,1.0,SEMI_SYNTHETIC
edge_558408_518069_4648,558408,518069,ff_face2face_mayoral_evac_0091,2026-09-28T01:35:15.645892+00:00,1.0,SEMI_SYNTHETIC
edge_563063_519825_4649,563063,519825,crisislex_california_fire_81729,2026-09-28T01:52:23.959199+00:00,1.0,SEMI_SYNTHETIC
edge_668202_307949_4650,668202,307949,crisismmd_harvey_img_49102,2026-09-27T00:20:23.412011+00:00,1.0,SEMI_SYNTHETIC
edge_572354_326319_4651,572354,326319,crisislex_california_fire_81729,2026-09-28T01:53:38.866806+00:00,1.0,SEMI_SYNTHETIC
edge_173664_564634_4652,173664,564634,ff_face2face_mayoral_evac_0091,2026-09-28T01:36:47.013494+00:00,1.0,SEMI_SYNTHETIC
edge_715932_352699_4653,715932,352699,dfdc_syn_bridge_collapse_84920,2026-09-27T01:55:57.527253+00:00,1.0,SEMI_SYNTHETIC
edge_378789_277099_4654,378789,277099,crisismmd_harvey_img_49102,2026-09-27T00:20:24.585840+00:00,1.0,SEMI_SYNTHETIC
edge_829009_443864_4655,829009,443864,humaid_irma_2017_001928,2026-09-28T00:21:01.175564+00:00,1.0,SEMI_SYNTHETIC
edge_937264_114604_4656,937264,114604,crisislex_california_fire_81729,2026-09-28T01:54:26.597474+00:00,1.0,SEMI_SYNTHETIC
edge_682706_731401_4657,682706,731401,crisislex_california_fire_81729,2026-09-28T01:56:15.875484+00:00,1.0,SEMI_SYNTHETIC
edge_93289_342102_4658,93289,342102,crisismmd_harvey_img_49102,2026-09-27T00:20:26.143996+00:00,1.0,SEMI_SYNTHETIC
edge_562447_144797_4659,562447,144797,ff_face2face_mayoral_evac_0091,2026-09-28T01:37:41.797524+00:00,1.0,SEMI_SYNTHETIC
edge_809918_835148_4660,809918,835148,ff_face2face_mayoral_evac_0091,2026-09-28T01:39:08.202388+00:00,1.0,SEMI_SYNTHETIC
edge_378149_327569_4661,378149,327569,humaid_irma_2017_001928,2026-09-28T00:21:25.455748+00:00,1.0,SEMI_SYNTHETIC
edge_981115_592735_4662,981115,592735,crisismmd_harvey_img_49102,2026-09-27T00:20:28.214460+00:00,1.0,SEMI_SYNTHETIC
edge_627161_343364_4663,627161,343364,crisislex_california_fire_81729,2026-09-28T01:56:34.173954+00:00,1.0,SEMI_SYNTHETIC
edge_372913_976712_4664,372913,976712,humaid_irma_2017_001928,2026-09-28T00:23:37.814806+00:00,1.0,SEMI_SYNTHETIC
edge_843200_581144_4665,843200,581144,dfdc_syn_bridge_collapse_84920,2026-09-27T01:56:01.890423+00:00,1.0,SEMI_SYNTHETIC
edge_123524_316975_4666,123524,316975,dfdc_syn_bridge_collapse_84920,2026-09-27T01:56:04.282326+00:00,1.0,SEMI_SYNTHETIC
edge_513826_524496_4667,513826,524496,dfdc_syn_bridge_collapse_84920,2026-09-27T01:56:17.037416+00:00,1.0,SEMI_SYNTHETIC
edge_155223_451042_4668,155223,451042,humaid_irma_2017_001928,2026-09-28T00:26:12.674172+00:00,1.0,SEMI_SYNTHETIC
edge_320155_598933_4669,320155,598933,crisismmd_harvey_img_49102,2026-09-27T00:20:29.123297+00:00,1.0,SEMI_SYNTHETIC
edge_600961_541971_4670,600961,541971,humaid_irma_2017_001928,2026-09-28T00:27:48.911913+00:00,1.0,SEMI_SYNTHETIC
edge_671753_407457_4671,671753,407457,crisislex_california_fire_81729,2026-09-28T01:59:07.472231+00:00,1.0,SEMI_SYNTHETIC
edge_420756_426650_4672,420756,426650,crisislex_california_fire_81729,2026-09-28T02:00:44.172554+00:00,1.0,SEMI_SYNTHETIC
edge_240434_451508_4673,240434,451508,dfdc_syn_bridge_collapse_84920,2026-09-27T01:56:29.214092+00:00,1.0,SEMI_SYNTHETIC
edge_338069_679399_4674,338069,679399,humaid_irma_2017_001928,2026-09-28T00:28:03.586410+00:00,1.0,SEMI_SYNTHETIC
edge_735239_336147_4675,735239,336147,crisismmd_harvey_img_49102,2026-09-27T00:20:30.707604+00:00,1.0,SEMI_SYNTHETIC
edge_442827_488667_4676,442827,488667,crisismmd_harvey_img_49102,2026-09-27T00:20:31.062860+00:00,1.0,SEMI_SYNTHETIC
edge_530650_819539_4677,530650,819539,crisismmd_harvey_img_49102,2026-09-27T00:20:32.154810+00:00,1.0,SEMI_SYNTHETIC
edge_162328_837614_4678,162328,837614,crisismmd_harvey_img_49102,2026-09-27T00:20:32.494273+00:00,1.0,SEMI_SYNTHETIC
edge_183993_823894_4679,183993,823894,ff_face2face_mayoral_evac_0091,2026-09-28T01:41:30.460535+00:00,1.0,SEMI_SYNTHETIC
edge_400364_270406_4680,400364,270406,humaid_irma_2017_001928,2026-09-28T00:28:35.625087+00:00,1.0,SEMI_SYNTHETIC
edge_203412_738259_4681,203412,738259,ff_face2face_mayoral_evac_0091,2026-09-28T01:42:57.233880+00:00,1.0,SEMI_SYNTHETIC
edge_117257_823674_4682,117257,823674,crisismmd_harvey_img_49102,2026-09-27T00:20:33.839050+00:00,1.0,SEMI_SYNTHETIC
edge_82823_303243_4683,82823,303243,dfdc_syn_bridge_collapse_84920,2026-09-27T01:56:41.024931+00:00,1.0,SEMI_SYNTHETIC
edge_198421_729380_4684,198421,729380,ff_face2face_mayoral_evac_0091,2026-09-28T01:43:14.619448+00:00,1.0,SEMI_SYNTHETIC
edge_519517_654228_4685,519517,654228,dfdc_syn_bridge_collapse_84920,2026-09-27T01:56:48.854084+00:00,1.0,SEMI_SYNTHETIC
edge_96924_412265_4686,96924,412265,humaid_irma_2017_001928,2026-09-28T00:30:24.854634+00:00,1.0,SEMI_SYNTHETIC
edge_861462_432346_4687,861462,432346,ff_face2face_mayoral_evac_0091,2026-09-28T01:44:31.073818+00:00,1.0,SEMI_SYNTHETIC
edge_848068_609166_4688,848068,609166,crisismmd_harvey_img_49102,2026-09-27T00:20:34.665641+00:00,1.0,SEMI_SYNTHETIC
edge_210689_785497_4689,210689,785497,crisislex_california_fire_81729,2026-09-28T02:01:19.532349+00:00,1.0,SEMI_SYNTHETIC
edge_394818_794229_4690,394818,794229,dfdc_syn_bridge_collapse_84920,2026-09-27T01:57:02.010373+00:00,1.0,SEMI_SYNTHETIC
edge_739232_242612_4691,739232,242612,humaid_irma_2017_001928,2026-09-28T00:32:57.246322+00:00,1.0,SEMI_SYNTHETIC
edge_836263_33462_4692,836263,33462,ff_face2face_mayoral_evac_0091,2026-09-28T01:46:28.394554+00:00,1.0,SEMI_SYNTHETIC
edge_35697_381942_4693,35697,381942,dfdc_syn_bridge_collapse_84920,2026-09-27T01:57:12.383879+00:00,1.0,SEMI_SYNTHETIC
edge_881177_552138_4694,881177,552138,humaid_irma_2017_001928,2026-09-28T00:35:35.717102+00:00,1.0,SEMI_SYNTHETIC
edge_898142_151483_4695,898142,151483,crisislex_california_fire_81729,2026-09-28T02:03:46.252714+00:00,1.0,SEMI_SYNTHETIC
edge_597411_503161_4696,597411,503161,crisislex_california_fire_81729,2026-09-28T02:04:20.565192+00:00,1.0,SEMI_SYNTHETIC
edge_92304_402437_4697,92304,402437,dfdc_syn_bridge_collapse_84920,2026-09-27T01:57:17.436403+00:00,1.0,SEMI_SYNTHETIC
edge_906422_721521_4698,906422,721521,dfdc_syn_bridge_collapse_84920,2026-09-27T01:57:29.015062+00:00,1.0,SEMI_SYNTHETIC
edge_741284_546561_4699,741284,546561,humaid_irma_2017_001928,2026-09-28T00:36:38.765682+00:00,1.0,SEMI_SYNTHETIC
edge_12334_160427_4700,12334,160427,dfdc_syn_bridge_collapse_84920,2026-09-27T01:57:34.423142+00:00,1.0,SEMI_SYNTHETIC
edge_791021_107251_4701,791021,107251,ff_face2face_mayoral_evac_0091,2026-09-28T01:46:44.948461+00:00,1.0,SEMI_SYNTHETIC
edge_320286_169265_4702,320286,169265,humaid_irma_2017_001928,2026-09-28T00:39:05.899948+00:00,1.0,SEMI_SYNTHETIC
edge_119645_789779_4703,119645,789779,crisislex_california_fire_81729,2026-09-28T02:05:48.556313+00:00,1.0,SEMI_SYNTHETIC
edge_141222_968529_4704,141222,968529,crisismmd_harvey_img_49102,2026-09-27T00:20:36.596667+00:00,1.0,SEMI_SYNTHETIC
edge_291850_889950_4705,291850,889950,dfdc_syn_bridge_collapse_84920,2026-09-27T01:57:41.831287+00:00,1.0,SEMI_SYNTHETIC
edge_992892_281577_4706,992892,281577,ff_face2face_mayoral_evac_0091,2026-09-28T01:48:58.307925+00:00,1.0,SEMI_SYNTHETIC
edge_13890_935359_4707,13890,935359,crisismmd_harvey_img_49102,2026-09-27T00:20:38.180436+00:00,1.0,SEMI_SYNTHETIC
edge_794118_424515_4708,794118,424515,dfdc_syn_bridge_collapse_84920,2026-09-27T01:57:46.288338+00:00,1.0,SEMI_SYNTHETIC
edge_325054_452435_4709,325054,452435,crisislex_california_fire_81729,2026-09-28T02:06:47.674505+00:00,1.0,SEMI_SYNTHETIC
edge_482824_280833_4710,482824,280833,ff_face2face_mayoral_evac_0091,2026-09-28T01:49:11.184560+00:00,1.0,SEMI_SYNTHETIC
edge_980414_201366_4711,980414,201366,humaid_irma_2017_001928,2026-09-28T00:41:15.379871+00:00,1.0,SEMI_SYNTHETIC
edge_569746_613656_4712,569746,613656,dfdc_syn_bridge_collapse_84920,2026-09-27T01:57:48.514586+00:00,1.0,SEMI_SYNTHETIC
edge_246830_37470_4713,246830,37470,crisismmd_harvey_img_49102,2026-09-27T00:20:38.989210+00:00,1.0,SEMI_SYNTHETIC
edge_314708_261262_4714,314708,261262,ff_face2face_mayoral_evac_0091,2026-09-28T01:51:59.458124+00:00,1.0,SEMI_SYNTHETIC
edge_822538_835148_4715,822538,835148,ff_face2face_mayoral_evac_0091,2026-09-28T01:53:28.317578+00:00,1.0,SEMI_SYNTHETIC
edge_551866_629196_4716,551866,629196,crisislex_california_fire_81729,2026-09-28T02:09:16.446963+00:00,1.0,SEMI_SYNTHETIC
edge_36584_106491_4717,36584,106491,humaid_irma_2017_001928,2026-09-28T00:43:58.070998+00:00,1.0,SEMI_SYNTHETIC
edge_519908_296090_4718,519908,296090,ff_face2face_mayoral_evac_0091,2026-09-28T01:55:53.966084+00:00,1.0,SEMI_SYNTHETIC
edge_216853_788938_4719,216853,788938,dfdc_syn_bridge_collapse_84920,2026-09-27T01:57:58.668376+00:00,1.0,SEMI_SYNTHETIC
edge_473837_311381_4720,473837,311381,humaid_irma_2017_001928,2026-09-28T00:45:23.576704+00:00,1.0,SEMI_SYNTHETIC
edge_34773_447859_4721,34773,447859,ff_face2face_mayoral_evac_0091,2026-09-28T01:58:25.431139+00:00,1.0,SEMI_SYNTHETIC
edge_360421_381560_4722,360421,381560,humaid_irma_2017_001928,2026-09-28T00:46:19.145123+00:00,1.0,SEMI_SYNTHETIC
edge_704135_494567_4723,704135,494567,ff_face2face_mayoral_evac_0091,2026-09-28T01:59:51.546754+00:00,1.0,SEMI_SYNTHETIC
edge_995790_721824_4724,995790,721824,crisislex_california_fire_81729,2026-09-28T02:11:30.616875+00:00,1.0,SEMI_SYNTHETIC
edge_868305_159571_4725,868305,159571,crisislex_california_fire_81729,2026-09-28T02:14:28.175404+00:00,1.0,SEMI_SYNTHETIC
edge_68092_569746_4726,68092,569746,dfdc_syn_bridge_collapse_84920,2026-09-27T01:58:04.711079+00:00,1.0,SEMI_SYNTHETIC
edge_234859_608745_4727,234859,608745,crisislex_california_fire_81729,2026-09-28T02:16:17.388600+00:00,1.0,SEMI_SYNTHETIC
edge_488530_137211_4728,488530,137211,humaid_irma_2017_001928,2026-09-28T00:49:11.876750+00:00,1.0,SEMI_SYNTHETIC
edge_458341_219700_4729,458341,219700,ff_face2face_mayoral_evac_0091,2026-09-28T02:00:38.344259+00:00,1.0,SEMI_SYNTHETIC
edge_984226_363511_4730,984226,363511,dfdc_syn_bridge_collapse_84920,2026-09-27T01:58:09.533727+00:00,1.0,SEMI_SYNTHETIC
edge_355578_422766_4731,355578,422766,crisislex_california_fire_81729,2026-09-28T02:18:47.244748+00:00,1.0,SEMI_SYNTHETIC
edge_861517_570130_4732,861517,570130,dfdc_syn_bridge_collapse_84920,2026-09-27T01:58:22.232037+00:00,1.0,SEMI_SYNTHETIC
edge_263153_538373_4733,263153,538373,ff_face2face_mayoral_evac_0091,2026-09-28T02:02:41.187102+00:00,1.0,SEMI_SYNTHETIC
edge_419486_899272_4734,419486,899272,dfdc_syn_bridge_collapse_84920,2026-09-27T01:58:34.306469+00:00,1.0,SEMI_SYNTHETIC
edge_116187_82481_4735,116187,82481,humaid_irma_2017_001928,2026-09-28T00:50:35.048336+00:00,1.0,SEMI_SYNTHETIC
edge_933623_717256_4736,933623,717256,dfdc_syn_bridge_collapse_84920,2026-09-27T01:58:46.853060+00:00,1.0,SEMI_SYNTHETIC
edge_625983_126463_4737,625983,126463,ff_face2face_mayoral_evac_0091,2026-09-28T02:03:14.349175+00:00,1.0,SEMI_SYNTHETIC
edge_326942_810216_4738,326942,810216,dfdc_syn_bridge_collapse_84920,2026-09-27T01:59:00.935539+00:00,1.0,SEMI_SYNTHETIC
edge_994268_369536_4739,994268,369536,crisislex_california_fire_81729,2026-09-28T02:20:28.214259+00:00,1.0,SEMI_SYNTHETIC
edge_638411_329037_4740,638411,329037,crisismmd_harvey_img_49102,2026-09-27T00:20:39.954696+00:00,1.0,SEMI_SYNTHETIC
edge_769482_767440_4741,769482,767440,crisismmd_harvey_img_49102,2026-09-27T00:20:41.642085+00:00,1.0,SEMI_SYNTHETIC
edge_389706_562447_4742,389706,562447,ff_face2face_mayoral_evac_0091,2026-09-28T02:04:31.929744+00:00,1.0,SEMI_SYNTHETIC
edge_661310_464515_4743,661310,464515,crisislex_california_fire_81729,2026-09-28T02:22:59.951928+00:00,1.0,SEMI_SYNTHETIC
edge_831844_659334_4744,831844,659334,ff_face2face_mayoral_evac_0091,2026-09-28T02:07:29.364792+00:00,1.0,SEMI_SYNTHETIC
edge_352572_880708_4745,352572,880708,humaid_irma_2017_001928,2026-09-28T00:52:38.476134+00:00,1.0,SEMI_SYNTHETIC
edge_280451_16892_4746,280451,16892,ff_face2face_mayoral_evac_0091,2026-09-28T02:07:51.335035+00:00,1.0,SEMI_SYNTHETIC
edge_252208_48551_4747,252208,48551,crisislex_california_fire_81729,2026-09-28T02:24:56.507833+00:00,1.0,SEMI_SYNTHETIC
edge_905163_203213_4748,905163,203213,crisislex_california_fire_81729,2026-09-28T02:26:33.546777+00:00,1.0,SEMI_SYNTHETIC
edge_729950_540822_4749,729950,540822,ff_face2face_mayoral_evac_0091,2026-09-28T02:10:22.810407+00:00,1.0,SEMI_SYNTHETIC
edge_987448_190616_4750,987448,190616,crisislex_california_fire_81729,2026-09-28T02:29:08.505335+00:00,1.0,SEMI_SYNTHETIC
edge_719119_438705_4751,719119,438705,humaid_irma_2017_001928,2026-09-28T00:53:33.304465+00:00,1.0,SEMI_SYNTHETIC
edge_954813_432857_4752,954813,432857,ff_face2face_mayoral_evac_0091,2026-09-28T02:13:14.087282+00:00,1.0,SEMI_SYNTHETIC
edge_85310_443301_4753,85310,443301,crisismmd_harvey_img_49102,2026-09-27T00:20:43.481219+00:00,1.0,SEMI_SYNTHETIC
edge_233685_864596_4754,233685,864596,crisislex_california_fire_81729,2026-09-28T02:30:51.486893+00:00,1.0,SEMI_SYNTHETIC
edge_514042_832987_4755,514042,832987,crisislex_california_fire_81729,2026-09-28T02:33:05.116849+00:00,1.0,SEMI_SYNTHETIC
edge_811717_54993_4756,811717,54993,dfdc_syn_bridge_collapse_84920,2026-09-27T01:59:13.534119+00:00,1.0,SEMI_SYNTHETIC
edge_967413_781051_4757,967413,781051,ff_face2face_mayoral_evac_0091,2026-09-28T02:15:07.370901+00:00,1.0,SEMI_SYNTHETIC
edge_25676_591395_4758,25676,591395,crisislex_california_fire_81729,2026-09-28T02:33:26.356843+00:00,1.0,SEMI_SYNTHETIC
edge_609329_18454_4759,609329,18454,dfdc_syn_bridge_collapse_84920,2026-09-27T01:59:17.688714+00:00,1.0,SEMI_SYNTHETIC
edge_938525_572723_4760,938525,572723,dfdc_syn_bridge_collapse_84920,2026-09-27T01:59:32.373866+00:00,1.0,SEMI_SYNTHETIC
edge_941202_94120_4761,941202,94120,ff_face2face_mayoral_evac_0091,2026-09-28T02:17:34.228257+00:00,1.0,SEMI_SYNTHETIC
edge_346465_236093_4762,346465,236093,ff_face2face_mayoral_evac_0091,2026-09-28T02:19:23.367728+00:00,1.0,SEMI_SYNTHETIC
edge_808606_525028_4763,808606,525028,dfdc_syn_bridge_collapse_84920,2026-09-27T01:59:46.481820+00:00,1.0,SEMI_SYNTHETIC
edge_976571_416045_4764,976571,416045,crisismmd_harvey_img_49102,2026-09-27T00:20:45.222325+00:00,1.0,SEMI_SYNTHETIC
edge_128453_144797_4765,128453,144797,ff_face2face_mayoral_evac_0091,2026-09-28T02:21:43.714195+00:00,1.0,SEMI_SYNTHETIC
edge_58582_268281_4766,58582,268281,humaid_irma_2017_001928,2026-09-28T00:53:55.950002+00:00,1.0,SEMI_SYNTHETIC
edge_533954_462476_4767,533954,462476,humaid_irma_2017_001928,2026-09-28T00:55:48.799968+00:00,1.0,SEMI_SYNTHETIC
edge_829708_72389_4768,829708,72389,crisismmd_harvey_img_49102,2026-09-27T00:20:46.083759+00:00,1.0,SEMI_SYNTHETIC
edge_512172_773181_4769,512172,773181,ff_face2face_mayoral_evac_0091,2026-09-28T02:23:52.476269+00:00,1.0,SEMI_SYNTHETIC
edge_169324_675320_4770,169324,675320,humaid_irma_2017_001928,2026-09-28T00:56:27.994142+00:00,1.0,SEMI_SYNTHETIC
edge_131875_411156_4771,131875,411156,crisismmd_harvey_img_49102,2026-09-27T00:20:48.474630+00:00,1.0,SEMI_SYNTHETIC
edge_349739_985402_4772,349739,985402,ff_face2face_mayoral_evac_0091,2026-09-28T02:25:09.672134+00:00,1.0,SEMI_SYNTHETIC
edge_371444_970040_4773,371444,970040,humaid_irma_2017_001928,2026-09-28T00:58:08.976000+00:00,1.0,SEMI_SYNTHETIC
edge_766530_842487_4774,766530,842487,crisislex_california_fire_81729,2026-09-28T02:35:12.878407+00:00,1.0,SEMI_SYNTHETIC
edge_616988_166338_4775,616988,166338,crisislex_california_fire_81729,2026-09-28T02:35:56.124519+00:00,1.0,SEMI_SYNTHETIC
edge_277235_169649_4776,277235,169649,crisismmd_harvey_img_49102,2026-09-27T00:20:48.736505+00:00,1.0,SEMI_SYNTHETIC
edge_237091_308262_4777,237091,308262,crisismmd_harvey_img_49102,2026-09-27T00:20:50.473760+00:00,1.0,SEMI_SYNTHETIC
edge_382397_989555_4778,382397,989555,ff_face2face_mayoral_evac_0091,2026-09-28T02:25:21.686542+00:00,1.0,SEMI_SYNTHETIC
edge_592600_112463_4779,592600,112463,ff_face2face_mayoral_evac_0091,2026-09-28T02:27:58.370230+00:00,1.0,SEMI_SYNTHETIC
edge_55048_962538_4780,55048,962538,dfdc_syn_bridge_collapse_84920,2026-09-27T01:59:50.355828+00:00,1.0,SEMI_SYNTHETIC
edge_616115_455385_4781,616115,455385,dfdc_syn_bridge_collapse_84920,2026-09-27T01:59:51.804855+00:00,1.0,SEMI_SYNTHETIC
edge_244012_917509_4782,244012,917509,crisismmd_harvey_img_49102,2026-09-27T00:20:52.959903+00:00,1.0,SEMI_SYNTHETIC
edge_760902_889950_4783,760902,889950,dfdc_syn_bridge_collapse_84920,2026-09-27T02:00:03.996049+00:00,1.0,SEMI_SYNTHETIC
edge_457489_850215_4784,457489,850215,dfdc_syn_bridge_collapse_84920,2026-09-27T02:00:06.161193+00:00,1.0,SEMI_SYNTHETIC
edge_150230_648720_4785,150230,648720,crisismmd_harvey_img_49102,2026-09-27T00:20:54.367348+00:00,1.0,SEMI_SYNTHETIC
edge_581232_189041_4786,581232,189041,crisislex_california_fire_81729,2026-09-28T02:37:22.486669+00:00,1.0,SEMI_SYNTHETIC
edge_742102_586444_4787,742102,586444,humaid_irma_2017_001928,2026-09-28T00:59:33.241101+00:00,1.0,SEMI_SYNTHETIC
edge_776895_194888_4788,776895,194888,dfdc_syn_bridge_collapse_84920,2026-09-27T02:00:15.970422+00:00,1.0,SEMI_SYNTHETIC
edge_391086_872276_4789,391086,872276,crisismmd_harvey_img_49102,2026-09-27T00:20:55.264189+00:00,1.0,SEMI_SYNTHETIC
edge_815918_688473_4790,815918,688473,humaid_irma_2017_001928,2026-09-28T01:01:10.496588+00:00,1.0,SEMI_SYNTHETIC
edge_59971_17804_4791,59971,17804,dfdc_syn_bridge_collapse_84920,2026-09-27T02:00:18.773920+00:00,1.0,SEMI_SYNTHETIC
edge_347891_325076_4792,347891,325076,ff_face2face_mayoral_evac_0091,2026-09-28T02:28:10.195239+00:00,1.0,SEMI_SYNTHETIC
edge_294915_443007_4793,294915,443007,crisislex_california_fire_81729,2026-09-28T02:38:11.742013+00:00,1.0,SEMI_SYNTHETIC
edge_612213_821459_4794,612213,821459,crisismmd_harvey_img_49102,2026-09-27T00:20:55.838168+00:00,1.0,SEMI_SYNTHETIC
edge_41599_162724_4795,41599,162724,ff_face2face_mayoral_evac_0091,2026-09-28T02:30:30.673650+00:00,1.0,SEMI_SYNTHETIC
edge_452527_946389_4796,452527,946389,humaid_irma_2017_001928,2026-09-28T01:03:48.600605+00:00,1.0,SEMI_SYNTHETIC
edge_718901_304895_4797,718901,304895,ff_face2face_mayoral_evac_0091,2026-09-28T02:32:24.750423+00:00,1.0,SEMI_SYNTHETIC
edge_964080_82753_4798,964080,82753,dfdc_syn_bridge_collapse_84920,2026-09-27T02:00:22.662698+00:00,1.0,SEMI_SYNTHETIC
edge_496861_322856_4799,496861,322856,humaid_irma_2017_001928,2026-09-28T01:05:04.821518+00:00,1.0,SEMI_SYNTHETIC
edge_38803_379366_4800,38803,379366,crisislex_california_fire_81729,2026-09-28T02:39:10.599043+00:00,1.0,SEMI_SYNTHETIC
edge_880460_967827_4801,880460,967827,humaid_irma_2017_001928,2026-09-28T01:06:38.087763+00:00,1.0,SEMI_SYNTHETIC
edge_386087_90813_4802,386087,90813,crisislex_california_fire_81729,2026-09-28T02:39:21.209842+00:00,1.0,SEMI_SYNTHETIC
edge_610986_463980_4803,610986,463980,humaid_irma_2017_001928,2026-09-28T01:08:39.301244+00:00,1.0,SEMI_SYNTHETIC
edge_355921_232652_4804,355921,232652,ff_face2face_mayoral_evac_0091,2026-09-28T02:32:51.532056+00:00,1.0,SEMI_SYNTHETIC
edge_149627_670827_4805,149627,670827,crisismmd_harvey_img_49102,2026-09-27T00:20:56.832115+00:00,1.0,SEMI_SYNTHETIC
edge_212486_121664_4806,212486,121664,crisislex_california_fire_81729,2026-09-28T02:42:10.236071+00:00,1.0,SEMI_SYNTHETIC
edge_786124_951506_4807,786124,951506,ff_face2face_mayoral_evac_0091,2026-09-28T02:34:49.645430+00:00,1.0,SEMI_SYNTHETIC
edge_922644_455503_4808,922644,455503,crisismmd_harvey_img_49102,2026-09-27T00:20:58.124781+00:00,1.0,SEMI_SYNTHETIC
edge_969064_48551_4809,969064,48551,crisislex_california_fire_81729,2026-09-28T02:43:22.138580+00:00,1.0,SEMI_SYNTHETIC
edge_885376_528671_4810,885376,528671,dfdc_syn_bridge_collapse_84920,2026-09-27T02:00:35.101697+00:00,1.0,SEMI_SYNTHETIC
edge_52338_571109_4811,52338,571109,ff_face2face_mayoral_evac_0091,2026-09-28T02:36:59.346567+00:00,1.0,SEMI_SYNTHETIC
edge_277100_626708_4812,277100,626708,ff_face2face_mayoral_evac_0091,2026-09-28T02:37:56.327831+00:00,1.0,SEMI_SYNTHETIC
edge_17332_757263_4813,17332,757263,crisismmd_harvey_img_49102,2026-09-27T00:21:00.150401+00:00,1.0,SEMI_SYNTHETIC
edge_848098_625380_4814,848098,625380,crisislex_california_fire_81729,2026-09-28T02:44:52.189514+00:00,1.0,SEMI_SYNTHETIC
edge_240881_572625_4815,240881,572625,crisismmd_harvey_img_49102,2026-09-27T00:21:02.234763+00:00,1.0,SEMI_SYNTHETIC
edge_392169_115985_4816,392169,115985,crisismmd_harvey_img_49102,2026-09-27T00:21:04.637861+00:00,1.0,SEMI_SYNTHETIC
edge_436524_909343_4817,436524,909343,dfdc_syn_bridge_collapse_84920,2026-09-27T02:00:36.734435+00:00,1.0,SEMI_SYNTHETIC
edge_723681_781041_4818,723681,781041,ff_face2face_mayoral_evac_0091,2026-09-28T02:39:30.635147+00:00,1.0,SEMI_SYNTHETIC
edge_753064_486438_4819,753064,486438,ff_face2face_mayoral_evac_0091,2026-09-28T02:42:28.839778+00:00,1.0,SEMI_SYNTHETIC
edge_272263_221378_4820,272263,221378,crisismmd_harvey_img_49102,2026-09-27T00:21:05.860427+00:00,1.0,SEMI_SYNTHETIC
edge_945541_611080_4821,945541,611080,humaid_irma_2017_001928,2026-09-28T01:09:04.220979+00:00,1.0,SEMI_SYNTHETIC
edge_803261_896365_4822,803261,896365,crisislex_california_fire_81729,2026-09-28T02:46:39.164338+00:00,1.0,SEMI_SYNTHETIC
edge_824311_103624_4823,824311,103624,crisismmd_harvey_img_49102,2026-09-27T00:21:07.542741+00:00,1.0,SEMI_SYNTHETIC
edge_18139_747277_4824,18139,747277,ff_face2face_mayoral_evac_0091,2026-09-28T02:44:39.424162+00:00,1.0,SEMI_SYNTHETIC
edge_146214_985729_4825,146214,985729,dfdc_syn_bridge_collapse_84920,2026-09-27T02:00:41.546559+00:00,1.0,SEMI_SYNTHETIC
edge_17374_40885_4826,17374,40885,crisislex_california_fire_81729,2026-09-28T02:49:20.145106+00:00,1.0,SEMI_SYNTHETIC
edge_776008_315831_4827,776008,315831,ff_face2face_mayoral_evac_0091,2026-09-28T02:45:37.153918+00:00,1.0,SEMI_SYNTHETIC
edge_896718_892937_4828,896718,892937,crisislex_california_fire_81729,2026-09-28T02:51:38.512337+00:00,1.0,SEMI_SYNTHETIC
edge_990461_648570_4829,990461,648570,ff_face2face_mayoral_evac_0091,2026-09-28T02:46:05.026451+00:00,1.0,SEMI_SYNTHETIC
edge_934768_985729_4830,934768,985729,dfdc_syn_bridge_collapse_84920,2026-09-27T02:00:45.503970+00:00,1.0,SEMI_SYNTHETIC
edge_683928_623350_4831,683928,623350,crisismmd_harvey_img_49102,2026-09-27T00:21:09.760777+00:00,1.0,SEMI_SYNTHETIC
edge_120009_79439_4832,120009,79439,crisislex_california_fire_81729,2026-09-28T02:54:14.844985+00:00,1.0,SEMI_SYNTHETIC
edge_740518_424205_4833,740518,424205,crisismmd_harvey_img_49102,2026-09-27T00:21:11.723039+00:00,1.0,SEMI_SYNTHETIC
edge_625918_918988_4834,625918,918988,crisislex_california_fire_81729,2026-09-28T02:54:26.298980+00:00,1.0,SEMI_SYNTHETIC
edge_695216_896718_4835,695216,896718,crisislex_california_fire_81729,2026-09-28T02:57:22.936028+00:00,1.0,SEMI_SYNTHETIC
edge_274923_870263_4836,274923,870263,crisismmd_harvey_img_49102,2026-09-27T00:21:12.573358+00:00,1.0,SEMI_SYNTHETIC
edge_432567_90458_4837,432567,90458,crisismmd_harvey_img_49102,2026-09-27T00:21:13.338407+00:00,1.0,SEMI_SYNTHETIC
edge_981245_822514_4838,981245,822514,dfdc_syn_bridge_collapse_84920,2026-09-27T02:00:56.917413+00:00,1.0,SEMI_SYNTHETIC
edge_124426_577092_4839,124426,577092,dfdc_syn_bridge_collapse_84920,2026-09-27T02:01:02.085468+00:00,1.0,SEMI_SYNTHETIC
edge_617900_410945_4840,617900,410945,humaid_irma_2017_001928,2026-09-28T01:11:53.457048+00:00,1.0,SEMI_SYNTHETIC
edge_677765_464515_4841,677765,464515,crisislex_california_fire_81729,2026-09-28T02:58:08.516683+00:00,1.0,SEMI_SYNTHETIC
edge_830842_20654_4842,830842,20654,crisislex_california_fire_81729,2026-09-28T03:00:24.447945+00:00,1.0,SEMI_SYNTHETIC
edge_976716_910201_4843,976716,910201,ff_face2face_mayoral_evac_0091,2026-09-28T02:47:16.885077+00:00,1.0,SEMI_SYNTHETIC
edge_406798_932932_4844,406798,932932,crisismmd_harvey_img_49102,2026-09-27T00:21:14.438342+00:00,1.0,SEMI_SYNTHETIC
edge_50834_844080_4845,50834,844080,crisismmd_harvey_img_49102,2026-09-27T00:21:16.928736+00:00,1.0,SEMI_SYNTHETIC
edge_855540_515583_4846,855540,515583,dfdc_syn_bridge_collapse_84920,2026-09-27T02:01:03.880517+00:00,1.0,SEMI_SYNTHETIC
edge_699531_156054_4847,699531,156054,ff_face2face_mayoral_evac_0091,2026-09-28T02:48:46.052671+00:00,1.0,SEMI_SYNTHETIC
edge_174335_662004_4848,174335,662004,humaid_irma_2017_001928,2026-09-28T01:13:27.085069+00:00,1.0,SEMI_SYNTHETIC
edge_257774_524496_4849,257774,524496,dfdc_syn_bridge_collapse_84920,2026-09-27T02:01:14.897469+00:00,1.0,SEMI_SYNTHETIC
edge_725252_945566_4850,725252,945566,ff_face2face_mayoral_evac_0091,2026-09-28T02:50:34.931956+00:00,1.0,SEMI_SYNTHETIC
edge_726572_490921_4851,726572,490921,dfdc_syn_bridge_collapse_84920,2026-09-27T02:01:19.036385+00:00,1.0,SEMI_SYNTHETIC
edge_713564_738723_4852,713564,738723,crisismmd_harvey_img_49102,2026-09-27T00:21:17.498098+00:00,1.0,SEMI_SYNTHETIC
edge_733488_550472_4853,733488,550472,humaid_irma_2017_001928,2026-09-28T01:14:25.491460+00:00,1.0,SEMI_SYNTHETIC
edge_88471_899272_4854,88471,899272,dfdc_syn_bridge_collapse_84920,2026-09-27T02:01:33.596490+00:00,1.0,SEMI_SYNTHETIC
edge_384273_521177_4855,384273,521177,crisislex_california_fire_81729,2026-09-28T03:01:30.503614+00:00,1.0,SEMI_SYNTHETIC
edge_166024_257745_4856,166024,257745,crisismmd_harvey_img_49102,2026-09-27T00:21:19.265764+00:00,1.0,SEMI_SYNTHETIC
edge_334186_203385_4857,334186,203385,ff_face2face_mayoral_evac_0091,2026-09-28T02:51:04.234799+00:00,1.0,SEMI_SYNTHETIC
edge_126556_961973_4858,126556,961973,crisismmd_harvey_img_49102,2026-09-27T00:21:20.718406+00:00,1.0,SEMI_SYNTHETIC
edge_107773_25649_4859,107773,25649,humaid_irma_2017_001928,2026-09-28T01:16:09.163554+00:00,1.0,SEMI_SYNTHETIC
edge_893675_108626_4860,893675,108626,dfdc_syn_bridge_collapse_84920,2026-09-27T02:01:41.283017+00:00,1.0,SEMI_SYNTHETIC
edge_187062_829009_4861,187062,829009,humaid_irma_2017_001928,2026-09-28T01:17:33.555463+00:00,1.0,SEMI_SYNTHETIC
edge_392392_570270_4862,392392,570270,crisislex_california_fire_81729,2026-09-28T03:03:30.851874+00:00,1.0,SEMI_SYNTHETIC
edge_14583_416045_4863,14583,416045,crisismmd_harvey_img_49102,2026-09-27T00:21:21.824597+00:00,1.0,SEMI_SYNTHETIC
edge_359141_455503_4864,359141,455503,crisismmd_harvey_img_49102,2026-09-27T00:21:22.811917+00:00,1.0,SEMI_SYNTHETIC
edge_532630_34813_4865,532630,34813,ff_face2face_mayoral_evac_0091,2026-09-28T02:51:50.316616+00:00,1.0,SEMI_SYNTHETIC
edge_236898_355578_4866,236898,355578,crisislex_california_fire_81729,2026-09-28T03:05:23.823448+00:00,1.0,SEMI_SYNTHETIC
edge_768303_903719_4867,768303,903719,dfdc_syn_bridge_collapse_84920,2026-09-27T02:01:49.117238+00:00,1.0,SEMI_SYNTHETIC
edge_196586_903140_4868,196586,903140,crisismmd_harvey_img_49102,2026-09-27T00:21:24.540015+00:00,1.0,SEMI_SYNTHETIC
edge_885714_327180_4869,885714,327180,dfdc_syn_bridge_collapse_84920,2026-09-27T02:01:55.721541+00:00,1.0,SEMI_SYNTHETIC
edge_166936_191361_4870,166936,191361,ff_face2face_mayoral_evac_0091,2026-09-28T02:54:31.581253+00:00,1.0,SEMI_SYNTHETIC
edge_119244_460137_4871,119244,460137,ff_face2face_mayoral_evac_0091,2026-09-28T02:55:45.250459+00:00,1.0,SEMI_SYNTHETIC
edge_34911_898142_4872,34911,898142,crisislex_california_fire_81729,2026-09-28T03:05:40.134905+00:00,1.0,SEMI_SYNTHETIC
edge_68528_469259_4873,68528,469259,humaid_irma_2017_001928,2026-09-28T01:20:26.107036+00:00,1.0,SEMI_SYNTHETIC
edge_638236_481300_4874,638236,481300,dfdc_syn_bridge_collapse_84920,2026-09-27T02:02:00.261461+00:00,1.0,SEMI_SYNTHETIC
edge_588009_460809_4875,588009,460809,dfdc_syn_bridge_collapse_84920,2026-09-27T02:02:14.034564+00:00,1.0,SEMI_SYNTHETIC
edge_676048_298465_4876,676048,298465,dfdc_syn_bridge_collapse_84920,2026-09-27T02:02:25.603293+00:00,1.0,SEMI_SYNTHETIC
edge_831241_473837_4877,831241,473837,humaid_irma_2017_001928,2026-09-28T01:22:42.014580+00:00,1.0,SEMI_SYNTHETIC
edge_513719_740140_4878,513719,740140,dfdc_syn_bridge_collapse_84920,2026-09-27T02:02:28.177942+00:00,1.0,SEMI_SYNTHETIC
edge_596390_392746_4879,596390,392746,dfdc_syn_bridge_collapse_84920,2026-09-27T02:02:42.052962+00:00,1.0,SEMI_SYNTHETIC
edge_303316_391456_4880,303316,391456,dfdc_syn_bridge_collapse_84920,2026-09-27T02:02:50.205672+00:00,1.0,SEMI_SYNTHETIC
edge_781057_749513_4881,781057,749513,humaid_irma_2017_001928,2026-09-28T01:23:45.659190+00:00,1.0,SEMI_SYNTHETIC
edge_429670_329891_4882,429670,329891,ff_face2face_mayoral_evac_0091,2026-09-28T02:58:09.429073+00:00,1.0,SEMI_SYNTHETIC
edge_788570_991104_4883,788570,991104,dfdc_syn_bridge_collapse_84920,2026-09-27T02:03:00.907246+00:00,1.0,SEMI_SYNTHETIC
edge_65591_748918_4884,65591,748918,humaid_irma_2017_001928,2026-09-28T01:26:42.403815+00:00,1.0,SEMI_SYNTHETIC
edge_349784_458497_4885,349784,458497,crisismmd_harvey_img_49102,2026-09-27T00:21:25.638312+00:00,1.0,SEMI_SYNTHETIC
edge_868231_983661_4886,868231,983661,crisismmd_harvey_img_49102,2026-09-27T00:21:26.916879+00:00,1.0,SEMI_SYNTHETIC
edge_173191_862353_4887,173191,862353,humaid_irma_2017_001928,2026-09-28T01:28:42.348319+00:00,1.0,SEMI_SYNTHETIC
edge_493427_133365_4888,493427,133365,crisismmd_harvey_img_49102,2026-09-27T00:21:29.217237+00:00,1.0,SEMI_SYNTHETIC
edge_960156_94050_4889,960156,94050,crisislex_california_fire_81729,2026-09-28T03:07:09.316894+00:00,1.0,SEMI_SYNTHETIC
edge_295825_480359_4890,295825,480359,humaid_irma_2017_001928,2026-09-28T01:30:07.406521+00:00,1.0,SEMI_SYNTHETIC
edge_100608_720029_4891,100608,720029,ff_face2face_mayoral_evac_0091,2026-09-28T02:59:39.006535+00:00,1.0,SEMI_SYNTHETIC
edge_582266_868305_4892,582266,868305,crisislex_california_fire_81729,2026-09-28T03:08:46.688241+00:00,1.0,SEMI_SYNTHETIC
edge_946987_885365_4893,946987,885365,ff_face2face_mayoral_evac_0091,2026-09-28T03:01:17.823490+00:00,1.0,SEMI_SYNTHETIC
edge_468801_36927_4894,468801,36927,humaid_irma_2017_001928,2026-09-28T01:32:17.671961+00:00,1.0,SEMI_SYNTHETIC
edge_997240_139274_4895,997240,139274,crisismmd_harvey_img_49102,2026-09-27T00:21:29.787337+00:00,1.0,SEMI_SYNTHETIC
edge_21088_308889_4896,21088,308889,crisismmd_harvey_img_49102,2026-09-27T00:21:30.816599+00:00,1.0,SEMI_SYNTHETIC
edge_330459_188169_4897,330459,188169,humaid_irma_2017_001928,2026-09-28T01:34:24.967491+00:00,1.0,SEMI_SYNTHETIC
edge_620935_93927_4898,620935,93927,crisislex_california_fire_81729,2026-09-28T03:11:19.167571+00:00,1.0,SEMI_SYNTHETIC
edge_593683_550472_4899,593683,550472,humaid_irma_2017_001928,2026-09-28T01:37:04.587429+00:00,1.0,SEMI_SYNTHETIC
edge_889183_701281_4900,889183,701281,dfdc_syn_bridge_collapse_84920,2026-09-27T02:03:15.668989+00:00,1.0,SEMI_SYNTHETIC
edge_723989_737277_4901,723989,737277,humaid_irma_2017_001928,2026-09-28T01:37:28.993369+00:00,1.0,SEMI_SYNTHETIC
edge_504174_420771_4902,504174,420771,humaid_irma_2017_001928,2026-09-28T01:39:07.784280+00:00,1.0,SEMI_SYNTHETIC
edge_952053_503161_4903,952053,503161,crisislex_california_fire_81729,2026-09-28T03:13:41.673131+00:00,1.0,SEMI_SYNTHETIC
edge_67476_820883_4904,67476,820883,dfdc_syn_bridge_collapse_84920,2026-09-27T02:03:17.220723+00:00,1.0,SEMI_SYNTHETIC
edge_617105_225917_4905,617105,225917,crisismmd_harvey_img_49102,2026-09-27T00:21:31.056315+00:00,1.0,SEMI_SYNTHETIC
edge_442310_219700_4906,442310,219700,ff_face2face_mayoral_evac_0091,2026-09-28T03:03:09.330931+00:00,1.0,SEMI_SYNTHETIC
edge_878931_712667_4907,878931,712667,humaid_irma_2017_001928,2026-09-28T01:40:13.463204+00:00,1.0,SEMI_SYNTHETIC
edge_530473_794845_4908,530473,794845,humaid_irma_2017_001928,2026-09-28T01:40:32.174284+00:00,1.0,SEMI_SYNTHETIC
edge_165815_187160_4909,165815,187160,crisismmd_harvey_img_49102,2026-09-27T00:21:31.223700+00:00,1.0,SEMI_SYNTHETIC
edge_667161_268317_4910,667161,268317,crisismmd_harvey_img_49102,2026-09-27T00:21:32.680531+00:00,1.0,SEMI_SYNTHETIC
edge_660226_194257_4911,660226,194257,crisislex_california_fire_81729,2026-09-28T03:14:21.529412+00:00,1.0,SEMI_SYNTHETIC
edge_689919_426166_4912,689919,426166,ff_face2face_mayoral_evac_0091,2026-09-28T03:04:21.291576+00:00,1.0,SEMI_SYNTHETIC
edge_633905_53046_4913,633905,53046,crisismmd_harvey_img_49102,2026-09-27T00:21:34.316540+00:00,1.0,SEMI_SYNTHETIC
edge_168699_726137_4914,168699,726137,ff_face2face_mayoral_evac_0091,2026-09-28T03:06:38.479812+00:00,1.0,SEMI_SYNTHETIC
edge_68884_543879_4915,68884,543879,crisislex_california_fire_81729,2026-09-28T03:16:41.333207+00:00,1.0,SEMI_SYNTHETIC
edge_315891_820822_4916,315891,820822,ff_face2face_mayoral_evac_0091,2026-09-28T03:07:36.796098+00:00,1.0,SEMI_SYNTHETIC
edge_490862_34851_4917,490862,34851,crisismmd_harvey_img_49102,2026-09-27T00:21:34.639538+00:00,1.0,SEMI_SYNTHETIC
edge_844898_905072_4918,844898,905072,crisislex_california_fire_81729,2026-09-28T03:19:01.782769+00:00,1.0,SEMI_SYNTHETIC
edge_569492_992413_4919,569492,992413,crisislex_california_fire_81729,2026-09-28T03:21:22.928654+00:00,1.0,SEMI_SYNTHETIC
edge_530517_734549_4920,530517,734549,ff_face2face_mayoral_evac_0091,2026-09-28T03:09:57.206920+00:00,1.0,SEMI_SYNTHETIC
edge_655269_452488_4921,655269,452488,ff_face2face_mayoral_evac_0091,2026-09-28T03:10:58.407287+00:00,1.0,SEMI_SYNTHETIC
edge_46553_727002_4922,46553,727002,crisislex_california_fire_81729,2026-09-28T03:22:59.482443+00:00,1.0,SEMI_SYNTHETIC
edge_189217_552084_4923,189217,552084,dfdc_syn_bridge_collapse_84920,2026-09-27T02:03:31.604759+00:00,1.0,SEMI_SYNTHETIC
edge_38111_862353_4924,38111,862353,humaid_irma_2017_001928,2026-09-28T01:42:36.727161+00:00,1.0,SEMI_SYNTHETIC
edge_812006_366470_4925,812006,366470,crisislex_california_fire_81729,2026-09-28T03:24:44.315427+00:00,1.0,SEMI_SYNTHETIC
edge_955146_701691_4926,955146,701691,dfdc_syn_bridge_collapse_84920,2026-09-27T02:03:46.240959+00:00,1.0,SEMI_SYNTHETIC
edge_913455_198440_4927,913455,198440,humaid_irma_2017_001928,2026-09-28T01:45:21.604650+00:00,1.0,SEMI_SYNTHETIC
edge_649304_176148_4928,649304,176148,crisislex_california_fire_81729,2026-09-28T03:25:36.863929+00:00,1.0,SEMI_SYNTHETIC
edge_384305_333404_4929,384305,333404,crisismmd_harvey_img_49102,2026-09-27T00:21:36.171028+00:00,1.0,SEMI_SYNTHETIC
edge_768343_444346_4930,768343,444346,ff_face2face_mayoral_evac_0091,2026-09-28T03:11:28.430644+00:00,1.0,SEMI_SYNTHETIC
edge_806246_675095_4931,806246,675095,crisismmd_harvey_img_49102,2026-09-27T00:21:37.934660+00:00,1.0,SEMI_SYNTHETIC
edge_372980_991949_4932,372980,991949,dfdc_syn_bridge_collapse_84920,2026-09-27T02:03:49.310113+00:00,1.0,SEMI_SYNTHETIC
edge_320909_544414_4933,320909,544414,ff_face2face_mayoral_evac_0091,2026-09-28T03:13:31.089269+00:00,1.0,SEMI_SYNTHETIC
edge_976145_811717_4934,976145,811717,dfdc_syn_bridge_collapse_84920,2026-09-27T02:04:01.827016+00:00,1.0,SEMI_SYNTHETIC
edge_805550_651003_4935,805550,651003,humaid_irma_2017_001928,2026-09-28T01:47:33.709129+00:00,1.0,SEMI_SYNTHETIC
edge_329865_445544_4936,329865,445544,ff_face2face_mayoral_evac_0091,2026-09-28T03:16:26.285546+00:00,1.0,SEMI_SYNTHETIC
edge_118730_981841_4937,118730,981841,crisismmd_harvey_img_49102,2026-09-27T00:21:38.453472+00:00,1.0,SEMI_SYNTHETIC
edge_198992_40750_4938,198992,40750,crisislex_california_fire_81729,2026-09-28T03:28:23.068583+00:00,1.0,SEMI_SYNTHETIC
edge_857954_46660_4939,857954,46660,ff_face2face_mayoral_evac_0091,2026-09-28T03:16:49.634396+00:00,1.0,SEMI_SYNTHETIC
edge_916255_175777_4940,916255,175777,dfdc_syn_bridge_collapse_84920,2026-09-27T02:04:11.527943+00:00,1.0,SEMI_SYNTHETIC
edge_996404_53681_4941,996404,53681,ff_face2face_mayoral_evac_0091,2026-09-28T03:18:44.978892+00:00,1.0,SEMI_SYNTHETIC
edge_805336_221459_4942,805336,221459,crisismmd_harvey_img_49102,2026-09-27T00:21:39.222546+00:00,1.0,SEMI_SYNTHETIC
edge_981195_36584_4943,981195,36584,humaid_irma_2017_001928,2026-09-28T01:48:23.761155+00:00,1.0,SEMI_SYNTHETIC
edge_971480_27531_4944,971480,27531,crisislex_california_fire_81729,2026-09-28T03:31:21.559766+00:00,1.0,SEMI_SYNTHETIC
edge_359040_702598_4945,359040,702598,crisismmd_harvey_img_49102,2026-09-27T00:21:41.632692+00:00,1.0,SEMI_SYNTHETIC
edge_949327_250134_4946,949327,250134,humaid_irma_2017_001928,2026-09-28T01:51:21.699257+00:00,1.0,SEMI_SYNTHETIC
edge_563633_989713_4947,563633,989713,crisislex_california_fire_81729,2026-09-28T03:31:36.186378+00:00,1.0,SEMI_SYNTHETIC
edge_711580_919069_4948,711580,919069,crisismmd_harvey_img_49102,2026-09-27T00:21:42.881133+00:00,1.0,SEMI_SYNTHETIC
edge_591314_919181_4949,591314,919181,humaid_irma_2017_001928,2026-09-28T01:54:08.289982+00:00,1.0,SEMI_SYNTHETIC
edge_949794_456004_4950,949794,456004,dfdc_syn_bridge_collapse_84920,2026-09-27T02:04:22.401457+00:00,1.0,SEMI_SYNTHETIC
edge_918474_851214_4951,918474,851214,ff_face2face_mayoral_evac_0091,2026-09-28T03:18:59.776780+00:00,1.0,SEMI_SYNTHETIC
edge_481346_325296_4952,481346,325296,dfdc_syn_bridge_collapse_84920,2026-09-27T02:04:24.831390+00:00,1.0,SEMI_SYNTHETIC
edge_717985_356489_4953,717985,356489,crisismmd_harvey_img_49102,2026-09-27T00:21:43.560187+00:00,1.0,SEMI_SYNTHETIC
edge_322739_37168_4954,322739,37168,ff_face2face_mayoral_evac_0091,2026-09-28T03:19:21.235762+00:00,1.0,SEMI_SYNTHETIC
edge_120247_961973_4955,120247,961973,crisismmd_harvey_img_49102,2026-09-27T00:21:44.664275+00:00,1.0,SEMI_SYNTHETIC
edge_898600_937506_4956,898600,937506,humaid_irma_2017_001928,2026-09-28T01:54:53.940159+00:00,1.0,SEMI_SYNTHETIC
edge_91342_796486_4957,91342,796486,ff_face2face_mayoral_evac_0091,2026-09-28T03:21:02.965430+00:00,1.0,SEMI_SYNTHETIC
edge_430835_124466_4958,430835,124466,crisismmd_harvey_img_49102,2026-09-27T00:21:45.596395+00:00,1.0,SEMI_SYNTHETIC
edge_558285_78492_4959,558285,78492,crisismmd_harvey_img_49102,2026-09-27T00:21:46.735615+00:00,1.0,SEMI_SYNTHETIC
edge_365035_727857_4960,365035,727857,dfdc_syn_bridge_collapse_84920,2026-09-27T02:04:34.630093+00:00,1.0,SEMI_SYNTHETIC
edge_463814_996540_4961,463814,996540,dfdc_syn_bridge_collapse_84920,2026-09-27T02:04:48.438276+00:00,1.0,SEMI_SYNTHETIC
edge_977146_871431_4962,977146,871431,crisismmd_harvey_img_49102,2026-09-27T00:21:48.837650+00:00,1.0,SEMI_SYNTHETIC
edge_173912_855891_4963,173912,855891,crisislex_california_fire_81729,2026-09-28T03:33:55.586952+00:00,1.0,SEMI_SYNTHETIC
edge_171601_561499_4964,171601,561499,crisislex_california_fire_81729,2026-09-28T03:36:53.912192+00:00,1.0,SEMI_SYNTHETIC
edge_656860_810962_4965,656860,810962,humaid_irma_2017_001928,2026-09-28T01:56:57.814462+00:00,1.0,SEMI_SYNTHETIC
edge_792019_609678_4966,792019,609678,ff_face2face_mayoral_evac_0091,2026-09-28T03:21:28.464474+00:00,1.0,SEMI_SYNTHETIC
edge_467681_271912_4967,467681,271912,humaid_irma_2017_001928,2026-09-28T01:57:43.171939+00:00,1.0,SEMI_SYNTHETIC
edge_581620_985729_4968,581620,985729,dfdc_syn_bridge_collapse_84920,2026-09-27T02:05:00.465348+00:00,1.0,SEMI_SYNTHETIC
edge_504087_149712_4969,504087,149712,ff_face2face_mayoral_evac_0091,2026-09-28T03:24:19.070457+00:00,1.0,SEMI_SYNTHETIC
edge_16597_425225_4970,16597,425225,ff_face2face_mayoral_evac_0091,2026-09-28T03:26:34.663227+00:00,1.0,SEMI_SYNTHETIC
edge_93879_284315_4971,93879,284315,ff_face2face_mayoral_evac_0091,2026-09-28T03:28:00.965315+00:00,1.0,SEMI_SYNTHETIC
edge_242641_933798_4972,242641,933798,humaid_irma_2017_001928,2026-09-28T01:59:02.310922+00:00,1.0,SEMI_SYNTHETIC
edge_748441_165815_4973,748441,165815,crisismmd_harvey_img_49102,2026-09-27T00:21:50.889488+00:00,1.0,SEMI_SYNTHETIC
edge_145334_598297_4974,145334,598297,dfdc_syn_bridge_collapse_84920,2026-09-27T02:05:06.255072+00:00,1.0,SEMI_SYNTHETIC
edge_277061_711765_4975,277061,711765,ff_face2face_mayoral_evac_0091,2026-09-28T03:29:35.915297+00:00,1.0,SEMI_SYNTHETIC
edge_73853_957560_4976,73853,957560,crisismmd_harvey_img_49102,2026-09-27T00:21:52.263265+00:00,1.0,SEMI_SYNTHETIC
edge_587504_104634_4977,587504,104634,ff_face2face_mayoral_evac_0091,2026-09-28T03:30:23.421778+00:00,1.0,SEMI_SYNTHETIC
edge_53787_746720_4978,53787,746720,ff_face2face_mayoral_evac_0091,2026-09-28T03:33:10.294529+00:00,1.0,SEMI_SYNTHETIC
edge_556525_588009_4979,556525,588009,dfdc_syn_bridge_collapse_84920,2026-09-27T02:05:11.890015+00:00,1.0,SEMI_SYNTHETIC
edge_490408_776895_4980,490408,776895,dfdc_syn_bridge_collapse_84920,2026-09-27T02:05:26.625471+00:00,1.0,SEMI_SYNTHETIC
edge_573543_73853_4981,573543,73853,crisismmd_harvey_img_49102,2026-09-27T00:21:52.613492+00:00,1.0,SEMI_SYNTHETIC
edge_916207_615489_4982,916207,615489,humaid_irma_2017_001928,2026-09-28T02:00:13.457391+00:00,1.0,SEMI_SYNTHETIC
edge_648291_550069_4983,648291,550069,ff_face2face_mayoral_evac_0091,2026-09-28T03:33:59.878464+00:00,1.0,SEMI_SYNTHETIC
edge_713729_876621_4984,713729,876621,crisismmd_harvey_img_49102,2026-09-27T00:21:53.949250+00:00,1.0,SEMI_SYNTHETIC
edge_83980_948107_4985,83980,948107,dfdc_syn_bridge_collapse_84920,2026-09-27T02:05:30.526678+00:00,1.0,SEMI_SYNTHETIC
edge_497844_885958_4986,497844,885958,dfdc_syn_bridge_collapse_84920,2026-09-27T02:05:35.494607+00:00,1.0,SEMI_SYNTHETIC
edge_260768_350645_4987,260768,350645,ff_face2face_mayoral_evac_0091,2026-09-28T03:34:14.809725+00:00,1.0,SEMI_SYNTHETIC
edge_892762_282379_4988,892762,282379,crisismmd_harvey_img_49102,2026-09-27T00:21:56.305290+00:00,1.0,SEMI_SYNTHETIC
edge_677083_510892_4989,677083,510892,dfdc_syn_bridge_collapse_84920,2026-09-27T02:05:42.399048+00:00,1.0,SEMI_SYNTHETIC
edge_59491_713564_4990,59491,713564,crisismmd_harvey_img_49102,2026-09-27T00:21:56.900480+00:00,1.0,SEMI_SYNTHETIC
edge_766380_677830_4991,766380,677830,dfdc_syn_bridge_collapse_84920,2026-09-27T02:05:51.461937+00:00,1.0,SEMI_SYNTHETIC
edge_269785_319242_4992,269785,319242,ff_face2face_mayoral_evac_0091,2026-09-28T03:34:40.299685+00:00,1.0,SEMI_SYNTHETIC
edge_822710_762697_4993,822710,762697,crisislex_california_fire_81729,2026-09-28T03:38:50.086427+00:00,1.0,SEMI_SYNTHETIC
edge_868374_357148_4994,868374,357148,humaid_irma_2017_001928,2026-09-28T02:01:55.399871+00:00,1.0,SEMI_SYNTHETIC
edge_490650_988911_4995,490650,988911,ff_face2face_mayoral_evac_0091,2026-09-28T03:35:37.934283+00:00,1.0,SEMI_SYNTHETIC
edge_344254_951506_4996,344254,951506,ff_face2face_mayoral_evac_0091,2026-09-28T03:37:11.404651+00:00,1.0,SEMI_SYNTHETIC
edge_740687_673877_4997,740687,673877,crisismmd_harvey_img_49102,2026-09-27T00:21:58.460047+00:00,1.0,SEMI_SYNTHETIC
edge_651314_983661_4998,651314,983661,crisismmd_harvey_img_49102,2026-09-27T00:21:59.408335+00:00,1.0,SEMI_SYNTHETIC
edge_261648_850042_4999,261648,850042,crisismmd_harvey_img_49102,2026-09-27T00:21:59.569338+00:00,1.0,SEMI_SYNTHETIC
